3.5132e-08,0,0,0,0,0
0.000803188,0,1.7636e-17,0,0,0
0.00153267,0,1.75897e-08,0,0,0
0.00216726,0,9.057e-08,0,0,0
0.0029441,0,2.46009e-07,0,0,0
0.00365204,0,5.63141e-07,0,0,0
0.00428811,0,1.01745e-06,0,0,0
0.00496935,0,1.62558e-06,0,0,0
0.0056156,0,2.46702e-06,0,0,0
0.00632527,0,3.54854e-06,0,0,0
0.00690417,0,4.91414e-06,0,0,0
0.00749246,0,6.35368e-06,0,0,0
0.00812757,0,8.11684e-06,0,0,0
0.00887363,0,1.0428e-05,0,0,0
0.00954574,0,1.33718e-05,0,0,0
0.0102329,0,1.65881e-05,0,0,0
0.0109234,0,2.03487e-05,0,0,0
0.0116527,0,2.47355e-05,0,0,0
0.0124127,0,2.99844e-05,0,0,0
0.0130626,0,3.58048e-05,0,0,0
0.0137573,0,4.17615e-05,0,0,0
0.0145139,0,4.88689e-05,0,0,0
0.0152402,0,5.71138e-05,0,0,0
0.0159224,0,6.57924e-05,0,0,0
0.0165882,0,7.48171e-05,0,0,0
0.01727,0,8.45434e-05,0,0,0
0.018041,0,9.57276e-05,0,0,0
0.0187133,0,0.000108359,0,0,0
0.0194514,0,0.000121186,0,0,0
0.0201043,0,0.000135329,0,0,0
0.0208275,0,0.000149768,0,0,0
0.0214948,0,0.000165888,0,0,0
0.0222295,0,0.000182731,0,0,0
0.0229701,0,0.000201948,0,0,0
0.0236329,0,0.000221854,0,0,0
0.0243051,0,0.000241525,0,0,0
0.0250072,0,0.000262842,0,0,0
0.0257399,0,0.000286403,0,0,0
0.0264538,0,0.000311854,0,0,0
0.0271525,0,0.0003381,0,0,0
0.0278413,0,0.000365241,0,0,0
0.0285348,0,0.000393581,0,0,0
0.029229,0,0.000423502,0,0,0
0.0299143,0,0.000454788,0,0,0
0.0306655,0,0.000488339,0,0,0
0.0313485,0,0.000524621,0,0,0
0.0320399,0,0.000560361,0,0,0
0.0327235,0,0.000597862,0,0,0
0.0334161,0,0.000636869,0,0,0
0.0341708,0,0.000679138,0,0,0
0.0348604,0,0.000724525,0,0,0
0.0355635,0,0.000769311,0,0,0
0.0363179,0,0.000817681,0,0,0
0.0369995,0,0.000868787,0,0,0
0.0376865,0,0.000918499,0,0,0
0.0383324,0,0.000969313,0,0,0
0.0390762,0,0.00102235,0,0,0
0.0398011,0,0.00108219,0,0,0
0.0404664,0,0.00114156,0,0,0
0.0411943,0,0.00120136,0,0,0
0.0418383,0,0.00126452,0,0,0
0.0425767,0,0.0013275,0,0,0
0.0432724,0,0.00139735,0,0,0
0.0439716,0,0.00146684,0,0,0
0.0447006,0,0.00153989,0,0,0
0.0453405,0,0.00161432,0,0,0
0.0460973,0,0.00168876,0,0,0
0.0467742,0,0.00177143,0,0,0
0.0474841,0,0.00185174,0,0,0
0.0481666,0,0.00193604,0,0,0
0.0488506,0,0.00202063,0,0,0
0.0496125,0,0.00211112,0,0,0
0.0502652,0,0.00220643,0,0,0
0.0509933,0,0.00229802,0,0,0
0.0517468,0,0.00240037,0,0,0
0.0524347,0,0.00250511,0,0,0
0.0531298,0,0.00260671,0,0,0
0.0537395,0,0.00270743,0,0,0
0.0544611,0,0.0028076,0,0,0
0.0551949,0,0.00292285,0,0,0
0.0558174,0,0.00303661,0,0,0
0.0564767,0,0.0031428,0,0,0
0.0570962,0,0.00325338,0,0,0
0.0577852,0,0.00336594,0,0,0
0.0584477,0,0.00348789,0,0,0
0.0591634,0,0.00361283,0,0,0
0.0597783,0,0.00374119,0,0,0
0.0604402,0,0.00386258,0,0,0
0.0610748,0,0.00399096,0,0,0
0.0617798,0,0.00412327,0,0,0
0.0625222,0,0.00427079,0,0,0
0.063169,0,0.00442057,0,0,0
0.0639058,0,0.00456652,0,0,0
0.0645436,0,0.00472167,0,0,0
0.0652623,0,0.00487156,0,0,0
0.0659918,0,0.00503785,0,0,0
0.0666443,0,0.00520384,0,0,0
0.0673609,0,0.0053662,0,0,0
0.0679934,0,0.00553559,0,0,0
0.0687313,0,0.00570332,0,0,0
0.0694578,0,0.00589149,0,0,0
0.070116,0,0.00607622,0,0,0
0.0708332,0,0.00625782,0,0,0
0.0714796,0,0.00644739,0,0,0
0.0721822,0,0.00663298,0,0,0
0.0728302,0,0.0068276,0,0,0
0.0735677,0,0.00702429,0,0,0
0.0742672,0,0.00723867,0,0,0
0.0748912,0,0.00744272,0,0,0
0.0755619,0,0.00763983,0,0,0
0.076208,0,0.00784745,0,0,0
0.0768851,0,0.00805718,0,0,0
0.0775431,0,0.00827539,0,0,0
0.0781939,0,0.00849284,0,0,0
0.0787685,0,0.00870416,0,0,0
0.0793447,0,0.00890192,0,0,0
0.080064,0,0.00911907,0,0,0
0.0806735,0,0.00936092,0,0,0
0.0813934,0,0.0095948,0,0,0
0.0820525,0,0.00985177,0,0,0
0.0827553,0,0.0101045,0,0,0
0.0833807,0,0.0103629,0,0,0
0.0840921,0,0.0106173,0,0,0
0.084749,0,0.0108909,0,0,0
0.0854367,0,0.0111598,0,0,0
0.0861372,0,0.011443,0,0,0
0.0867455,0,0.0117227,0,0,0
0.0874618,0,0.0119964,0,0,0
0.0881555,0,0.0123014,0,0,0
0.0887948,0,0.0125987,0,0,0
0.0894952,0,0.0128939,0,0,0
0.0900504,0,0.0131905,0,0,0
0.090782,0,0.013475,0,0,0
0.0914256,0,0.0138031,0,0,0
0.0921196,0,0.0141195,0,0,0
0.0928124,0,0.014456,0,0,0
0.0934016,0,0.0147823,0,0,0
0.0941095,0,0.015099,0,0,0
0.094675,0,0.0154355,0,0,0
0.095383,0,0.0157549,0,0,0
0.0960889,0,0.0161254,0,0,0
0.096679,0,0.0164845,0,0,0
0.0973624,0,0.0168247,0,0,0
0.0980195,0,0.0171969,0,0,0
0.098668,0,0.0175659,0,0,0
0.0993614,0,0.0179455,0,0,0
0.0999675,0,0.018332,0,0,0
0.100634,0,0.0187039,0,0,0
0.101241,0,0.0190916,0,0,0
0.101912,0,0.019476,0,0,0
0.102501,0,0.0198743,0,0,0
0.103134,0,0.020256,0,0,0
0.103814,0,0.0206689,0,0,0
0.104499,0,0.02111,0,0,0
0.105089,0,0.0215429,0,0,0
0.105611,0,0.0219283,0,0,0
0.106346,0,0.0223313,0,0,0
0.106984,0,0.0228104,0,0,0
0.107604,0,0.0232584,0,0,0
0.108215,0,0.0237003,0,0,0
0.108814,0,0.0241415,0,0,0
0.109427,0,0.0245863,0,0,0
0.109975,0,0.0250289,0,0,0
0.110597,0,0.0254647,0,0,0
0.111201,0,0.0259357,0,0,0
0.111859,0,0.0264216,0,0,0
0.11246,0,0.0269278,0,0,0
0.113078,0,0.0274201,0,0,0
0.113713,0,0.0279298,0,0,0
0.114276,0,0.0284396,0,0,0
0.1149,0,0.0289362,0,0,0
0.115484,0,0.0294581,0,0,0
0.116078,0,0.0299729,0,0,0
0.116707,0,0.0305083,0,0,0
0.117191,0,0.0310335,0,0,0
0.117835,0,0.0315305,0,0,0
0.118619,0,0.0321534,0,0,0
0.119075,0,0.0327895,0,0,0
0.119585,0,0.0332727,0,0,0
0.12008,0,0.033764,0,0,0
0.120691,0,0.0342872,0,0,0
0.121275,0,0.0348797,0,0,0
0.121817,0,0.035464,0,0,0
0.122343,0,0.0360257,0,0,0
0.122914,0,0.0365947,0,0,0
0.123486,0,0.037199,0,0,0
0.123916,0,0.037775,0,0,0
0.124446,0,0.0382988,0,0,0
0.124924,0,0.0388634,0,0,0
0.125466,0,0.039431,0,0,0
0.126037,0,0.0400547,0,0,0
0.126587,0,0.0407089,0,0,0
0.127106,0,0.0413549,0,0,0
0.127586,0,0.041975,0,0,0
0.128116,0,0.0425889,0,0,0
0.12861,0,0.0432298,0,0,0
0.129161,0,0.0438807,0,0,0
0.129701,0,0.0445762,0,0,0
0.130168,0,0.0452588,0,0,0
0.130646,0,0.0459017,0,0,0
0.131161,0,0.0465636,0,0,0
0.131705,0,0.0472741,0,0,0
0.132202,0,0.0480101,0,0,0
0.132668,0,0.0487178,0,0,0
0.133155,0,0.0494131,0,0,0
0.133624,0,0.0501227,0,0,0
0.134275,0,0.0509008,0,0,0
0.134552,0,0.0516997,0,0,0
0.135054,0,0.052324,0,0,0
0.135534,0,0.0530663,0,0,0
0.135962,0,0.0538159,0,0,0
0.136447,0,0.0545596,0,0,0
0.136857,0,0.0553251,0,0,0
0.137338,0,0.0560779,0,0,0
0.137747,0,0.0568621,0,0,0
0.138215,0,0.0576351,0,0,0
0.138651,0,0.0584483,0,0,0
0.13905,0,0.0592443,0,0,0
0.139492,0,0.0600329,0,0,0
0.139893,0,0.0608472,0,0,0
0.140323,0,0.0616604,0,0,0
0.140755,0,0.0625085,0,0,0
0.141063,0,0.0633278,0,0,0
0.142063,0,0.0643543,0,0,0
0.142306,0,0.0657327,0,0,0
0.142695,0,0.066679,0,0,0
0.143026,0,0.0675674,0,0,0
0.143436,0,0.0684291,0,0,0
0.143739,0,0.069312,0,0,0
0.144113,0,0.0701527,0,0,0
0.144676,0,0.071144,0,0,0
0.144903,0,0.0722271,0,0,0
0.145247,0,0.0731127,0,0,0
0.145473,0,0.0739696,0,0,0
0.145784,0,0.0747554,0,0,0
0.146079,0,0.0755891,0,0,0
0.146472,0,0.0764921,0,0,0
0.146753,0,0.0774788,0,0,0
0.146997,0,0.078393,0,0,0
0.147324,0,0.0792894,0,0,0
0.147597,0,0.0802427,0,0,0
0.147883,0,0.0811931,0,0,0
0.148191,0,0.0821807,0,0,0
0.148374,0,0.0831561,0,0,0
0.148624,0,0.0840462,0,0,0
0.148868,0,0.0849654,0,0,0
0.149108,0,0.0859062,0,0,0
0.149271,0,0.086824,0,0,0
0.149522,0,0.0877093,0,0,0
0.149698,0,0.0886358,0,0,0
0.149986,0,0.0895864,0,0,0
0.150123,0,0.0905969,0,0,0
0.150423,0,0.0915953,0,0,0
0.150592,0,0.0927005,0,0,0
0.150736,0,0.0937323,0,0,0
0.150957,0,0.0947502,0,0,0
0.151039,0,0.0957731,0,0,0
0.151293,0,0.0967648,0,0,0
0.151439,0,0.0978774,0,0,0
0.151564,0,0.0989584,0,0,0
0.151664,0,0.0999905,0,0,0
0.151763,0,0.100972,0,0,0
0.151903,0,0.101954,0,0,0
0.151961,0,0.102943,0,0,0
0.152088,0,0.103901,0,0,0
0.152203,0,0.104922,0,0,0
0.152334,0,0.106009,0,0,0
0.152398,0,0.10714,0,0,0
0.15251,0,0.108277,0,0,0
0.152519,0,0.109428,0,0,0
0.152568,0,0.110507,0,0,0
0.152657,0,0.11162,0,0,0
0.152635,0,0.11275,0,0,0
0.152702,0,0.113841,0,0,0
0.152713,0,0.114984,0,0,0
0.152677,0,0.116087,0,0,0
0.15274,0,0.117186,0,0,0
0.152667,0,0.118323,0,0,0
0.152672,0,0.119399,0,0,0
0.152616,0,0.120484,0,0,0
0.152606,0,0.121552,0,0,0
0.15256,0,0.122652,0,0,0
0.152528,0,0.123768,0,0,0
0.152486,0,0.124931,0,0,0
0.152421,0,0.126135,0,0,0
0.152236,0,0.127278,0,0,0
0.15219,0,0.128316,0,0,0
0.152111,0,0.129418,0,0,0
0.151967,0,0.130511,0,0,0
0.151966,0,0.131644,0,0,0
0.151758,0,0.132872,0,0,0
0.15168,0,0.134056,0,0,0
0.151566,0,0.135365,0,0,0
0.151292,0,0.136668,0,0,0
0.15116,0,0.137879,0,0,0
0.150891,0,0.139081,0,0,0
0.150814,0,0.140262,0,0,0
0.150586,0,0.141592,0,0,0
0.150281,0,0.142855,0,0,0
0.150102,0,0.14405,0,0,0
0.149757,0,0.145206,0,0,0
0.149636,0,0.146287,0,0,0
0.149351,0,0.147464,0,0,0
0.149107,0,0.148595,0,0,0
0.148899,0,0.149777,0,0,0
0.148611,0,0.151041,0,0,0
0.14832,0,0.152335,0,0,0
0.14798,0,0.153649,0,0,0
0.147607,0,0.154917,0,0,0
0.147248,0,0.156095,0,0,0
0.146982,0,0.157266,0,0,0
0.146595,0,0.158478,0,0,0
0.146291,0,0.159674,0,0,0
0.145884,0,0.160898,0,0,0
0.145574,0,0.162133,0,0,0
0.145136,0,0.163442,0,0,0
0.144809,0,0.164831,0,0,0
0.14421,0,0.16629,0,0,0
0.143711,0,0.167575,0,0,0
0.143286,0,0.168804,0,0,0
0.142855,0,0.170076,0,0,0
0.142383,0,0.171412,0,0,0
0.141873,0,0.1728,0,0,0
0.141261,0,0.174147,0,0,0
0.140775,0,0.175416,0,0,0
0.140262,0,0.17674,0,0,0
0.139691,0,0.178107,0,0,0
0.139062,0,0.179435,0,0,0
0.138541,0,0.180742,0,0,0
0.137912,0,0.182102,0,0,0
0.137327,0,0.183486,0,0,0
0.136662,0,0.184954,0,0,0
0.135866,0,0.186352,0,0,0
0.135262,0,0.187634,0,0,0
0.1346,0,0.188945,0,0,0
0.133929,0,0.190249,0,0,0
0.133259,0,0.191565,0,0,0
0.132547,0,0.1929,0,0,0
0.131845,0,0.194267,0,0,0
0.131036,0,0.195637,0,0,0
0.130306,0,0.196976,0,0,0
0.129492,0,0.198301,0,0,0
0.12873,0,0.199549,0,0,0
0.128086,0,0.200895,0,0,0
0.127078,0,0.202266,0,0,0
0.126366,0,0.203502,0,0,0
0.125522,0,0.204743,0,0,0
0.124755,0,0.205899,0,0,0
0.124072,0,0.207116,0,0,0
0.123174,0,0.208403,0,0,0
0.122343,0,0.209653,0,0,0
0.121441,0,0.210842,0,0,0
0.120681,0,0.211959,0,0,0
0.119901,0,0.213123,0,0,0
0.118996,0,0.214245,0,0,0
0.118257,0,0.215285,0,0,0
0.117523,0,0.216417,0,0,0
0.116589,0,0.217605,0,0,0
0.115679,0,0.218671,0,0,0
0.114992,0,0.219769,0,0,0
0.114039,0,0.221028,0,0,0
0.112974,0,0.222218,0,0,0
0.112079,0,0.223262,0,0,0
0.111339,0,0.224407,0,0,0
0.110242,0,0.225684,0,0,0
0.109154,0,0.226845,0,0,0
0.108254,0,0.22794,0,0,0
0.107293,0,0.229086,0,0,0
0.106226,0,0.230179,0,0,0
0.105328,0,0.231188,0,0,0
0.10445,0,0.232272,0,0,0
0.103356,0,0.233363,0,0,0
0.102893,0,0.235485,0,0,0
0.0994562,0,0.237926,0,0,0
0.0976972,0,0.239204,0,0,0
0.0967765,0,0.240149,0,0,0
0.0957907,0,0.241088,0,0,0
0.0948701,0,0.242054,0,0,0
0.0945078,0,0.244853,0,0,0
0.0890623,0,0.247567,0,0,0
0.0877504,0,0.248585,0,0,0
0.0867181,0,0.249521,0,0,0
0.0856714,0,0.250615,0,0,0
0.0842356,0,0.251765,0,0,0
0.0828978,0,0.252745,0,0,0
0.081868,0,0.253732,0,0,0
0.0805384,0,0.254721,0,0,0
0.0793893,0,0.25562,0,0,0
0.0782899,0,0.256501,0,0,0
0.0771709,0,0.257384,0,0,0
0.0760298,0,0.258247,0,0,0
0.0749384,0,0.259131,0,0,0
0.0737082,0,0.259934,0,0,0
0.0729115,0,0.261267,0,0,0
0.0703809,0,0.262595,0,0,0
0.0691392,0,0.264211,0,0,0
0.066081,0,0.265567,0,0,0
0.0647711,0,0.266458,0,0,0
0.0634469,0,0.267278,0,0,0
0.0622992,0,0.268122,0,0,0
0.0609421,0,0.268946,0,0,0
0.0597304,0,0.269724,0,0,0
0.0585426,0,0.270574,0,0,0
0.0571083,0,0.271384,0,0,0
0.0559033,0,0.272211,0,0,0
0.0544858,0,0.273024,0,0,0
0.0531987,0,0.273851,0,0,0
0.051773,0,0.274683,0,0,0
0.0503685,0,0.275482,0,0,0
0.0490091,0,0.276265,0,0,0
0.0476269,0,0.276972,0,0,0
0.0464448,0,0.27771,0,0,0
0.0450502,0,0.278449,0,0,0
0.04373,0,0.279206,0,0,0
0.042306,0,0.280044,0,0,0
0.0406817,0,0.280988,0,0,0
0.0387868,0,0.281855,0,0,0
0.0371701,0,0.282668,0,0,0
0.0355512,0,0.283453,0,0,0
0.0339902,0,0.284375,0,0,0
0.031953,0,0.285181,0,0,0
0.0303674,0,0.285956,0,0,0
0.0286763,0,0.286719,0,0,0
0.0270223,0,0.287575,0,0,0
0.0250305,0,0.288379,0,0,0
0.0232341,0,0.289148,0,0,0
0.0214377,0,0.289841,0,0,0
0.0198227,0,0.290578,0,0,0
0.0179924,0,0.291288,0,0,0
0.0162443,0,0.291982,0,0,0
0.014481,0,0.292688,0,0,0
0.0126464,0,0.293495,0,0,0
0.0104623,0,0.294352,0,0,0
0.00810434,0,0.295046,0,0,0
0.00619987,0,0.295677,0,0,0
0.00439053,0,0.296288,0,0,0
0.00259027,0,0.296959,0,0,0
0.000556002,0,0.297636,0,0,0
-0,0,0.298297,0,0,0
-0,0,0.298912,0,0,0
-0,0,0.299537,0,0,0
-0,0,0.300062,0,0,0
-0,0,0.300825,0,0,0
-0,0,0.301475,0,0,0
-0,0,0.302194,0,0,0
-0,0,0.302879,0,0,0
-0,0,0.303489,0,0,0
-0,0,0.304043,0,0,0
-0,0,0.304664,0,0,0
-0,0,0.305359,0,0,0
-0,0,0.305997,0,0,0
-0,0,0.306773,0,0,0
-0,0,0.307366,0,0,0
-0,0,0.308057,0,0,0
-0,0,0.308646,0,0,0
-0,0,0.309334,0,0,0
-0,0,0.309932,0,0,0
-0,0,0.310603,0,0,0
-0,0,0.311389,0,0,0
-0,0,0.312072,0,0,0
-0,0,0.31278,0,0,0
-0,0,0.313441,0,0,0
-0,0,0.314202,0,0,0
-0,0,0.314979,0,0,0
-0,0,0.31566,0,0,0
-0,0,0.316272,0,0,0
-0,0,0.316935,0,0,0
-0,0,0.317695,0,0,0
-0,0,0.318395,0,0,0
-0,0,0.319151,0,0,0
-0,0,0.319797,0,0,0
-0,0,0.320527,0,0,0
-0,0,0.321155,0,0,0
-0,0,0.321803,0,0,0
-0,0,0.322496,0,0,0
-0,0,0.323081,0,0,0
-0,0,0.323641,0,0,0
-0,0,0.324289,0,0,0
-0,0,0.325054,0,0,0
-0,0,0.325745,0,0,0
-0,0,0.326391,0,0,0
-0,0,0.32716,0,0,0
-0,0,0.327873,0,0,0
-0,0,0.328643,0,0,0
-0,0,0.329332,0,0,0
-0,0,0.329996,0,0,0
-0,0,0.330736,0,0,0
-0,0,0.33138,0,0,0
-0,0,0.33215,0,0,0
-0,0,0.33282,0,0,0
-0,0,0.333499,0,0,0
-0,0,0.33414,0,0,0
-0,0,0.334798,0,0,0
-0,0,0.335568,0,0,0
-0,0,0.336252,0,0,0
-0,0,0.337006,0,0,0
-0,0,0.337699,0,0,0
-0,0,0.338332,0,0,0
-0,0,0.33898,0,0,0
-0,0,0.339668,0,0,0
-0,0,0.340355,0,0,0
-0,0,0.34093,0,0,0
-0,0,0.341632,0,0,0
-0,0,0.342278,0,0,0
-0,0,0.342959,0,0,0
-0,0,0.343659,0,0,0
-0,0,0.344348,0,0,0
-0,0,0.345053,0,0,0
-0,0,0.34573,0,0,0
-0,0,0.346508,0,0,0
-0,0,0.347189,0,0,0
-0,0,0.347868,0,0,0
-0,0,0.348534,0,0,0
-0,0,0.349189,0,0,0
-0,0,0.349922,0,0,0
-0,0,0.350606,0,0,0
-0,0,0.351284,0,0,0
-0,0,0.350766,0,0,0
-0,0,0.350086,0,0,0
-0,0,0.34947,0,0,0
-0,0,0.348701,0,0,0
-0,0,0.348078,0,0,0
-0,0,0.347352,0,0,0
-0,0,0.346563,0,0,0
-0,0,0.345967,0,0,0
-0,0,0.345196,0,0,0
-0,0,0.34453,0,0,0
-0,0,0.343833,0,0,0
-0,0,0.343147,0,0,0
-0,0,0.342478,0,0,0
-0,0,0.341694,0,0,0
-0,0,0.341069,0,0,0
-0,0,0.340388,0,0,0
-0,0,0.339645,0,0,0
-0,0,0.338963,0,0,0
-0,0,0.338364,0,0,0
-0,0,0.337664,0,0,0
-0,0,0.336995,0,0,0
-0,0,0.336401,0,0,0
-0,0,0.33576,0,0,0
-0,0,0.335029,0,0,0
-0,0,0.334348,0,0,0
-0,0,0.333622,0,0,0
-0,0,0.332896,0,0,0
-0,0,0.332216,0,0,0
-0,0,0.331533,0,0,0
-0,0,0.330876,0,0,0
-0,0,0.33022,0,0,0
-0,0,0.329569,0,0,0
-0,0,0.328958,0,0,0
-0,0,0.328285,0,0,0
-0,0,0.327598,0,0,0
-0,0,0.326934,0,0,0
-0,0,0.326279,0,0,0
-0,0,0.325547,0,0,0
-0,0,0.324873,0,0,0
-0,0,0.324179,0,0,0
-0,0,0.323429,0,0,0
-0,0,0.322729,0,0,0
-0,0,0.322044,0,0,0
-0,0,0.321273,0,0,0
-0,0,0.320647,0,0,0
-0,0,0.319929,0,0,0
-0,0,0.31918,0,0,0
-0,0,0.318542,0,0,0
-0,0,0.317858,0,0,0
-0,0,0.31723,0,0,0
-0,0,0.31653,0,0,0
-0,0,0.315902,0,0,0
-0,0,0.315209,0,0,0
-0,0,0.314656,0,0,0
-0,0,0.313924,0,0,0
-0,0,0.313254,0,0,0
-0,0,0.3126,0,0,0
-0,0,0.311878,0,0,0
-0,0,0.3112,0,0,0
-0,0,0.310406,0,0,0
-0,0,0.309743,0,0,0
-0,0,0.309098,0,0,0
-0,0,0.308373,0,0,0
-0,0,0.307747,0,0,0
-0,0,0.306908,0,0,0
-0,0,0.306237,0,0,0
-0,0,0.305507,0,0,0
-0,0,0.30479,0,0,0
-0,0,0.304136,0,0,0
-0,0,0.303412,0,0,0
-0,0,0.302733,0,0,0
-0,0,0.302024,0,0,0
-0,0,0.301374,0,0,0
-0,0,0.30068,0,0,0
-0,0,0.299911,0,0,0
-0,0,0.299295,0,0,0
-0,0,0.298464,0,0,0
-0,0,0.297779,0,0,0
-0,0,0.297101,0,0,0
-0.000131526,0,0.296325,0,0,0
-0.00255344,0,0.295638,0,0,0
-0.00464655,0,0.294971,0,0,0
-0.00661578,0,0.294112,0,0,0
-0.00912534,0,0.293378,0,0,0
-0.0111473,0,0.292696,0,0,0
-0.0129814,0,0.291855,0,0,0
-0.0152699,0,0.291105,0,0,0
-0.0171545,0,0.290267,0,0,0
-0.0193096,0,0.28945,0,0,0
-0.0212977,0,0.288673,0,0,0
-0.0231365,0,0.287854,0,0,0
-0.0250764,0,0.287038,0,0,0
-0.0269293,0,0.286183,0,0,0
-0.0288758,0,0.285412,0,0,0
-0.0304865,0,0.284534,0,0,0
-0.0324585,0,0.283647,0,0,0
-0.0342912,0,0.282736,0,0,0
-0.0361819,0,0.281798,0,0,0
-0.0380783,0,0.280863,0,0,0
-0.0399025,0,0.27991,0,0,0
-0.0417405,0,0.278861,0,0,0
-0.0437987,0,0.277872,0,0,0
-0.0455362,0,0.276885,0,0,0
-0.0473516,0,0.275886,0,0,0
-0.0490988,0,0.2748,0,0,0
-0.0510755,0,0.273761,0,0,0
-0.052761,0,0.272779,0,0,0
-0.0543845,0,0.271771,0,0,0
-0.0560611,0,0.270762,0,0,0
-0.0576623,0,0.269723,0,0,0
-0.0593351,0,0.268662,0,0,0
-0.0609893,0,0.267644,0,0,0
-0.0625193,0,0.26675,0,0,0
-0.0636985,0,0.265639,0,0,0
-0.0656497,0,0.264562,0,0,0
-0.0669533,0,0.263425,0,0,0
-0.0687613,0,0.262166,0,0,0
-0.0705378,0,0.261048,0,0,0
-0.0719061,0,0.259902,0,0,0
-0.0735799,0,0.258734,0,0,0
-0.0750498,0,0.25759,0,0,0
-0.0765124,0,0.256272,0,0,0
-0.0784129,0,0.255077,0,0,0
-0.0796392,0,0.253968,0,0,0
-0.0811211,0,0.252838,0,0,0
-0.0823947,0,0.25165,0,0,0
-0.0839252,0,0.250424,0,0,0
-0.0852989,0,0.249198,0,0,0
-0.0867407,0,0.247924,0,0,0
-0.0882087,0,0.246683,0,0,0
-0.0895102,0,0.245396,0,0,0
-0.0910536,0,0.244189,0,0,0
-0.0921522,0,0.243,0,0,0
-0.0935198,0,0.241695,0,0,0
-0.094897,0,0.240431,0,0,0
-0.0961344,0,0.239192,0,0,0
-0.0974299,0,0.238026,0,0,0
-0.0984829,0,0.236918,0,0,0
-0.0995758,0,0.23575,0,0,0
-0.100705,0,0.234509,0,0,0
-0.101925,0,0.233244,0,0,0
-0.103075,0,0.231991,0,0,0
-0.104194,0,0.23066,0,0,0
-0.105531,0,0.229435,0,0,0
-0.106376,0,0.228234,0,0,0
-0.107624,0,0.22699,0,0,0
-0.108534,0,0.225796,0,0,0
-0.109617,0,0.22452,0,0,0
-0.110652,0,0.223221,0,0,0
-0.111796,0,0.222007,0,0,0
-0.112615,0,0.220832,0,0,0
-0.113618,0,0.219538,0,0,0
-0.114637,0,0.218238,0,0,0
-0.115627,0,0.216956,0,0,0
-0.116566,0,0.215658,0,0,0
-0.117539,0,0.214318,0,0,0
-0.118547,0,0.213013,0,0,0
-0.119386,0,0.211679,0,0,0
-0.120439,0,0.210327,0,0,0
-0.121326,0,0.209123,0,0,0
-0.122087,0,0.207951,0,0,0
-0.122856,0,0.206694,0,0,0
-0.123721,0,0.205373,0,0,0
-0.124643,0,0.204174,0,0,0
-0.125166,0,0.202895,0,0,0
-0.126236,0,0.201488,0,0,0
-0.126916,0,0.200191,0,0,0
-0.127736,0,0.198749,0,0,0
-0.128667,0,0.197354,0,0,0
-0.129404,0,0.196082,0,0,0
-0.130078,0,0.194758,0,0,0
-0.130832,0,0.193327,0,0,0
-0.131733,0,0.192006,0,0,0
-0.132228,0,0.190739,0,0,0
-0.133027,0,0.189331,0,0,0
-0.133713,0,0.188,0,0,0
-0.134318,0,0.1866,0,0,0
-0.135129,0,0.185198,0,0,0
-0.135731,0,0.183931,0,0,0
-0.136264,0,0.182575,0,0,0
-0.137034,0,0.181226,0,0,0
-0.137519,0,0.179996,0,0,0
-0.138096,0,0.178693,0,0,0
-0.138608,0,0.177336,0,0,0
-0.139202,0,0.175883,0,0,0
-0.139911,0,0.174547,0,0,0
-0.140316,0,0.173338,0,0,0
-0.140884,0,0.172108,0,0,0
-0.141259,0,0.170913,0,0,0
-0.141807,0,0.1697,0,0,0
-0.142136,0,0.168515,0,0,0
-0.142673,0,0.167288,0,0,0
-0.142967,0,0.166075,0,0,0
-0.143529,0,0.164819,0,0,0
-0.143879,0,0.163717,0,0,0
-0.144243,0,0.1626,0,0,0
-0.144538,0,0.161425,0,0,0
-0.144926,0,0.160155,0,0,0
-0.145267,0,0.158842,0,0,0
-0.145728,0,0.157536,0,0,0
-0.146073,0,0.156346,0,0,0
-0.146359,0,0.155135,0,0,0
-0.146696,0,0.153875,0,0,0
-0.147017,0,0.152623,0,0,0
-0.147384,0,0.151436,0,0,0
-0.147631,0,0.150332,0,0,0
-0.147927,0,0.149243,0,0,0
-0.148078,0,0.148132,0,0,0
-0.148393,0,0.146946,0,0,0
-0.148578,0,0.145792,0,0,0
-0.148824,0,0.14457,0,0,0
-0.149094,0,0.143388,0,0,0
-0.149215,0,0.142182,0,0,0
-0.149491,0,0.140889,0,0,0
-0.149636,0,0.139607,0,0,0
-0.150024,0,0.138398,0,0,0
-0.150086,0,0.137373,0,0,0
-0.15029,0,0.136268,0,0,0
-0.150357,0,0.135159,0,0,0
-0.150491,0,0.133926,0,0,0
-0.150675,0,0.132694,0,0,0
-0.150833,0,0.131539,0,0,0
-0.150885,0,0.130372,0,0,0
-0.151009,0,0.129125,0,0,0
-0.15118,0,0.127945,0,0,0
-0.151161,0,0.126771,0,0,0
-0.151324,0,0.125516,0,0,0
-0.151378,0,0.124351,0,0,0
-0.151386,0,0.123123,0,0,0
-0.151512,0,0.121881,0,0,0
-0.151555,0,0.120738,0,0,0
-0.151527,0,0.119555,0,0,0
-0.151646,0,0.118373,0,0,0
-0.151627,0,0.117297,0,0,0
-0.151579,0,0.116147,0,0,0
-0.151606,0,0.114961,0,0,0
-0.151628,0,0.113851,0,0,0
-0.151496,0,0.112715,0,0,0
-0.151557,0,0.111518,0,0,0
-0.151472,0,0.110422,0,0,0
-0.15145,0,0.1093,0,0,0
-0.151396,0,0.108226,0,0,0
-0.151227,0,0.107093,0,0,0
-0.151159,0,0.105857,0,0,0
-0.151137,0,0.104709,0,0,0
-0.151025,0,0.103647,0,0,0
-0.150976,0,0.102608,0,0,0
-0.150791,0,0.101586,0,0,0
-0.150735,0,0.10052,0,0,0
-0.15053,0,0.0994879,0,0,0
-0.150363,0,0.0983498,0,0,0
-0.15031,0,0.0972671,0,0,0
-0.150121,0,0.0962842,0,0,0
-0.149954,0,0.0952498,0,0,0
-0.149767,0,0.0942051,0,0,0
-0.14952,0,0.0931095,0,0,0
-0.149437,0,0.0920313,0,0,0
-0.149205,0,0.0910685,0,0,0
-0.149017,0,0.0900624,0,0,0
-0.148734,0,0.0890321,0,0,0
-0.148181,0,0.0877417,0,0,0
-0.148224,0,0.0863762,0,0,0
-0.147959,0,0.08543,0,0,0
-0.147673,0,0.0844226,0,0,0
-0.14746,0,0.0834131,0,0,0
-0.147214,0,0.0824732,0,0,0
-0.147057,0,0.0816019,0,0,0
-0.146693,0,0.080755,0,0,0
-0.146461,0,0.0797997,0,0,0
-0.146078,0,0.078847,0,0,0
-0.14579,0,0.077812,0,0,0
-0.145504,0,0.0768424,0,0,0
-0.14523,0,0.0759288,0,0,0
-0.144901,0,0.0750384,0,0,0
-0.1446,0,0.0741336,0,0,0
-0.144217,0,0.0732195,0,0,0
-0.143934,0,0.072288,0,0,0
-0.143574,0,0.0714138,0,0,0
-0.143094,0,0.070449,0,0,0
-0.142754,0,0.0694173,0,0,0
-0.142438,0,0.0685087,0,0,0
-0.142083,0,0.0676687,0,0,0
-0.141655,0,0.0667997,0,0,0
-0.14123,0,0.0658692,0,0,0
-0.140888,0,0.064968,0,0,0
-0.140483,0,0.0641323,0,0,0
-0.140063,0,0.0632741,0,0,0
-0.139707,0,0.0624348,0,0,0
-0.139305,0,0.0616461,0,0,0
-0.138903,0,0.0608484,0,0,0
-0.138461,0,0.0600404,0,0,0
-0.138024,0,0.0592095,0,0,0
-0.137663,0,0.0584178,0,0,0
-0.137246,0,0.0576869,0,0,0
-0.136727,0,0.0568989,0,0,0
-0.136353,0,0.0560823,0,0,0
-0.135891,0,0.0553438,0,0,0
-0.135418,0,0.0545676,0,0,0
-0.135084,0,0.0538378,0,0,0
-0.134615,0,0.053181,0,0,0
-0.134239,0,0.0524897,0,0,0
-0.133632,0,0.0517753,0,0,0
-0.133323,0,0.0510097,0,0,0
-0.132838,0,0.0503881,0,0,0
-0.132289,0,0.0496635,0,0,0
-0.131849,0,0.0489156,0,0,0
-0.131377,0,0.048236,0,0,0
-0.130884,0,0.047553,0,0,0
-0.130406,0,0.0468689,0,0,0
-0.129973,0,0.0462185,0,0,0
-0.12942,0,0.045573,0,0,0
-0.128852,0,0.0448513,0,0,0
-0.128386,0,0.0441472,0,0,0
-0.127868,0,0.0435055,0,0,0
-0.127367,0,0.0428579,0,0,0
-0.126871,0,0.0422294,0,0,0
-0.126301,0,0.0415922,0,0,0
-0.125762,0,0.0409252,0,0,0
-0.125251,0,0.040289,0,0,0
-0.124727,0,0.0396801,0,0,0
-0.124125,0,0.0390518,0,0,0
-0.123652,0,0.0384219,0,0,0
-0.123064,0,0.0378409,0,0,0
-0.12253,0,0.0372256,0,0,0
-0.12199,0,0.0366417,0,0,0
-0.12141,0,0.0360554,0,0,0
-0.120862,0,0.0354632,0,0,0
-0.120288,0,0.0348879,0,0,0
-0.119655,0,0.0342915,0,0,0
-0.119149,0,0.0337039,0,0,0
-0.118569,0,0.0331741,0,0,0
-0.118007,0,0.0326249,0,0,0
-0.117442,0,0.0320886,0,0,0
-0.116878,0,0.03156,0,0,0
-0.116301,0,0.0310362,0,0,0
-0.115665,0,0.030498,0,0,0
-0.115122,0,0.0299598,0,0,0
-0.114507,0,0.0294569,0,0,0
-0.113932,0,0.0289394,0,0,0
-0.113257,0,0.0284216,0,0,0
-0.112629,0,0.0278741,0,0,0
-0.112051,0,0.0273663,0,0,0
-0.111451,0,0.0268883,0,0,0
-0.110875,0,0.0264153,0,0,0
-0.110274,0,0.0259544,0,0,0
-0.10969,0,0.0254938,0,0,0
-0.109089,0,0.0250432,0,0,0
-0.108436,0,0.0245801,0,0,0
-0.107886,0,0.0241227,0,0,0
-0.107188,0,0.0236839,0,0,0
-0.106608,0,0.0232157,0,0,0
-0.105999,0,0.0227952,0,0,0
-0.105294,0,0.0223519,0,0,0
-0.10469,0,0.021895,0,0,0
-0.104036,0,0.0214743,0,0,0
-0.103497,0,0.0210663,0,0,0
-0.10276,0,0.0206701,0,0,0
-0.102167,0,0.0202322,0,0,0
-0.101532,0,0.019845,0,0,0
-0.100839,0,0.01944,0,0,0
-0.100252,0,0.0190382,0,0,0
-0.0995847,0,0.0186665,0,0,0
-0.0990264,0,0.0182932,0,0,0
-0.0983416,0,0.0179412,0,0,0
-0.097701,0,0.0175588,0,0,0
-0.0971141,0,0.0172052,0,0,0
-0.0964401,0,0.0168618,0,0,0
-0.0957218,0,0.0164869,0,0,0
-0.0950916,0,0.0161163,0,0,0
-0.0943543,0,0.0157629,0,0,0
-0.0937951,0,0.0154107,0,0,0
-0.0931313,0,0.015104,0,0,0
-0.0924698,0,0.0147715,0,0,0
-0.0918142,0,0.0144446,0,0,0
-0.0911718,0,0.0141269,0,0,0
-0.0904598,0,0.013808,0,0,0
-0.089849,0,0.0134887,0,0,0
-0.0892034,0,0.013199,0,0,0
-0.0885106,0,0.0128981,0,0,0
-0.0878585,0,0.0125941,0,0,0
-0.0871429,0,0.0122974,0,0,0
-0.0864784,0,0.0119956,0,0,0
-0.0858166,0,0.0117129,0,0,0
-0.0850708,0,0.0114251,0,0,0
-0.0843976,0,0.0111297,0,0,0
-0.0837412,0,0.0108602,0,0,0
-0.0831309,0,0.0106062,0,0,0
-0.0824708,0,0.010362,0,0,0
-0.0817251,0,0.0100994,0,0,0
-0.0810722,0,0.00983162,0,0,0
-0.0804256,0,0.00959118,0,0,0
-0.0797672,0,0.00935568,0,0,0
-0.0790087,0,0.00911011,0,0,0
-0.0783511,0,0.00885782,0,0,0
-0.0776834,0,0.00863118,0,0,0
-0.0770408,0,0.00840977,0,0,0
-0.0764058,0,0.00819854,0,0,0
-0.0756159,0,0.00797644,0,0,0
-0.0749512,0,0.00773963,0,0,0
-0.0742798,0,0.0075317,0,0,0
-0.0735669,0,0.00732276,0,0,0
-0.0728601,0,0.00711038,0,0,0
-0.0721928,0,0.00690713,0,0,0
-0.071524,0,0.00671521,0,0,0
-0.0708563,0,0.00652699,0,0,0
-0.0701142,0,0.00633593,0,0,0
-0.0694875,0,0.0061459,0,0,0
-0.0686905,0,0.00596475,0,0,0
-0.0680174,0,0.00576939,0,0,0
-0.0673379,0,0.00559797,0,0,0
-0.066684,0,0.00543142,0,0,0
-0.066048,0,0.00527381,0,0,0
-0.0653185,0,0.00511488,0,0,0
-0.0646818,0,0.00495218,0,0,0
-0.0638828,0,0.00479453,0,0,0
-0.0633119,0,0.00463361,0,0,0
-0.0625428,0,0.00449441,0,0,0
-0.0618649,0,0.00433722,0,0,0
-0.0611858,0,0.00419585,0,0,0
-0.0604243,0,0.00405208,0,0,0
-0.0597606,0,0.00390742,0,0,0
-0.0591148,0,0.00377974,0,0,0
-0.0583556,0,0.00365015,0,0,0
-0.0576368,0,0.00351241,0,0,0
-0.0569581,0,0.00338526,0,0,0
-0.0562919,0,0.00326663,0,0,0
-0.0556561,0,0.00315401,0,0,0
-0.0549206,0,0.00304185,0,0,0
-0.054254,0,0.00292552,0,0,0
-0.0534806,0,0.00281372,0,0,0
-0.0528156,0,0.00269963,0,0,0
-0.0520416,0,0.00259388,0,0,0
-0.0513606,0,0.00248508,0,0,0
-0.0506785,0,0.00238794,0,0,0
-0.0499136,0,0.00228955,0,0,0
-0.0492442,0,0.0021909,0,0,0
-0.0485696,0,0.00210303,0,0,0
-0.0478332,0,0.00201458,0,0,0
-0.047172,0,0.00192675,0,0,0
-0.0465103,0,0.00184738,0,0,0
-0.0458525,0,0.00177036,0,0,0
-0.0451039,0,0.00169241,0,0,0
-0.0444623,0,0.00161418,0,0,0
-0.0437643,0,0.00154384,0,0,0
-0.0430798,0,0.00147228,0,0,0
-0.0423591,0,0.00140264,0,0,0
-0.041576,0,0.00133097,0,0,0
-0.0409134,0,0.00126172,0,0,0
-0.0402077,0,0.0012007,0,0,0
-0.0395232,0,0.00113986,0,0,0
-0.0387716,0,0.00108041,0,0,0
-0.0381297,0,0.00102249,0,0,0
-0.0373927,0,0.000969789,0,0,0
-0.03672,0,0.000915891,0,0,0
-0.0360295,0,0.000866627,0,0,0
-0.0352756,0,0.000816895,0,0,0
-0.0346283,0,0.000768723,0,0,0
-0.0338893,0,0.000724976,0,0,0
-0.0331329,0,0.000678895,0,0,0
-0.0324464,0,0.000635518,0,0,0
-0.031756,0,0.000596524,0,0,0
-0.0310956,0,0.000559563,0,0,0
-0.0303992,0,0.000524552,0,0,0
-0.0297098,0,0.000489994,0,0,0
-0.0290426,0,0.000457558,0,0,0
-0.0282775,0,0.000425763,0,0,0
-0.0275777,0,0.000393694,0,0,0
-0.0268962,0,0.000365246,0,0,0
-0.026228,0,0.000338836,0,0,0
-0.0254424,0,0.000312607,0,0,0
-0.0246876,0,0.000285496,0,0,0
-0.023994,0,0.000261314,0,0,0
-0.0232985,0,0.000239737,0,0,0
-0.0226346,0,0.000219656,0,0,0
-0.0219387,0,0.000200995,0,0,0
-0.0212707,0,0.000183134,0,0,0
-0.0205849,0,0.000166657,0,0,0
-0.0198126,0,0.000150284,0,0,0
-0.0191205,0,0.000134419,0,0,0
-0.0184369,0,0.000120774,0,0,0
-0.0177667,0,0.000108268,0,0,0
-0.0170209,0,9.6375e-05,0,0,0
-0.0162988,0,8.47627e-05,0,0,0
-0.0156162,0,7.45276e-05,0,0,0
-0.014949,0,6.55489e-05,0,0,0
-0.0142904,0,5.74765e-05,0,0,0
-0.0134814,0,4.96036e-05,0,0,0
-0.0127131,0,4.16951e-05,0,0,0
-0.0120839,0,3.53048e-05,0,0,0
-0.0113519,0,3.00152e-05,0,0,0
-0.0106892,0,2.50005e-05,0,0,0
-0.0100241,0,2.08401e-05,0,0,0
-0.00938283,0,1.72075e-05,0,0,0
-0.00860982,0,1.38835e-05,0,0,0
-0.00784184,0,1.07048e-05,0,0,0
-0.00717342,0,8.17999e-06,0,0,0
-0.00648789,0,6.23985e-06,0,0,0
-0.00579365,0,4.60688e-06,0,0,0
-0.00511156,0,3.28916e-06,0,0,0
-0.00437748,0,2.23754e-06,0,0,0
-0.00370337,0,1.43404e-06,0,0,0
-0.00297589,0,8.6395e-07,0,0,0
-0.00228586,0,4.66029e-07,0,0,0
-0.00159784,0,2.22552e-07,0,0,0
-0.000929698,0,8.52964e-08,0,0,0
-0.000171374,0,1.05744e-08,0,0,0
0.000486719,0,-2.28024e-08,0,0,0
