9.36853e-09,0,0,0,0,0
0.000241127,0,1.41188e-18,0,0,0
0.00042253,0,1.63892e-09,0,0,0
0.000585449,0,6.97289e-09,0,0,0
0.000835561,0,1.91058e-08,0,0,0
0.001038,0,4.8346e-08,0,0,0
0.00122151,0,8.78002e-08,0,0,0
0.00141432,0,1.40782e-07,0,0,0
0.00161043,0,2.14905e-07,0,0,0
0.00178356,0,3.0859e-07,0,0,0
0.00197407,0,4.18936e-07,0,0,0
0.00215464,0,5.60156e-07,0,0,0
0.00235057,0,7.28001e-07,0,0,0
0.00254803,0,9.39205e-07,0,0,0
0.00272677,0,1.18104e-06,0,0,0
0.00292338,0,1.45008e-06,0,0,0
0.00309501,0,1.76458e-06,0,0,0
0.00328847,0,2.10148e-06,0,0,0
0.00346534,0,2.50001e-06,0,0,0
0.00364932,0,2.92357e-06,0,0,0
0.00384369,0,3.41493e-06,0,0,0
0.00403223,0,3.97422e-06,0,0,0
0.00420331,0,4.55923e-06,0,0,0
0.00436209,0,5.14146e-06,0,0,0
0.00452264,0,5.74103e-06,0,0,0
0.00468514,0,6.39316e-06,0,0,0
0.00488569,0,7.15454e-06,0,0,0
0.00505952,0,8.05696e-06,0,0,0
0.00525905,0,8.98121e-06,0,0,0
0.00545283,0,1.00611e-05,0,0,0
0.00562648,0,1.11607e-05,0,0,0
0.00581816,0,1.22877e-05,0,0,0
0.00599963,0,1.3549e-05,0,0,0
0.00619047,0,1.48657e-05,0,0,0
0.00640074,0,1.6364e-05,0,0,0
0.00657767,0,1.79781e-05,0,0,0
0.0067628,0,1.95202e-05,0,0,0
0.00693721,0,2.11666e-05,0,0,0
0.0071311,0,2.2895e-05,0,0,0
0.00731214,0,2.48069e-05,0,0,0
0.00749949,0,2.67507e-05,0,0,0
0.00769904,0,2.88879e-05,0,0,0
0.00785845,0,3.10762e-05,0,0,0
0.00802162,0,3.30486e-05,0,0,0
0.00819444,0,3.51772e-05,0,0,0
0.00836903,0,3.74915e-05,0,0,0
0.00853776,0,3.98947e-05,0,0,0
0.00872835,0,4.24465e-05,0,0,0
0.00889955,0,4.5233e-05,0,0,0
0.00909259,0,4.80449e-05,0,0,0
0.0092891,0,5.12358e-05,0,0,0
0.00947083,0,5.45207e-05,0,0,0
0.00966761,0,5.78526e-05,0,0,0
0.00984288,0,6.13748e-05,0,0,0
0.0100345,0,6.48593e-05,0,0,0
0.0102168,0,6.86344e-05,0,0,0
0.0104075,0,7.24787e-05,0,0,0
0.0106019,0,7.66146e-05,0,0,0
0.0107669,0,8.07416e-05,0,0,0
0.0109699,0,8.4845e-05,0,0,0
0.0111521,0,8.95381e-05,0,0,0
0.0113461,0,9.41469e-05,0,0,0
0.0115413,0,9.91282e-05,0,0,0
0.0117087,0,0.000104057,0,0,0
0.0118982,0,0.00010883,0,0,0
0.0120954,0,0.000114245,0,0,0
0.0122862,0,0.000119927,0,0,0
0.012484,0,0.000125734,0,0,0
0.0126577,0,0.000131622,0,0,0
0.012847,0,0.000137335,0,0,0
0.0130145,0,0.00014332,0,0,0
0.0132082,0,0.000149272,0,0,0
0.0133624,0,0.000155545,0,0,0
0.013524,0,0.000161124,0,0,0
0.0136759,0,0.0001669,0,0,0
0.0138619,0,0.000172994,0,0,0
0.0140152,0,0.000179698,0,0,0
0.0141882,0,0.000185966,0,0,0
0.0143361,0,0.000192574,0,0,0
0.0145595,0,0.000199676,0,0,0
0.0147469,0,0.000208599,0,0,0
0.0148855,0,0.000216018,0,0,0
0.0150392,0,0.000222375,0,0,0
0.0151979,0,0.000229387,0,0,0
0.0153641,0,0.000236817,0,0,0
0.0155187,0,0.000244464,0,0,0
0.015674,0,0.00025191,0,0,0
0.0158338,0,0.000259601,0,0,0
0.0160066,0,0.000267815,0,0,0
0.0161748,0,0.000276571,0,0,0
0.0163561,0,0.000285587,0,0,0
0.0165118,0,0.00029481,0,0,0
0.0166818,0,0.000303547,0,0,0
0.0168467,0,0.000312899,0,0,0
0.0170481,0,0.000322935,0,0,0
0.0172029,0,0.000333713,0,0,0
0.0173656,0,0.000343022,0,0,0
0.0175088,0,0.000352428,0,0,0
0.0176991,0,0.000362167,0,0,0
0.0178537,0,0.000373323,0,0,0
0.018001,0,0.000383015,0,0,0
0.0181657,0,0.000392934,0,0,0
0.0183534,0,0.000404298,0,0,0
0.0185402,0,0.000416906,0,0,0
0.0187346,0,0.000429911,0,0,0
0.0189294,0,0.00044355,0,0,0
0.0191207,0,0.00045741,0,0,0
0.0193069,0,0.000471261,0,0,0
0.0194847,0,0.000484925,0,0,0
0.0196688,0,0.000498581,0,0,0
0.0198522,0,0.000512798,0,0,0
0.0200162,0,0.000526741,0,0,0
0.0201679,0,0.000539557,0,0,0
0.0203259,0,0.000552075,0,0,0
0.0204937,0,0.000565403,0,0,0
0.0206609,0,0.000579485,0,0,0
0.020878,0,0.000595191,0,0,0
0.0210342,0,0.000612332,0,0,0
0.0212011,0,0.000626486,0,0,0
0.0213586,0,0.000641218,0,0,0
0.0215433,0,0.000656432,0,0,0
0.0217033,0,0.00067282,0,0,0
0.0218791,0,0.000688411,0,0,0
0.0220313,0,0.000704503,0,0,0
0.0221927,0,0.000719605,0,0,0
0.0223728,0,0.000736146,0,0,0
0.022538,0,0.000753698,0,0,0
0.022691,0,0.000770094,0,0,0
0.0228508,0,0.000786118,0,0,0
0.0230225,0,0.000803258,0,0,0
0.0231885,0,0.000821289,0,0,0
0.0233397,0,0.000838649,0,0,0
0.0235033,0,0.00085562,0,0,0
0.0236831,0,0.000874332,0,0,0
0.0238368,0,0.000893568,0,0,0
0.023986,0,0.000910923,0,0,0
0.0241693,0,0.000929455,0,0,0
0.0243517,0,0.000950882,0,0,0
0.0245261,0,0.000972264,0,0,0
0.0247171,0,0.000993983,0,0,0
0.0248728,0,0.00101595,0,0,0
0.0250399,0,0.00103577,0,0,0
0.0251777,0,0.00105557,0,0,0
0.025366,0,0.00107526,0,0,0
0.0255237,0,0.00109825,0,0,0
0.0256926,0,0.00111939,0,0,0
0.0258456,0,0.00114108,0,0,0
0.0260239,0,0.00116275,0,0,0
0.0261688,0,0.00118549,0,0,0
0.0263335,0,0.00120636,0,0,0
0.0265137,0,0.00123004,0,0,0
0.0266652,0,0.00125415,0,0,0
0.0268537,0,0.00127759,0,0,0
0.0270385,0,0.00130472,0,0,0
0.0271933,0,0.00133043,0,0,0
0.0273556,0,0.00135385,0,0,0
0.0275299,0,0.0013789,0,0,0
0.0276953,0,0.00140502,0,0,0
0.0278475,0,0.00142989,0,0,0
0.0279929,0,0.00145332,0,0,0
0.0281686,0,0.00147787,0,0,0
0.0283489,0,0.00150618,0,0,0
0.028541,0,0.001536,0,0,0
0.0287001,0,0.00156572,0,0,0
0.0288547,0,0.00159192,0,0,0
0.0290013,0,0.00161744,0,0,0
0.0291921,0,0.00164481,0,0,0
0.0293587,0,0.00167619,0,0,0
0.0295461,0,0.00170639,0,0,0
0.0297049,0,0.00173771,0,0,0
0.0298614,0,0.00176589,0,0,0
0.0300142,0,0.00179386,0,0,0
0.0301796,0,0.00182243,0,0,0
0.0303343,0,0.0018522,0,0,0
0.030493,0,0.00188123,0,0,0
0.0306942,0,0.0019137,0,0,0
0.0308569,0,0.00194955,0,0,0
0.0310375,0,0.00198208,0,0,0
0.0311958,0,0.00201581,0,0,0
0.0313584,0,0.0020473,0,0,0
0.0315081,0,0.00207881,0,0,0
0.0316505,0,0.00210844,0,0,0
0.0318017,0,0.00213795,0,0,0
0.0319788,0,0.00217068,0,0,0
0.0321473,0,0.00220676,0,0,0
0.0323332,0,0.00224328,0,0,0
0.0324916,0,0.00228073,0,0,0
0.0326433,0,0.00231422,0,0,0
0.0327964,0,0.00234715,0,0,0
0.0329862,0,0.00238323,0,0,0
0.0331416,0,0.00242259,0,0,0
0.0333003,0,0.00245757,0,0,0
0.0334739,0,0.00249444,0,0,0
0.0336345,0,0.00253297,0,0,0
0.0337863,0,0.00256927,0,0,0
0.0339477,0,0.00260528,0,0,0
0.0340954,0,0.00264205,0,0,0
0.0342688,0,0.00267905,0,0,0
0.0344542,0,0.00272142,0,0,0
0.0346453,0,0.00276668,0,0,0
0.0348322,0,0.00281306,0,0,0
0.0351067,0,0.00286646,0,0,0
0.0352891,0,0.00292757,0,0,0
0.0354716,0,0.00297416,0,0,0
0.0356383,0,0.00301971,0,0,0
0.0358078,0,0.00306325,0,0,0
0.035956,0,0.00310584,0,0,0
0.0361246,0,0.00314686,0,0,0
0.0362696,0,0.00318975,0,0,0
0.03642,0,0.00322934,0,0,0
0.0365629,0,0.00326952,0,0,0
0.0367552,0,0.00331314,0,0,0
0.0369107,0,0.00336286,0,0,0
0.0370582,0,0.00340569,0,0,0
0.0372169,0,0.00344832,0,0,0
0.0374127,0,0.00349688,0,0,0
0.0375883,0,0.00355111,0,0,0
0.037756,0,0.0036014,0,0,0
0.0378915,0,0.00364747,0,0,0
0.0380567,0,0.0036905,0,0,0
0.0381942,0,0.00373691,0,0,0
0.0383538,0,0.0037805,0,0,0
0.0385051,0,0.00382796,0,0,0
0.0386851,0,0.0038771,0,0,0
0.0388497,0,0.00393096,0,0,0
0.0390001,0,0.00398084,0,0,0
0.039146,0,0.00402766,0,0,0
0.0393246,0,0.00407728,0,0,0
0.0395032,0,0.00413421,0,0,0
0.039676,0,0.00419122,0,0,0
0.0398298,0,0.0042455,0,0,0
0.0399814,0,0.00429589,0,0,0
0.0401597,0,0.00434901,0,0,0
0.0403642,0,0.00441132,0,0,0
0.0405251,0,0.00447546,0,0,0
0.0406725,0,0.00452906,0,0,0
0.0408414,0,0.00458222,0,0,0
0.0409939,0,0.00463879,0,0,0
0.0411538,0,0.00469304,0,0,0
0.0413221,0,0.00475033,0,0,0
0.0414911,0,0.0048102,0,0,0
0.0416455,0,0.00486913,0,0,0
0.0417864,0,0.00492351,0,0,0
0.0419512,0,0.0049778,0,0,0
0.0421341,0,0.00504037,0,0,0
0.0422768,0,0.00510324,0,0,0
0.0424288,0,0.00515801,0,0,0
0.04261,0,0.0052188,0,0,0
0.0427697,0,0.00528481,0,0,0
0.0429154,0,0.00534446,0,0,0
0.0430547,0,0.0054001,0,0,0
0.0432206,0,0.00545774,0,0,0
0.0433743,0,0.00552106,0,0,0
0.0435237,0,0.00558139,0,0,0
0.0436788,0,0.00564172,0,0,0
0.0438557,0,0.00570683,0,0,0
0.0440277,0,0.00577767,0,0,0
0.0442171,0,0.00585033,0,0,0
0.044379,0,0.00592466,0,0,0
0.0445712,0,0.0059964,0,0,0
0.0447691,0,0.00607762,0,0,0
0.0449413,0,0.00615799,0,0,0
0.0451126,0,0.00623184,0,0,0
0.0452891,0,0.00630655,0,0,0
0.0454846,0,0.00638602,0,0,0
0.0456551,0,0.00646823,0,0,0
0.0458162,0,0.00654281,0,0,0
0.0459778,0,0.00661506,0,0,0
0.0461555,0,0.00669023,0,0,0
0.046322,0,0.00676917,0,0,0
0.0464779,0,0.0068441,0,0,0
0.0466509,0,0.00691882,0,0,0
0.0467985,0,0.00699542,0,0,0
0.0469939,0,0.00707227,0,0,0
0.0471313,0,0.00715537,0,0,0
0.0472957,0,0.00722589,0,0,0
0.0474464,0,0.00730247,0,0,0
0.0476186,0,0.00737905,0,0,0
0.0477647,0,0.00745877,0,0,0
0.0479168,0,0.00753203,0,0,0
0.0480627,0,0.00760641,0,0,0
0.0482172,0,0.00768078,0,0,0
0.048429,0,0.00776756,0,0,0
0.0485765,0,0.00786372,0,0,0
0.0487489,0,0.00794441,0,0,0
0.0489217,0,0.00803309,0,0,0
0.0490917,0,0.00812254,0,0,0
0.0492621,0,0.00821188,0,0,0
0.0494523,0,0.00830536,0,0,0
0.0496178,0,0.00840232,0,0,0
0.0497778,0,0.00849097,0,0,0
0.049939,0,0.00857814,0,0,0
0.0500848,0,0.00866361,0,0,0
0.0502467,0,0.00874706,0,0,0
0.0506751,0,0.00888329,0,0,0
0.0509258,0,0.00908714,0,0,0
0.0510878,0,0.00921856,0,0,0
0.051244,0,0.00931358,0,0,0
0.0514172,0,0.00940795,0,0,0
0.0515575,0,0.00950312,0,0,0
0.0518509,0,0.00961532,0,0,0
0.0520172,0,0.00976282,0,0,0
0.0521599,0,0.00986213,0,0,0
0.052603,0,0.0100071,0,0,0
0.05272,0,0.0102091,0,0,0
0.0528935,0,0.0103028,0,0,0
0.0530302,0,0.0104037,0,0,0
0.0531758,0,0.0104934,0,0,0
0.0535084,0,0.0106233,0,0,0
0.0536238,0,0.0107884,0,0,0
0.05381,0,0.0108853,0,0,0
0.0540508,0,0.011017,0,0,0
0.0542279,0,0.0111619,0,0,0
0.0543865,0,0.0112792,0,0,0
0.0545042,0,0.011379,0,0,0
0.0546371,0,0.0114641,0,0,0
0.0547851,0,0.0115579,0,0,0
0.055061,0,0.0116865,0,0,0
0.0552395,0,0.0118527,0,0,0
0.0554244,0,0.0119837,0,0,0
0.0555877,0,0.0121106,0,0,0
0.0557573,0,0.0122301,0,0,0
0.055878,0,0.0123418,0,0,0
0.0560197,0,0.0124367,0,0,0
0.0561391,0,0.0125347,0,0,0
0.0562605,0,0.0126243,0,0,0
0.0563779,0,0.0127134,0,0,0
0.0564981,0,0.0128019,0,0,0
0.0566181,0,0.0128919,0,0,0
0.0567387,0,0.0129827,0,0,0
0.0568795,0,0.0130789,0,0,0
0.0570209,0,0.0131855,0,0,0
0.0571371,0,0.0132883,0,0,0
0.0573208,0,0.0133955,0,0,0
0.0574643,0,0.0135257,0,0,0
0.0575901,0,0.0136363,0,0,0
0.0577067,0,0.013735,0,0,0
0.0579801,0,0.013866,0,0,0
0.0580831,0,0.0140351,0,0,0
0.058199,0,0.0141317,0,0,0
0.0583361,0,0.0142317,0,0,0
0.058532,0,0.0143574,0,0,0
0.0588032,0,0.0145341,0,0,0
0.0589104,0,0.0147147,0,0,0
0.0590592,0,0.0148268,0,0,0
0.0591822,0,0.0149453,0,0,0
0.0593095,0,0.0150535,0,0,0
0.0594468,0,0.0151658,0,0,0
0.0595592,0,0.0152779,0,0,0
0.0596819,0,0.0153806,0,0,0
0.0598097,0,0.0154892,0,0,0
0.0599401,0,0.0156025,0,0,0
0.0600805,0,0.0157209,0,0,0
0.0601925,0,0.0158385,0,0,0
0.0603325,0,0.0159493,0,0,0
0.06118,0,0.0162624,0,0,0
0.0612141,0,0.0167669,0,0,0
0.0613226,0,0.0168882,0,0,0
0.0614343,0,0.0169957,0,0,0
0.0615533,0,0.0171053,0,0,0
0.0617656,0,0.0172459,0,0,0
0.0618634,0,0.0174113,0,0,0
0.0619898,0,0.0175264,0,0,0
0.0621054,0,0.0176472,0,0,0
0.0622408,0,0.0177691,0,0,0
0.0623812,0,0.0179044,0,0,0
0.0624943,0,0.0180377,0,0,0
0.0626175,0,0.0181588,0,0,0
0.0627246,0,0.0182798,0,0,0
0.0628509,0,0.0183977,0,0,0
0.0629939,0,0.0185317,0,0,0
0.0631093,0,0.0186707,0,0,0
0.0632235,0,0.0187949,0,0,0
0.0633697,0,0.0189263,0,0,0
0.0635906,0,0.0191007,0,0,0
0.0636654,0,0.0192839,0,0,0
0.0637966,0,0.0194005,0,0,0
0.0638994,0,0.0195307,0,0,0
0.0640309,0,0.019656,0,0,0
0.0641576,0,0.0197967,0,0,0
0.0642781,0,0.0199362,0,0,0
0.0643973,0,0.0200722,0,0,0
0.0645022,0,0.0202031,0,0,0
0.0646251,0,0.0203305,0,0,0
0.0647522,0,0.0204705,0,0,0
0.0648521,0,0.0206075,0,0,0
0.0649587,0,0.0207301,0,0,0
0.0650812,0,0.0208596,0,0,0
0.0652065,0,0.0210021,0,0,0
0.0653255,0,0.0211477,0,0,0
0.0654382,0,0.0212887,0,0,0
0.0655537,0,0.0214266,0,0,0
0.0656686,0,0.0215661,0,0,0
0.0658667,0,0.0217338,0,0,0
0.0659623,0,0.0219281,0,0,0
0.0660778,0,0.0220697,0,0,0
0.0661755,0,0.0222078,0,0,0
0.0662987,0,0.0223428,0,0,0
0.0667684,0,0.022612,0,0,0
0.0668217,0,0.0230014,0,0,0
0.0669343,0,0.0231645,0,0,0
0.0670415,0,0.0233148,0,0,0
0.0671431,0,0.0234574,0,0,0
0.0672638,0,0.0236019,0,0,0
0.0674722,0,0.0237914,0,0,0
0.0675297,0,0.0239995,0,0,0
0.0676577,0,0.0241351,0,0,0
0.0677474,0,0.0242886,0,0,0
0.0678654,0,0.024431,0,0,0
0.0679594,0,0.0245823,0,0,0
0.0680737,0,0.0247274,0,0,0
0.0681635,0,0.024877,0,0,0
0.0682601,0,0.0250137,0,0,0
0.0683756,0,0.0251595,0,0,0
0.068465,0,0.0253123,0,0,0
0.0685827,0,0.0254596,0,0,0
0.068675,0,0.0256169,0,0,0
0.0687849,0,0.0257663,0,0,0
0.0688732,0,0.0259188,0,0,0
0.0689663,0,0.0260591,0,0,0
0.069097,0,0.0262146,0,0,0
0.0692047,0,0.0263938,0,0,0
0.0692943,0,0.0265568,0,0,0
0.0693813,0,0.0267019,0,0,0
0.0694727,0,0.0268425,0,0,0
0.0697281,0,0.0270492,0,0,0
0.0699168,0,0.0273733,0,0,0
0.0699904,0,0.0276393,0,0,0
0.0701205,0,0.0278255,0,0,0
0.0702358,0,0.0280263,0,0,0
0.0703241,0,0.0282107,0,0,0
0.070427,0,0.0283763,0,0,0
0.0705294,0,0.0285481,0,0,0
0.0706546,0,0.0287317,0,0,0
0.0707673,0,0.0289327,0,0,0
0.0708602,0,0.0291227,0,0,0
0.0709611,0,0.0292981,0,0,0
0.0710603,0,0.0294755,0,0,0
0.0711803,0,0.0296617,0,0,0
0.0712921,0,0.0298652,0,0,0
0.0713747,0,0.0300569,0,0,0
0.0714845,0,0.0302338,0,0,0
0.0715791,0,0.0304223,0,0,0
0.0716956,0,0.030613,0,0,0
0.071784,0,0.0308112,0,0,0
0.0718798,0,0.0309936,0,0,0
0.0719741,0,0.031177,0,0,0
0.0720857,0,0.031368,0,0,0
0.0722048,0,0.0315805,0,0,0
0.0723072,0,0.0318011,0,0,0
0.0724089,0,0.0320118,0,0,0
0.0724937,0,0.0322123,0,0,0
0.0725976,0,0.0324045,0,0,0
0.0726957,0,0.0326084,0,0,0
0.0728024,0,0.0328168,0,0,0
0.072882,0,0.0330235,0,0,0
0.0730117,0,0.0332303,0,0,0
0.0731077,0,0.0334662,0,0,0
0.073192,0,0.0336808,0,0,0
0.073292,0,0.0338853,0,0,0
0.0733912,0,0.0341006,0,0,0
0.0734866,0,0.034319,0,0,0
0.0735687,0,0.0345306,0,0,0
0.0736597,0,0.0347333,0,0,0
0.0737509,0,0.0349414,0,0,0
0.0738512,0,0.0351576,0,0,0
0.0739083,0,0.0353662,0,0,0
0.0739991,0,0.0355501,0,0,0
0.0740944,0,0.0357571,0,0,0
0.0741876,0,0.0359784,0,0,0
0.0742618,0,0.0361963,0,0,0
0.0743604,0,0.0364087,0,0,0
0.0744312,0,0.0366286,0,0,0
0.0745048,0,0.0368293,0,0,0
0.0746131,0,0.0370421,0,0,0
0.0746778,0,0.0372725,0,0,0
0.0747455,0,0.0374731,0,0,0
0.0748276,0,0.0376713,0,0,0
0.0749177,0,0.037887,0,0,0
0.074989,0,0.0381104,0,0,0
0.0750569,0,0.0383194,0,0,0
0.075135,0,0.0385248,0,0,0
0.075227,0,0.0387464,0,0,0
0.0752939,0,0.0389778,0,0,0
0.0753845,0,0.0392038,0,0,0
0.0754467,0,0.0394367,0,0,0
0.0755107,0,0.0396479,0,0,0
0.0755953,0,0.0398622,0,0,0
0.0756757,0,0.0400972,0,0,0
0.0757205,0,0.0403214,0,0,0
0.0758089,0,0.0405297,0,0,0
0.0758823,0,0.040766,0,0,0
0.0759436,0,0.0409972,0,0,0
0.076008,0,0.0412169,0,0,0
0.0760744,0,0.041436,0,0,0
0.0761308,0,0.0416527,0,0,0
0.0762193,0,0.0418769,0,0,0
0.0762858,0,0.0421271,0,0,0
0.0763603,0,0.0423757,0,0,0
0.0764261,0,0.0426283,0,0,0
0.0764609,0,0.0428588,0,0,0
0.0765432,0,0.0430731,0,0,0
0.0765926,0,0.0433098,0,0,0
0.0766751,0,0.0435457,0,0,0
0.0767328,0,0.0438031,0,0,0
0.0767975,0,0.0440531,0,0,0
0.0768515,0,0.0443016,0,0,0
0.0769115,0,0.0445433,0,0,0
0.0769559,0,0.0447797,0,0,0
0.0770111,0,0.0450044,0,0,0
0.0770825,0,0.0452441,0,0,0
0.0771244,0,0.0454947,0,0,0
0.0771704,0,0.0457247,0,0,0
0.0772103,0,0.045944,0,0,0
0.077298,0,0.0461798,0,0,0
0.0773256,0,0.0464435,0,0,0
0.0773765,0,0.0466758,0,0,0
0.0774135,0,0.0469062,0,0,0
0.0774872,0,0.0471439,0,0,0
0.077536,0,0.0474133,0,0,0
0.0776076,0,0.0476924,0,0,0
0.0776406,0,0.0479819,0,0,0
0.0776875,0,0.0482461,0,0,0
0.0777405,0,0.0485144,0,0,0
0.0777823,0,0.0487874,0,0,0
0.0778156,0,0.0490479,0,0,0
0.0778643,0,0.0493015,0,0,0
0.077913,0,0.0495694,0,0,0
0.0779329,0,0.0498313,0,0,0
0.0779903,0,0.0500819,0,0,0
0.0780084,0,0.0503436,0,0,0
0.0780833,0,0.050607,0,0,0
0.0781051,0,0.0509049,0,0,0
0.0781415,0,0.0511788,0,0,0
0.0781597,0,0.0514418,0,0,0
0.0781907,0,0.0516855,0,0,0
0.0782399,0,0.0519432,0,0,0
0.078253,0,0.052211,0,0,0
0.0782966,0,0.0524664,0,0,0
0.0783144,0,0.0527328,0,0,0
0.0783629,0,0.053,0,0,0
0.0783815,0,0.0532862,0,0,0
0.078399,0,0.0535533,0,0,0
0.0784032,0,0.0537965,0,0,0
0.0784692,0,0.0540482,0,0,0
0.078486,0,0.0543498,0,0,0
0.0785036,0,0.0546362,0,0,0
0.0785081,0,0.0549038,0,0,0
0.0785305,0,0.055154,0,0,0
0.0785625,0,0.05542,0,0,0
0.0785842,0,0.055706,0,0,0
0.0786041,0,0.0559979,0,0,0
0.0786204,0,0.0562926,0,0,0
0.0786338,0,0.0565856,0,0,0
0.0786345,0,0.0568667,0,0,0
0.0786553,0,0.0571378,0,0,0
0.0786576,0,0.057414,0,0,0
0.0786845,0,0.0576916,0,0,0
0.078669,0,0.0579726,0,0,0
0.0786814,0,0.0582257,0,0,0
0.0786832,0,0.0584822,0,0,0
0.0786899,0,0.0587338,0,0,0
0.0787175,0,0.0590045,0,0,0
0.0787031,0,0.0592912,0,0,0
0.0787028,0,0.0595519,0,0,0
0.0787073,0,0.0598111,0,0,0
0.0787239,0,0.0600864,0,0,0
0.078711,0,0.0603731,0,0,0
0.0787258,0,0.060656,0,0,0
0.0787043,0,0.060946,0,0,0
0.0786994,0,0.0612105,0,0,0
0.078711,0,0.0614857,0,0,0
0.0787122,0,0.0617882,0,0,0
0.0786819,0,0.062083,0,0,0
0.0786934,0,0.0623629,0,0,0
0.0786634,0,0.0626528,0,0,0
0.0786553,0,0.0629171,0,0,0
0.0786629,0,0.0631983,0,0,0
0.0786523,0,0.0635069,0,0,0
0.0786185,0,0.0638047,0,0,0
0.0786032,0,0.0640763,0,0,0
0.0786073,0,0.0643623,0,0,0
0.0785651,0,0.0646556,0,0,0
0.078543,0,0.0649123,0,0,0
0.0785368,0,0.0651701,0,0,0
0.0785308,0,0.0654538,0,0,0
0.078509,0,0.0657567,0,0,0
0.0784721,0,0.06605,0,0,0
0.078451,0,0.0663267,0,0,0
0.0784255,0,0.0666046,0,0,0
0.0784161,0,0.0668939,0,0,0
0.0784043,0,0.0672201,0,0,0
0.0783246,0,0.0675326,0,0,0
0.0783083,0,0.0677888,0,0,0
0.0782682,0,0.068048,0,0,0
0.0782797,0,0.0683237,0,0,0
0.078217,0,0.068632,0,0,0
0.0781716,0,0.0688918,0,0,0
0.0781561,0,0.0691439,0,0,0
0.0781193,0,0.0694127,0,0,0
0.0780824,0,0.0696741,0,0,0
0.0780439,0,0.0699262,0,0,0
0.0780096,0,0.0701699,0,0,0
0.0779756,0,0.0704107,0,0,0
0.0779597,0,0.0706664,0,0,0
0.0779233,0,0.0709521,0,0,0
0.0778755,0,0.0712398,0,0,0
0.077814,0,0.0715033,0,0,0
0.0778146,0,0.0717727,0,0,0
0.0777453,0,0.072081,0,0,0
0.0776846,0,0.0723491,0,0,0
0.0776448,0,0.0725957,0,0,0
0.0776157,0,0.0728561,0,0,0
0.0775689,0,0.0731374,0,0,0
0.0775438,0,0.0734449,0,0,0
0.0774635,0,0.0737735,0,0,0
0.0774147,0,0.0740816,0,0,0
0.0773419,0,0.0743886,0,0,0
0.0772829,0,0.0746732,0,0,0
0.0772308,0,0.0749553,0,0,0
0.077175,0,0.0752433,0,0,0
0.0771172,0,0.0755355,0,0,0
0.0770705,0,0.0758445,0,0,0
0.0769967,0,0.0761732,0,0,0
0.076923,0,0.0764931,0,0,0
0.0768421,0,0.0767959,0,0,0
0.0767922,0,0.0770947,0,0,0
0.0767305,0,0.0774277,0,0,0
0.0766333,0,0.0777641,0,0,0
0.0765691,0,0.0780866,0,0,0
0.0764695,0,0.0784068,0,0,0
0.07643,0,0.0787319,0,0,0
0.0763194,0,0.0790923,0,0,0
0.0762321,0,0.0794246,0,0,0
0.0761335,0,0.07974,0,0,0
0.0760662,0,0.0800446,0,0,0
0.0759774,0,0.0803629,0,0,0
0.0758858,0,0.0806698,0,0,0
0.0758363,0,0.081001,0,0,0
0.0756911,0,0.081345,0,0,0
0.0756497,0,0.0816696,0,0,0
0.075507,0,0.0820261,0,0,0
0.0754221,0,0.0823385,0,0,0
0.0753074,0,0.0826388,0,0,0
0.0752471,0,0.0829305,0,0,0
0.0751518,0,0.0832621,0,0,0
0.0750451,0,0.0835998,0,0,0
0.0749283,0,0.0839228,0,0,0
0.0748295,0,0.084225,0,0,0
0.074735,0,0.084527,0,0,0
0.0746436,0,0.0848427,0,0,0
0.0745379,0,0.085178,0,0,0
0.0744114,0,0.0855068,0,0,0
0.0743177,0,0.0858293,0,0,0
0.0741845,0,0.086154,0,0,0
0.0740794,0,0.0864519,0,0,0
0.0739895,0,0.0867661,0,0,0
0.0738692,0,0.0871077,0,0,0
0.0737326,0,0.0874375,0,0,0
0.0736309,0,0.0877603,0,0,0
0.0734863,0,0.0880828,0,0,0
0.0733719,0,0.0883695,0,0,0
0.0732857,0,0.0886717,0,0,0
0.0731487,0,0.0889989,0,0,0
0.0730337,0,0.0893206,0,0,0
0.0728948,0,0.0896446,0,0,0
0.0727799,0,0.0899645,0,0,0
0.0726479,0,0.0903019,0,0,0
0.0725047,0,0.0906383,0,0,0
0.07237,0,0.0909674,0,0,0
0.0722387,0,0.0913046,0,0,0
0.0720784,0,0.0916342,0,0,0
0.0719615,0,0.0919541,0,0,0
0.0718036,0,0.0922824,0,0,0
0.0716818,0,0.0926065,0,0,0
0.0715174,0,0.0929367,0,0,0
0.0713829,0,0.0932466,0,0,0
0.071245,0,0.0935629,0,0,0
0.0711001,0,0.093884,0,0,0
0.0709419,0,0.0941904,0,0,0
0.0708235,0,0.0944937,0,0,0
0.070668,0,0.0948182,0,0,0
0.0705224,0,0.0951442,0,0,0
0.070365,0,0.0954816,0,0,0
0.0701932,0,0.0958113,0,0,0
0.070042,0,0.0961275,0,0,0
0.069888,0,0.096449,0,0,0
0.069714,0,0.0967563,0,0,0
0.0695782,0,0.0970457,0,0,0
0.0694326,0,0.0973515,0,0,0
0.0692694,0,0.0976619,0,0,0
0.0691281,0,0.0979867,0,0,0
0.0689323,0,0.0983206,0,0,0
0.06877,0,0.0986273,0,0,0
0.0685978,0,0.0989146,0,0,0
0.0684699,0,0.0991972,0,0,0
0.0682923,0,0.0994847,0,0,0
0.0681518,0,0.0997475,0,0,0
0.0680245,0,0.100036,0,0,0
0.0678533,0,0.100364,0,0,0
0.0676576,0,0.100687,0,0,0
0.0674974,0,0.101007,0,0,0
0.0672964,0,0.101332,0,0,0
0.0671271,0,0.101646,0,0,0
0.0669458,0,0.101978,0,0,0
0.0667515,0,0.102325,0,0,0
0.0665311,0,0.102658,0,0,0
0.0663511,0,0.102964,0,0,0
0.0661555,0,0.10325,0,0,0
0.066014,0,0.103531,0,0,0
0.0658145,0,0.103819,0,0,0
0.0656807,0,0.104119,0,0,0
0.0654556,0,0.104453,0,0,0
0.0652573,0,0.104759,0,0,0
0.0650656,0,0.105044,0,0,0
0.0649136,0,0.105347,0,0,0
0.0646881,0,0.105673,0,0,0
0.064498,0,0.105988,0,0,0
0.0642778,0,0.106301,0,0,0
0.0641114,0,0.106634,0,0,0
0.0638395,0,0.106982,0,0,0
0.0636502,0,0.107308,0,0,0
0.0634065,0,0.107642,0,0,0
0.0632023,0,0.107967,0,0,0
0.0629733,0,0.10831,0,0,0
0.0627326,0,0.10865,0,0,0
0.0625535,0,0.109067,0,0,0
0.0621506,0,0.109521,0,0,0
0.0618747,0,0.109868,0,0,0
0.0616526,0,0.110194,0,0,0
0.0614096,0,0.110524,0,0,0
0.0611759,0,0.110849,0,0,0
0.0609311,0,0.111167,0,0,0
0.060714,0,0.111486,0,0,0
0.0604544,0,0.111802,0,0,0
0.0602381,0,0.112101,0,0,0
0.0600127,0,0.112411,0,0,0
0.0597794,0,0.112744,0,0,0
0.0594993,0,0.113074,0,0,0
0.0592687,0,0.113385,0,0,0
0.0590212,0,0.113707,0,0,0
0.0587696,0,0.114039,0,0,0
0.058495,0,0.114365,0,0,0
0.0582548,0,0.114692,0,0,0
0.057969,0,0.115016,0,0,0
0.0577258,0,0.115323,0,0,0
0.0574756,0,0.115642,0,0,0
0.0571995,0,0.115959,0,0,0
0.0569542,0,0.116273,0,0,0
0.0566916,0,0.116621,0,0,0
0.0563708,0,0.116976,0,0,0
0.0560825,0,0.11731,0,0,0
0.0558081,0,0.117659,0,0,0
0.0554966,0,0.118043,0,0,0
0.0551326,0,0.118413,0,0,0
0.0548357,0,0.118751,0,0,0
0.0545303,0,0.119083,0,0,0
0.0542468,0,0.119421,0,0,0
0.053927,0,0.11977,0,0,0
0.0536202,0,0.120131,0,0,0
0.0532617,0,0.120487,0,0,0
0.0529502,0,0.120812,0,0,0
0.0526699,0,0.121171,0,0,0
0.0522812,0,0.121539,0,0,0
0.0519524,0,0.121865,0,0,0
0.0516487,0,0.122166,0,0,0
0.0513721,0,0.12247,0,0,0
0.0510592,0,0.122773,0,0,0
0.0507814,0,0.123086,0,0,0
0.0504436,0,0.1234,0,0,0
0.0501516,0,0.123704,0,0,0
0.0498422,0,0.124022,0,0,0
0.0495018,0,0.124325,0,0,0
0.0492165,0,0.124608,0,0,0
0.04893,0,0.124911,0,0,0
0.0486082,0,0.125257,0,0,0
0.0482006,0,0.125574,0,0,0
0.0479245,0,0.12586,0,0,0
0.0475986,0,0.126154,0,0,0
0.0473041,0,0.126467,0,0,0
0.0469403,0,0.126811,0,0,0
0.0465566,0,0.127149,0,0,0
0.0461941,0,0.127474,0,0,0
0.0458388,0,0.127797,0,0,0
0.0454819,0,0.128144,0,0,0
0.0450563,0,0.128466,0,0,0
0.044741,0,0.128785,0,0,0
0.0443367,0,0.129107,0,0,0
0.043985,0,0.129405,0,0,0
0.0436357,0,0.129682,0,0,0
0.0433297,0,0.129951,0,0,0
0.0430051,0,0.130227,0,0,0
0.0426749,0,0.130508,0,0,0
0.0423325,0,0.130786,0,0,0
0.0420004,0,0.13106,0,0,0
0.0416666,0,0.131334,0,0,0
0.0413271,0,0.131603,0,0,0
0.0409994,0,0.131872,0,0,0
0.0406642,0,0.132159,0,0,0
0.040286,0,0.132444,0,0,0
0.0399372,0,0.132718,0,0,0
0.0395914,0,0.133011,0,0,0
0.039194,0,0.133309,0,0,0
0.0388174,0,0.133612,0,0,0
0.0384043,0,0.133901,0,0,0
0.0380471,0,0.134195,0,0,0
0.0376301,0,0.134476,0,0,0
0.0372767,0,0.134739,0,0,0
0.0369281,0,0.135027,0,0,0
0.0365073,0,0.135328,0,0,0
0.0360996,0,0.135629,0,0,0
0.0356745,0,0.135924,0,0,0
0.0351581,0,0.136059,0,0,0
0.0346889,0,0.136179,0,0,0
0.0342206,0,0.136298,0,0,0
0.0337014,0,0.136427,0,0,0
0.0332663,0,0.136534,0,0,0
0.0327753,0,0.136652,0,0,0
0.0322986,0,0.136766,0,0,0
0.0318728,0,0.136866,0,0,0
0.0314156,0,0.136971,0,0,0
0.031007,0,0.137065,0,0,0
0.0305875,0,0.137159,0,0,0
0.0301801,0,0.137249,0,0,0
0.0297079,0,0.137352,0,0,0
0.0292909,0,0.137441,0,0,0
0.028834,0,0.137538,0,0,0
0.0284309,0,0.137622,0,0,0
0.0279672,0,0.137717,0,0,0
0.0274278,0,0.137825,0,0,0
0.0269649,0,0.137917,0,0,0
0.0264913,0,0.138008,0,0,0
0.0260157,0,0.138099,0,0,0
0.0255449,0,0.138187,0,0,0
0.0251627,0,0.138257,0,0,0
0.0247175,0,0.138337,0,0,0
0.0243378,0,0.138404,0,0,0
0.0238353,0,0.138492,0,0,0
0.0234172,0,0.138563,0,0,0
0.0229396,0,0.138643,0,0,0
0.0225255,0,0.138711,0,0,0
0.0221172,0,0.138777,0,0,0
0.0215825,0,0.138861,0,0,0
0.0211581,0,0.138926,0,0,0
0.020721,0,0.138992,0,0,0
0.0202728,0,0.139058,0,0,0
0.0197963,0,0.139127,0,0,0
0.0193822,0,0.139185,0,0,0
0.0189079,0,0.13925,0,0,0
0.0184823,0,0.139307,0,0,0
0.0179508,0,0.139377,0,0,0
0.0174738,0,0.139437,0,0,0
0.0170385,0,0.139491,0,0,0
0.0166253,0,0.139541,0,0,0
0.0162114,0,0.13959,0,0,0
0.0157521,0,0.139642,0,0,0
0.0152683,0,0.139696,0,0,0
0.0147902,0,0.139748,0,0,0
0.0143254,0,0.139796,0,0,0
0.0138359,0,0.139845,0,0,0
0.0134543,0,0.139882,0,0,0
0.0129981,0,0.139926,0,0,0
0.0125835,0,0.139963,0,0,0
0.0121166,0,0.140005,0,0,0
0.0116326,0,0.140046,0,0,0
0.0112059,0,0.14008,0,0,0
0.0107886,0,0.140113,0,0,0
0.0103054,0,0.14015,0,0,0
0.00974313,0,0.14019,0,0,0
0.00929583,0,0.14022,0,0,0
0.00884289,0,0.140249,0,0,0
0.00839764,0,0.140277,0,0,0
0.00790889,0,0.140305,0,0,0
0.0073647,0,0.140335,0,0,0
0.00689655,0,0.140359,0,0,0
0.00641319,0,0.140382,0,0,0
0.00593802,0,0.140402,0,0,0
0.00539171,0,0.140425,0,0,0
0.0049727,0,0.14044,0,0,0
0.00444036,0,0.140458,0,0,0
0.00395569,0,0.140472,0,0,0
0.00347748,0,0.140485,0,0,0
0.0030522,0,0.140495,0,0,0
0.00263294,0,0.140503,0,0,0
0.00218514,0,0.140511,0,0,0
0.00173589,0,0.140517,0,0,0
0.00119001,0,0.140523,0,0,0
0.000770961,0,0.140526,0,0,0
0.000292172,0,0.140528,0,0,0
-0,0,0.140528,0,0,0
-0,0,0.140528,0,0,0
-0,0,0.140528,0,0,0
-0,0,0.140528,0,0,0
-0,0,0.140528,0,0,0
-0,0,0.140528,0,0,0
-0,0,0.140528,0,0,0
-0,0,0.140528,0,0,0
-0,0,0.140528,0,0,0
-0,0,0.140528,0,0,0
-0,0,0.140528,0,0,0
-0,0,0.140528,0,0,0
-0,0,0.140528,0,0,0
-0,0,0.140528,0,0,0
-0,0,0.140528,0,0,0
-0,0,0.140528,0,0,0
-0,0,0.140528,0,0,0
-0,0,0.140528,0,0,0
-0,0,0.140528,0,0,0
-0,0,0.140528,0,0,0
-0,0,0.140528,0,0,0
-0,0,0.140528,0,0,0
-0,0,0.140528,0,0,0
-0,0,0.140528,0,0,0
-0,0,0.140528,0,0,0
-0,0,0.140528,0,0,0
-0,0,0.140528,0,0,0
-0,0,0.140528,0,0,0
-0,0,0.140528,0,0,0
-0,0,0.140528,0,0,0
-0,0,0.140528,0,0,0
-0,0,0.140528,0,0,0
-0,0,0.140528,0,0,0
-0,0,0.140528,0,0,0
-0,0,0.140528,0,0,0
-0,0,0.140528,0,0,0
-0,0,0.140528,0,0,0
-0,0,0.140528,0,0,0
-0,0,0.140528,0,0,0
-0,0,0.140528,0,0,0
-0,0,0.140528,0,0,0
-0,0,0.140528,0,0,0
-0,0,0.140528,0,0,0
-0,0,0.140528,0,0,0
-0,0,0.140528,0,0,0
-0,0,0.140528,0,0,0
-0,0,0.140528,0,0,0
-0,0,0.140528,0,0,0
-0,0,0.140528,0,0,0
-0,0,0.140528,0,0,0
-0,0,0.140528,0,0,0
-0,0,0.140528,0,0,0
-0,0,0.140528,0,0,0
-0,0,0.140528,0,0,0
-0,0,0.140528,0,0,0
-0,0,0.140528,0,0,0
-0,0,0.140528,0,0,0
-0,0,0.140528,0,0,0
-0,0,0.140528,0,0,0
-0,0,0.140528,0,0,0
-0,0,0.140528,0,0,0
-0,0,0.140528,0,0,0
-0,0,0.140528,0,0,0
-0,0,0.140528,0,0,0
-0,0,0.140528,0,0,0
-0,0,0.140528,0,0,0
-0,0,0.140528,0,0,0
-0,0,0.140528,0,0,0
-0,0,0.140528,0,0,0
-0,0,0.140528,0,0,0
-0,0,0.140528,0,0,0
-0,0,0.140528,0,0,0
-0,0,0.140528,0,0,0
-0,0,0.140528,0,0,0
-0,0,0.140528,0,0,0
-0,0,0.140528,0,0,0
-0,0,0.140528,0,0,0
-0,0,0.140528,0,0,0
-0,0,0.140528,0,0,0
-0,0,0.140528,0,0,0
-0,0,0.140528,0,0,0
-0,0,0.140528,0,0,0
-0,0,0.140528,0,0,0
-0,0,0.140528,0,0,0
-0,0,0.140528,0,0,0
-0,0,0.140528,0,0,0
-0,0,0.140528,0,0,0
-0,0,0.140528,0,0,0
-0,0,0.140528,0,0,0
-0,0,0.140528,0,0,0
-0,0,0.140528,0,0,0
-0,0,0.140528,0,0,0
-0,0,0.140528,0,0,0
-0,0,0.140528,0,0,0
-0,0,0.140528,0,0,0
-0,0,0.140528,0,0,0
-0,0,0.140528,0,0,0
-0,0,0.140528,0,0,0
-0,0,0.140528,0,0,0
-0,0,0.140528,0,0,0
-0,0,0.140528,0,0,0
-0,0,0.140528,0,0,0
-0,0,0.140528,0,0,0
-0,0,0.140528,0,0,0
-0,0,0.140528,0,0,0
-0,0,0.140528,0,0,0
-0,0,0.140528,0,0,0
-0,0,0.140528,0,0,0
-0,0,0.140528,0,0,0
-0,0,0.140528,0,0,0
-0,0,0.140528,0,0,0
-0,0,0.140528,0,0,0
-0,0,0.140528,0,0,0
-0,0,0.140528,0,0,0
-0,0,0.140528,0,0,0
-0,0,0.140528,0,0,0
-0,0,0.140528,0,0,0
-0,0,0.140528,0,0,0
-0,0,0.140528,0,0,0
-0,0,0.140528,0,0,0
-0,0,0.140528,0,0,0
-0,0,0.140528,0,0,0
-0,0,0.140528,0,0,0
-0,0,0.140528,0,0,0
-0,0,0.140528,0,0,0
-0,0,0.140528,0,0,0
-0,0,0.140528,0,0,0
-0,0,0.140528,0,0,0
-0,0,0.140528,0,0,0
-0,0,0.140528,0,0,0
-0,0,0.140528,0,0,0
-0,0,0.140528,0,0,0
-0,0,0.140528,0,0,0
-0,0,0.140528,0,0,0
-0,0,0.140528,0,0,0
-0,0,0.140528,0,0,0
-0,0,0.140528,0,0,0
-0,0,0.140528,0,0,0
-0,0,0.140528,0,0,0
-0,0,0.140528,0,0,0
-0,0,0.140528,0,0,0
-0,0,0.140528,0,0,0
-0,0,0.140528,0,0,0
-0,0,0.140528,0,0,0
-0,0,0.140528,0,0,0
-0,0,0.140528,0,0,0
-0,0,0.140528,0,0,0
-0,0,0.140528,0,0,0
-0,0,0.140528,0,0,0
-0,0,0.140528,0,0,0
-0,0,0.140528,0,0,0
-0,0,0.140528,0,0,0
-0,0,0.140528,0,0,0
-0,0,0.140528,0,0,0
-0,0,0.140528,0,0,0
-0,0,0.140528,0,0,0
-0,0,0.140528,0,0,0
-0,0,0.140528,0,0,0
-0,0,0.140528,0,0,0
-0,0,0.140528,0,0,0
-0,0,0.140528,0,0,0
-0,0,0.140528,0,0,0
-0,0,0.140528,0,0,0
-0,0,0.140528,0,0,0
-0,0,0.140528,0,0,0
-0,0,0.140528,0,0,0
-0,0,0.140528,0,0,0
-0,0,0.140528,0,0,0
-0,0,0.140528,0,0,0
-0,0,0.140528,0,0,0
-0,0,0.140528,0,0,0
-0,0,0.140528,0,0,0
-0,0,0.140528,0,0,0
-0,0,0.140528,0,0,0
-0,0,0.140528,0,0,0
-0,0,0.140528,0,0,0
-0,0,0.140528,0,0,0
-0,0,0.140528,0,0,0
-0,0,0.140528,0,0,0
-0,0,0.140528,0,0,0
-0,0,0.140528,0,0,0
-0,0,0.140528,0,0,0
-0,0,0.140528,0,0,0
-0,0,0.140528,0,0,0
-0,0,0.140528,0,0,0
-0,0,0.140528,0,0,0
-0,0,0.140528,0,0,0
-0,0,0.140528,0,0,0
-0,0,0.140528,0,0,0
-0,0,0.140528,0,0,0
-0,0,0.140528,0,0,0
-0,0,0.140528,0,0,0
-0,0,0.140528,0,0,0
-0,0,0.140528,0,0,0
-0,0,0.140528,0,0,0
-0,0,0.140528,0,0,0
-0,0,0.140528,0,0,0
-0,0,0.140528,0,0,0
-0,0,0.140528,0,0,0
-0,0,0.140528,0,0,0
-0,0,0.140528,0,0,0
-0,0,0.140528,0,0,0
-0,0,0.140528,0,0,0
-0,0,0.140528,0,0,0
-0,0,0.140528,0,0,0
-0,0,0.140528,0,0,0
-0,0,0.140528,0,0,0
-0,0,0.140528,0,0,0
-0,0,0.140528,0,0,0
-0,0,0.140528,0,0,0
-0,0,0.140528,0,0,0
-0,0,0.140528,0,0,0
-0,0,0.140528,0,0,0
-0,0,0.140528,0,0,0
-0,0,0.140528,0,0,0
-0,0,0.140528,0,0,0
-0,0,0.140528,0,0,0
-0,0,0.140528,0,0,0
-0,0,0.140528,0,0,0
-0,0,0.140528,0,0,0
-0,0,0.140528,0,0,0
-0,0,0.140528,0,0,0
-0,0,0.140528,0,0,0
-0,0,0.140528,0,0,0
-0,0,0.140528,0,0,0
-0,0,0.140528,0,0,0
-0,0,0.140528,0,0,0
-0,0,0.140528,0,0,0
-0,0,0.140528,0,0,0
-0,0,0.140528,0,0,0
-0,0,0.140528,0,0,0
-0,0,0.140528,0,0,0
-0,0,0.140528,0,0,0
-0,0,0.140528,0,0,0
-0,0,0.140528,0,0,0
-0,0,0.140528,0,0,0
-0,0,0.140528,0,0,0
-0,0,0.140528,0,0,0
-0,0,0.140528,0,0,0
-0,0,0.140528,0,0,0
-0,0,0.140528,0,0,0
-0,0,0.140528,0,0,0
-0,0,0.140528,0,0,0
-0,0,0.140528,0,0,0
-0,0,0.140528,0,0,0
-0,0,0.140528,0,0,0
-0,0,0.140528,0,0,0
-0,0,0.140528,0,0,0
-0,0,0.140528,0,0,0
-0,0,0.140528,0,0,0
-0,0,0.140528,0,0,0
-0,0,0.140528,0,0,0
-0,0,0.140528,0,0,0
-0,0,0.140528,0,0,0
-0,0,0.140528,0,0,0
-0,0,0.140528,0,0,0
-0,0,0.140528,0,0,0
-0,0,0.140528,0,0,0
-0,0,0.140528,0,0,0
-0,0,0.140528,0,0,0
-0,0,0.140528,0,0,0
-0,0,0.140528,0,0,0
-0,0,0.140528,0,0,0
-0,0,0.140528,0,0,0
-0,0,0.140528,0,0,0
-0,0,0.140528,0,0,0
-0,0,0.140528,0,0,0
-0,0,0.140528,0,0,0
-0,0,0.140528,0,0,0
-0,0,0.140528,0,0,0
-0,0,0.140528,0,0,0
-0,0,0.140528,0,0,0
-0,0,0.140528,0,0,0
-0,0,0.140528,0,0,0
-0,0,0.140528,0,0,0
-0,0,0.140528,0,0,0
-0,0,0.140528,0,0,0
-0,0,0.140528,0,0,0
-0,0,0.140528,0,0,0
-0,0,0.140528,0,0,0
-0,0,0.140528,0,0,0
-0,0,0.140528,0,0,0
-0,0,0.140528,0,0,0
-0,0,0.140528,0,0,0
-0,0,0.140528,0,0,0
-0,0,0.140528,0,0,0
-0,0,0.140528,0,0,0
-0,0,0.140528,0,0,0
-0,0,0.140528,0,0,0
-0,0,0.140528,0,0,0
-0,0,0.140528,0,0,0
-0,0,0.140528,0,0,0
-0,0,0.140528,0,0,0
-0,0,0.140528,0,0,0
-0,0,0.140528,0,0,0
-0,0,0.140528,0,0,0
-0,0,0.140528,0,0,0
-0,0,0.140528,0,0,0
-0,0,0.140528,0,0,0
-0,0,0.140528,0,0,0
-0,0,0.140528,0,0,0
-0,0,0.140528,0,0,0
-0,0,0.140528,0,0,0
-0,0,0.140528,0,0,0
-0,0,0.140528,0,0,0
-0,0,0.140528,0,0,0
-0,0,0.140528,0,0,0
-0,0,0.140528,0,0,0
-0,0,0.140528,0,0,0
-0,0,0.140528,0,0,0
-0,0,0.140528,0,0,0
-0,0,0.140528,0,0,0
-0,0,0.140528,0,0,0
-0,0,0.140528,0,0,0
-0,0,0.140528,0,0,0
-0,0,0.140528,0,0,0
-0,0,0.140528,0,0,0
-0,0,0.140528,0,0,0
-0,0,0.140528,0,0,0
-0,0,0.140528,0,0,0
-0,0,0.140528,0,0,0
-0,0,0.140528,0,0,0
-0,0,0.140528,0,0,0
-0,0,0.140528,0,0,0
-0,0,0.140528,0,0,0
-0,0,0.140528,0,0,0
-0,0,0.140528,0,0,0
-0,0,0.140528,0,0,0
-0,0,0.140528,0,0,0
-0,0,0.140528,0,0,0
-0,0,0.140528,0,0,0
-0,0,0.140528,0,0,0
-0,0,0.140528,0,0,0
-0,0,0.140528,0,0,0
-0,0,0.140528,0,0,0
-0,0,0.140528,0,0,0
-0,0,0.140528,0,0,0
-0,0,0.140528,0,0,0
-0,0,0.140528,0,0,0
-0,0,0.140528,0,0,0
-0,0,0.140528,0,0,0
-0,0,0.140528,0,0,0
-0,0,0.140528,0,0,0
-0,0,0.140528,0,0,0
-0,0,0.140528,0,0,0
-0,0,0.140528,0,0,0
-0,0,0.140528,0,0,0
-0,0,0.140528,0,0,0
-0,0,0.140528,0,0,0
-0,0,0.140528,0,0,0
-0,0,0.140528,0,0,0
-0,0,0.140528,0,0,0
-0,0,0.140528,0,0,0
-0,0,0.140528,0,0,0
-0,0,0.140528,0,0,0
-0,0,0.140528,0,0,0
-0,0,0.140528,0,0,0
-0,0,0.140528,0,0,0
-0,0,0.140528,0,0,0
-0,0,0.140528,0,0,0
-0,0,0.140528,0,0,0
-0,0,0.140528,0,0,0
-0,0,0.140528,0,0,0
-0,0,0.140528,0,0,0
-0,0,0.140528,0,0,0
-0,0,0.140528,0,0,0
-0,0,0.140528,0,0,0
-0,0,0.140528,0,0,0
-0,0,0.140528,0,0,0
-0,0,0.140528,0,0,0
-0,0,0.140528,0,0,0
-0,0,0.140528,0,0,0
-0,0,0.140528,0,0,0
-0,0,0.140528,0,0,0
-0,0,0.140528,0,0,0
-0,0,0.140528,0,0,0
-0,0,0.140528,0,0,0
-0,0,0.140528,0,0,0
-7.04566e-05,0,0.140528,0,0,0
-0.000621007,0,0.140527,0,0,0
-0.00110068,0,0.140524,0,0,0
-0.00158301,0,0.140519,0,0,0
-0.00206341,0,0.140513,0,0,0
-0.0024701,0,0.140506,0,0,0
-0.00289288,0,0.140498,0,0,0
-0.00332126,0,0.140489,0,0,0
-0.00377302,0,0.140477,0,0,0
-0.00422162,0,0.140465,0,0,0
-0.00469321,0,0.14045,0,0,0
-0.00511751,0,0.140435,0,0,0
-0.00559699,0,0.140416,0,0,0
-0.00601717,0,0.140399,0,0,0
-0.00652592,0,0.140376,0,0,0
-0.00704121,0,0.140351,0,0,0
-0.00751512,0,0.140327,0,0,0
-0.00800243,0,0.1403,0,0,0
-0.00838816,0,0.140277,0,0,0
-0.00883772,0,0.14025,0,0,0
-0.00925421,0,0.140223,0,0,0
-0.00979746,0,0.140186,0,0,0
-0.0102711,0,0.140152,0,0,0
-0.0107497,0,0.140116,0,0,0
-0.0112978,0,0.140073,0,0,0
-0.0117743,0,0.140034,0,0,0
-0.0122485,0,0.139993,0,0,0
-0.0126625,0,0.139956,0,0,0
-0.0132021,0,0.139906,0,0,0
-0.0136837,0,0.13986,0,0,0
-0.0141277,0,0.139816,0,0,0
-0.0145188,0,0.139776,0,0,0
-0.0149335,0,0.139732,0,0,0
-0.0154182,0,0.13968,0,0,0
-0.0158958,0,0.139626,0,0,0
-0.0163744,0,0.139571,0,0,0
-0.0168501,0,0.139514,0,0,0
-0.017383,0,0.139449,0,0,0
-0.0178259,0,0.139393,0,0,0
-0.0183334,0,0.139327,0,0,0
-0.0188154,0,0.139263,0,0,0
-0.0192923,0,0.139197,0,0,0
-0.0198225,0,0.139123,0,0,0
-0.020305,0,0.139053,0,0,0
-0.0207705,0,0.138985,0,0,0
-0.0212526,0,0.138912,0,0,0
-0.0217182,0,0.13884,0,0,0
-0.022131,0,0.138774,0,0,0
-0.0225562,0,0.138706,0,0,0
-0.0230228,0,0.138629,0,0,0
-0.0234445,0,0.138559,0,0,0
-0.0239731,0,0.138468,0,0,0
-0.0244451,0,0.138386,0,0,0
-0.024916,0,0.138302,0,0,0
-0.0253617,0,0.13822,0,0,0
-0.0258067,0,0.138138,0,0,0
-0.0262204,0,0.13806,0,0,0
-0.0266365,0,0.13798,0,0,0
-0.0271004,0,0.13789,0,0,0
-0.0275774,0,0.137796,0,0,0
-0.0280419,0,0.137702,0,0,0
-0.0284587,0,0.137616,0,0,0
-0.0288989,0,0.137524,0,0,0
-0.029328,0,0.137434,0,0,0
-0.0298109,0,0.13733,0,0,0
-0.0302191,0,0.13724,0,0,0
-0.0307479,0,0.137123,0,0,0
-0.0312762,0,0.137003,0,0,0
-0.0317413,0,0.136896,0,0,0
-0.0322063,0,0.136788,0,0,0
-0.0325801,0,0.136699,0,0,0
-0.0329867,0,0.136602,0,0,0
-0.033389,0,0.136504,0,0,0
-0.0338445,0,0.136392,0,0,0
-0.0343043,0,0.136277,0,0,0
-0.0347651,0,0.136138,0,0,0
-0.0352164,0,0.135823,0,0,0
-0.0356615,0,0.135519,0,0,0
-0.0360829,0,0.135254,0,0,0
-0.0364114,0,0.134988,0,0,0
-0.0368076,0,0.134731,0,0,0
-0.0371294,0,0.134486,0,0,0
-0.0374646,0,0.134226,0,0,0
-0.0378159,0,0.133939,0,0,0
-0.0382239,0,0.133658,0,0,0
-0.0385597,0,0.133346,0,0,0
-0.0390186,0,0.133015,0,0,0
-0.0394344,0,0.132711,0,0,0
-0.0398087,0,0.132407,0,0,0
-0.0402124,0,0.132124,0,0,0
-0.0405384,0,0.131852,0,0,0
-0.0408885,0,0.13157,0,0,0
-0.0412329,0,0.131256,0,0,0
-0.0416591,0,0.130953,0,0,0
-0.0419969,0,0.130682,0,0,0
-0.0423165,0,0.130408,0,0,0
-0.0426473,0,0.130108,0,0,0
-0.0430339,0,0.129814,0,0,0
-0.0433423,0,0.129494,0,0,0
-0.0437769,0,0.129178,0,0,0
-0.0440896,0,0.128857,0,0,0
-0.0445039,0,0.12852,0,0,0
-0.0448732,0,0.128198,0,0,0
-0.0452369,0,0.12788,0,0,0
-0.0455912,0,0.127558,0,0,0
-0.0459474,0,0.127214,0,0,0
-0.0463553,0,0.126883,0,0,0
-0.0466889,0,0.126578,0,0,0
-0.047024,0,0.126287,0,0,0
-0.0473222,0,0.126001,0,0,0
-0.0476211,0,0.125674,0,0,0
-0.0480151,0,0.125351,0,0,0
-0.0483184,0,0.12506,0,0,0
-0.048617,0,0.124749,0,0,0
-0.0489557,0,0.12442,0,0,0
-0.0492993,0,0.124104,0,0,0
-0.0496055,0,0.123796,0,0,0
-0.0499262,0,0.123498,0,0,0
-0.0501934,0,0.123165,0,0,0
-0.0505737,0,0.122801,0,0,0
-0.0509279,0,0.122469,0,0,0
-0.0512284,0,0.122147,0,0,0
-0.0515573,0,0.121833,0,0,0
-0.0518381,0,0.121528,0,0,0
-0.0521376,0,0.12122,0,0,0
-0.0524178,0,0.120897,0,0,0
-0.0527478,0,0.120579,0,0,0
-0.053008,0,0.120255,0,0,0
-0.0533432,0,0.119919,0,0,0
-0.0536188,0,0.119567,0,0,0
-0.0539716,0,0.119183,0,0,0
-0.0543219,0,0.118825,0,0,0
-0.05462,0,0.118489,0,0,0
-0.0549233,0,0.118162,0,0,0
-0.0551866,0,0.117822,0,0,0
-0.0555118,0,0.117469,0,0,0
-0.0558126,0,0.117153,0,0,0
-0.0560649,0,0.116862,0,0,0
-0.0563022,0,0.11656,0,0,0
-0.0565623,0,0.116232,0,0,0
-0.056852,0,0.1159,0,0,0
-0.0571163,0,0.115579,0,0,0
-0.0573835,0,0.115259,0,0,0
-0.0576369,0,0.114936,0,0,0
-0.0579022,0,0.114602,0,0,0
-0.0581693,0,0.114259,0,0,0
-0.0584591,0,0.113933,0,0,0
-0.0586736,0,0.113593,0,0,0
-0.058985,0,0.113227,0,0,0
-0.0592551,0,0.112889,0,0,0
-0.0595098,0,0.112564,0,0,0
-0.0597592,0,0.112252,0,0,0
-0.0599809,0,0.111941,0,0,0
-0.060222,0,0.111617,0,0,0
-0.0604455,0,0.111259,0,0,0
-0.0607607,0,0.110908,0,0,0
-0.0609557,0,0.110564,0,0,0
-0.0612446,0,0.110175,0,0,0
-0.0615382,0,0.109829,0,0,0
-0.0617459,0,0.109513,0,0,0
-0.061982,0,0.109187,0,0,0
-0.0621965,0,0.108851,0,0,0
-0.0624553,0,0.108518,0,0,0
-0.0626539,0,0.108194,0,0,0
-0.0629025,0,0.107867,0,0,0
-0.0630967,0,0.107551,0,0,0
-0.0633234,0,0.10722,0,0,0
-0.0635334,0,0.106884,0,0,0
-0.0637815,0,0.106567,0,0,0
-0.0639394,0,0.106247,0,0,0
-0.064181,0,0.105884,0,0,0
-0.0644118,0,0.105531,0,0,0
-0.0646322,0,0.105181,0,0,0
-0.0648619,0,0.104843,0,0,0
-0.0650525,0,0.104507,0,0,0
-0.0652793,0,0.104164,0,0,0
-0.0654758,0,0.103829,0,0,0
-0.0656952,0,0.103503,0,0,0
-0.0658744,0,0.103194,0,0,0
-0.0660402,0,0.102844,0,0,0
-0.0662886,0,0.102473,0,0,0
-0.0664854,0,0.102129,0,0,0
-0.0665501,0,0.101571,0,0,0
-0.0671763,0,0.100977,0,0,0
-0.0673269,0,0.100669,0,0,0
-0.067505,0,0.100327,0,0,0
-0.067701,0,0.0999744,0,0,0
-0.0678793,0,0.0996047,0,0,0
-0.0681065,0,0.099231,0,0,0
-0.0682907,0,0.0988843,0,0,0
-0.0684756,0,0.0985383,0,0,0
-0.0686525,0,0.0981903,0,0,0
-0.0688481,0,0.0978543,0,0,0
-0.0690079,0,0.0975416,0,0,0
-0.069159,0,0.0972166,0,0,0
-0.0693404,0,0.0968902,0,0,0
-0.0694934,0,0.0965825,0,0,0
-0.0696335,0,0.0962574,0,0,0
-0.0698053,0,0.0959118,0,0,0
-0.0699804,0,0.095582,0,0,0
-0.0701196,0,0.0952555,0,0,0
-0.0702946,0,0.094924,0,0,0
-0.0704099,0,0.0945715,0,0,0
-0.0706265,0,0.0941972,0,0,0
-0.0707698,0,0.0938639,0,0,0
-0.0709452,0,0.0935447,0,0,0
-0.0710589,0,0.0932422,0,0,0
-0.071205,0,0.0929139,0,0,0
-0.071351,0,0.0925873,0,0,0
-0.0714701,0,0.0922349,0,0,0
-0.0716704,0,0.0918826,0,0,0
-0.0717714,0,0.0915554,0,0,0
-0.0719384,0,0.0911963,0,0,0
-0.0720822,0,0.0908588,0,0,0
-0.0722171,0,0.0905226,0,0,0
-0.0723604,0,0.0901886,0,0,0
-0.0724901,0,0.0898623,0,0,0
-0.0726272,0,0.0895427,0,0,0
-0.0727366,0,0.0892212,0,0,0
-0.072868,0,0.0888778,0,0,0
-0.072987,0,0.0885158,0,0,0
-0.0731479,0,0.0881479,0,0,0
-0.0732725,0,0.0878025,0,0,0
-0.073407,0,0.0874582,0,0,0
-0.0735391,0,0.087135,0,0,0
-0.0736391,0,0.0868175,0,0,0
-0.0737744,0,0.0865021,0,0,0
-0.0738636,0,0.0862014,0,0,0
-0.0739682,0,0.085873,0,0,0
-0.0740674,0,0.0855135,0,0,0
-0.0742299,0,0.085161,0,0,0
-0.0743083,0,0.0848378,0,0,0
-0.0744474,0,0.0845031,0,0,0
-0.074536,0,0.0841952,0,0,0
-0.0746318,0,0.0838656,0,0,0
-0.0747553,0,0.0835421,0,0,0
-0.0748331,0,0.0832291,0,0,0
-0.0749376,0,0.0828931,0,0,0
-0.0750217,0,0.0825406,0,0,0
-0.0751588,0,0.0821864,0,0,0
-0.0752309,0,0.0818504,0,0,0
-0.0753498,0,0.0814953,0,0,0
-0.0754428,0,0.0811593,0,0,0
-0.0755322,0,0.080815,0,0,0
-0.0756402,0,0.0804745,0,0,0
-0.0757058,0,0.0801299,0,0,0
-0.0758076,0,0.0797522,0,0,0
-0.0759453,0,0.0794186,0,0,0
-0.0759961,0,0.0791308,0,0,0
-0.0760685,0,0.0788062,0,0,0
-0.0761537,0,0.0784715,0,0,0
-0.0762499,0,0.0781556,0,0,0
-0.0763049,0,0.0778495,0,0,0
-0.0764046,0,0.0775428,0,0,0
-0.0764519,0,0.0772558,0,0,0
-0.0765274,0,0.0769491,0,0,0
-0.0765848,0,0.0766406,0,0,0
-0.0766703,0,0.0763319,0,0,0
-0.0767148,0,0.0760293,0,0,0
-0.0767767,0,0.0756931,0,0,0
-0.0768612,0,0.0753578,0,0,0
-0.076919,0,0.0750364,0,0,0
-0.076989,0,0.0747103,0,0,0
-0.0770479,0,0.0743883,0,0,0
-0.0771247,0,0.0740764,0,0,0
-0.0771611,0,0.0737711,0,0,0
-0.0772388,0,0.0734566,0,0,0
-0.0772742,0,0.0731541,0,0,0
-0.0773175,0,0.0728159,0,0,0
-0.0773881,0,0.0724677,0,0,0
-0.0774494,0,0.0721414,0,0,0
-0.0775136,0,0.0718379,0,0,0
-0.0775386,0,0.0715373,0,0,0
-0.077601,0,0.0712199,0,0,0
-0.0776428,0,0.0709189,0,0,0
-0.0776993,0,0.0706263,0,0,0
-0.0776971,0,0.0703159,0,0,0
-0.0777681,0,0.0699652,0,0,0
-0.0778119,0,0.069647,0,0,0
-0.0778509,0,0.0693308,0,0,0
-0.0778891,0,0.0690127,0,0,0
-0.077908,0,0.0686773,0,0,0
-0.0779712,0,0.0683343,0,0,0
-0.0780021,0,0.0680204,0,0,0
-0.078038,0,0.0677042,0,0,0
-0.0780902,0,0.0674096,0,0,0
-0.0781049,0,0.0671349,0,0,0
-0.0781381,0,0.0668499,0,0,0
-0.0781329,0,0.0665482,0,0,0
-0.0781896,0,0.0662278,0,0,0
-0.0781804,0,0.0659189,0,0,0
-0.078227,0,0.0655817,0,0,0
-0.0782488,0,0.0652714,0,0,0
-0.0782534,0,0.0649465,0,0,0
-0.078312,0,0.0646291,0,0,0
-0.0783064,0,0.0643444,0,0,0
-0.078354,0,0.064055,0,0,0
-0.078347,0,0.0637907,0,0,0
-0.0783715,0,0.0635079,0,0,0
-0.078349,0,0.0632117,0,0,0
-0.0783989,0,0.0628981,0,0,0
-0.0783779,0,0.0626091,0,0,0
-0.0783908,0,0.0622812,0,0,0
-0.0784093,0,0.0619644,0,0,0
-0.0784206,0,0.0616641,0,0,0
-0.0784367,0,0.061378,0,0,0
-0.0784261,0,0.0610944,0,0,0
-0.0784482,0,0.060806,0,0,0
-0.0784323,0,0.0605288,0,0,0
-0.0784514,0,0.0602424,0,0,0
-0.0784163,0,0.0599532,0,0,0
-0.0784313,0,0.0596313,0,0,0
-0.0784324,0,0.0593344,0,0,0
-0.0784225,0,0.0590383,0,0,0
-0.0784392,0,0.0587513,0,0,0
-0.078428,0,0.0584887,0,0,0
-0.0784134,0,0.0582133,0,0,0
-0.0784115,0,0.0579329,0,0,0
-0.0783983,0,0.057658,0,0,0
-0.0783629,0,0.0573596,0,0,0
-0.0783699,0,0.0570453,0,0,0
-0.0783548,0,0.056756,0,0,0
-0.0783382,0,0.0564633,0,0,0
-0.0783245,0,0.05617,0,0,0
-0.0782891,0,0.0558669,0,0,0
-0.0782899,0,0.0555566,0,0,0
-0.0782681,0,0.0552711,0,0,0
-0.0782402,0,0.0549777,0,0,0
-0.0782142,0,0.0546737,0,0,0
-0.078199,0,0.0543732,0,0,0
-0.0781779,0,0.0540869,0,0,0
-0.0781324,0,0.0537912,0,0,0
-0.0781404,0,0.0534976,0,0,0
-0.0781158,0,0.0532494,0,0,0
-0.0780913,0,0.0530015,0,0,0
-0.0780586,0,0.0527502,0,0,0
-0.0780092,0,0.052477,0,0,0
-0.0780018,0,0.0521969,0,0,0
-0.077985,0,0.0519564,0,0,0
-0.0779379,0,0.0517177,0,0,0
-0.0778963,0,0.0514502,0,0,0
-0.0778838,0,0.0511879,0,0,0
-0.077808,0,0.0509239,0,0,0
-0.0777957,0,0.050629,0,0,0
-0.0777393,0,0.0503573,0,0,0
-0.0776877,0,0.0500579,0,0,0
-0.0776839,0,0.0497766,0,0,0
-0.0776527,0,0.0495473,0,0,0
-0.0775982,0,0.0493116,0,0,0
-0.07755,0,0.0490506,0,0,0
-0.0775222,0,0.0487932,0,0,0
-0.0774742,0,0.0485505,0,0,0
-0.0774248,0,0.0482964,0,0,0
-0.0773776,0,0.0480359,0,0,0
-0.0773477,0,0.047786,0,0,0
-0.0772807,0,0.0475413,0,0,0
-0.0772518,0,0.0472845,0,0,0
-0.0771681,0,0.0470296,0,0,0
-0.0771289,0,0.0467452,0,0,0
-0.0770838,0,0.0464882,0,0,0
-0.0770318,0,0.0462405,0,0,0
-0.0769712,0,0.0459879,0,0,0
-0.0769182,0,0.0457294,0,0,0
-0.0768741,0,0.0454823,0,0,0
-0.0768053,0,0.045239,0,0,0
-0.0767681,0,0.0449921,0,0,0
-0.0766727,0,0.044744,0,0,0
-0.0766362,0,0.0444702,0,0,0
-0.0765572,0,0.0442196,0,0,0
-0.0765093,0,0.0439586,0,0,0
-0.0764597,0,0.0437244,0,0,0
-0.0763932,0,0.0434965,0,0,0
-0.076342,0,0.0432649,0,0,0
-0.0762646,0,0.0430336,0,0,0
-0.0761975,0,0.042783,0,0,0
-0.0761133,0,0.0425241,0,0,0
-0.076066,0,0.0422656,0,0,0
-0.0759675,0,0.0420179,0,0,0
-0.0759115,0,0.0417501,0,0,0
-0.0758577,0,0.0415168,0,0,0
-0.0757714,0,0.0412885,0,0,0
-0.0756987,0,0.0410397,0,0,0
-0.0756245,0,0.040794,0,0,0
-0.07558,0,0.0405663,0,0,0
-0.075478,0,0.0403479,0,0,0
-0.0754246,0,0.0401056,0,0,0
-0.0753194,0,0.0398722,0,0,0
-0.075249,0,0.0396133,0,0,0
-0.0751697,0,0.0393721,0,0,0
-0.0750682,0,0.0391214,0,0,0
-0.0749722,0,0.0388496,0,0,0
-0.0749074,0,0.0385906,0,0,0
-0.0748206,0,0.0383581,0,0,0
-0.0747579,0,0.0381316,0,0,0
-0.0746873,0,0.037928,0,0,0
-0.0746066,0,0.0377242,0,0,0
-0.0745145,0,0.0375064,0,0,0
-0.0744454,0,0.0372843,0,0,0
-0.0743374,0,0.0370634,0,0,0
-0.0742483,0,0.0368183,0,0,0
-0.0741584,0,0.0365807,0,0,0
-0.0740513,0,0.036339,0,0,0
-0.0739893,0,0.0361037,0,0,0
-0.0739072,0,0.0359037,0,0,0
-0.0738153,0,0.0356975,0,0,0
-0.073732,0,0.0354854,0,0,0
-0.0736636,0,0.0352868,0,0,0
-0.073557,0,0.0350903,0,0,0
-0.0734681,0,0.0348704,0,0,0
-0.073369,0,0.0346528,0,0,0
-0.0732898,0,0.0344382,0,0,0
-0.0731888,0,0.0342332,0,0,0
-0.0731132,0,0.0340263,0,0,0
-0.0729769,0,0.0338139,0,0,0
-0.0728931,0,0.0335726,0,0,0
-0.0728055,0,0.0333646,0,0,0
-0.072707,0,0.033163,0,0,0
-0.0726211,0,0.0329616,0,0,0
-0.0725117,0,0.0327615,0,0,0
-0.0724288,0,0.0325554,0,0,0
-0.0723166,0,0.0323573,0,0,0
-0.0722155,0,0.0321439,0,0,0
-0.0721156,0,0.0319361,0,0,0
-0.0720225,0,0.0317355,0,0,0
-0.0719116,0,0.0315367,0,0,0
-0.0718239,0,0.0313354,0,0,0
-0.0717094,0,0.0311416,0,0,0
-0.0716015,0,0.0309329,0,0,0
-0.0715034,0,0.0307298,0,0,0
-0.0713782,0,0.0305262,0,0,0
-0.0712719,0,0.0303101,0,0,0
-0.071154,0,0.0301014,0,0,0
-0.0710543,0,0.0298951,0,0,0
-0.0709141,0,0.0296884,0,0,0
-0.0707898,0,0.0294576,0,0,0
-0.0707045,0,0.0292493,0,0,0
-0.0705642,0,0.0290573,0,0,0
-0.0704776,0,0.0288513,0,0,0
-0.0703303,0,0.0286589,0,0,0
-0.0702086,0,0.0284357,0,0,0
-0.0701105,0,0.0282336,0,0,0
-0.0700128,0,0.0280574,0,0,0
-0.0699061,0,0.0278869,0,0,0
-0.0697948,0,0.0277106,0,0,0
-0.0696817,0,0.0275294,0,0,0
-0.0695787,0,0.0273504,0,0,0
-0.0694525,0,0.0271716,0,0,0
-0.0693209,0,0.0269746,0,0,0
-0.0692133,0,0.0267791,0,0,0
-0.0690908,0,0.0265971,0,0,0
-0.0689851,0,0.0264157,0,0,0
-0.0688613,0,0.0262408,0,0,0
-0.0687368,0,0.0260555,0,0,0
-0.0686134,0,0.0258684,0,0,0
-0.0684875,0,0.0256818,0,0,0
-0.0683653,0,0.0254963,0,0,0
-0.0682151,0,0.0253045,0,0,0
-0.0680955,0,0.0251038,0,0,0
-0.0679686,0,0.0249211,0,0,0
-0.0678383,0,0.0247378,0,0,0
-0.0677334,0,0.0245625,0,0,0
-0.0675969,0,0.0243963,0,0,0
-0.0674752,0,0.0242171,0,0,0
-0.0673728,0,0.0240529,0,0,0
-0.0672464,0,0.0238979,0,0,0
-0.0670927,0,0.0237201,0,0,0
-0.0669653,0,0.0235288,0,0,0
-0.0668356,0,0.0233525,0,0,0
-0.0667027,0,0.0231782,0,0,0
-0.0665914,0,0.0230109,0,0,0
-0.0664683,0,0.0228564,0,0,0
-0.0663398,0,0.0226961,0,0,0
-0.0662029,0,0.0225291,0,0,0
-0.0660923,0,0.0223652,0,0,0
-0.0659295,0,0.0222024,0,0,0
-0.0658006,0,0.0220185,0,0,0
-0.0656618,0,0.0218498,0,0,0
-0.0655259,0,0.0216801,0,0,0
-0.0653924,0,0.021514,0,0,0
-0.0652769,0,0.0213571,0,0,0
-0.0651534,0,0.0212117,0,0,0
-0.0650117,0,0.0210587,0,0,0
-0.064893,0,0.0209011,0,0,0
-0.0647275,0,0.0207429,0,0,0
-0.0646185,0,0.0205747,0,0,0
-0.0644485,0,0.0204209,0,0,0
-0.0642912,0,0.0202379,0,0,0
-0.064181,0,0.020073,0,0,0
-0.0640525,0,0.0199352,0,0,0
-0.0639289,0,0.0197939,0,0,0
-0.0637825,0,0.0196487,0,0,0
-0.0636715,0,0.0195009,0,0,0
-0.0635137,0,0.0193603,0,0,0
-0.0633947,0,0.019206,0,0,0
-0.0632511,0,0.0190656,0,0,0
-0.0631343,0,0.0189221,0,0,0
-0.0629878,0,0.0187857,0,0,0
-0.0628531,0,0.0186378,0,0,0
-0.0627038,0,0.0184913,0,0,0
-0.0625356,0,0.018332,0,0,0
-0.062397,0,0.0181697,0,0,0
-0.0622504,0,0.0180223,0,0,0
-0.0621341,0,0.0178827,0,0,0
-0.0619934,0,0.017755,0,0,0
-0.0618677,0,0.0176207,0,0,0
-0.0617153,0,0.0174869,0,0,0
-0.0615915,0,0.0173474,0,0,0
-0.0614339,0,0.017214,0,0,0
-0.0613093,0,0.0170733,0,0,0
-0.0611565,0,0.0169423,0,0,0
-0.0610292,0,0.0168055,0,0,0
-0.0608767,0,0.0166754,0,0,0
-0.0607248,0,0.0165339,0,0,0
-0.060577,0,0.0163931,0,0,0
-0.0604455,0,0.0162599,0,0,0
-0.0603135,0,0.016137,0,0,0
-0.0601593,0,0.0160102,0,0,0
-0.0600313,0,0.015879,0,0,0
-0.0598541,0,0.0157485,0,0,0
-0.0597001,0,0.0156,0,0,0
-0.059548,0,0.0154624,0,0,0
-0.0593999,0,0.0153292,0,0,0
-0.059263,0,0.0152023,0,0,0
-0.0591287,0,0.0150833,0,0,0
-0.0589955,0,0.0149676,0,0,0
-0.0588354,0,0.0148468,0,0,0
-0.0586834,0,0.0147149,0,0,0
-0.0585042,0,0.0145797,0,0,0
-0.0583507,0,0.0144383,0,0,0
-0.0582026,0,0.0143109,0,0,0
-0.058042,0,0.0141855,0,0,0
-0.0579129,0,0.0140629,0,0,0
-0.0577852,0,0.0139566,0,0,0
-0.0576479,0,0.0138513,0,0,0
-0.0574877,0,0.0137366,0,0,0
-0.0573353,0,0.0136129,0,0,0
-0.0571953,0,0.0134954,0,0,0
-0.0570574,0,0.0133857,0,0,0
-0.0568996,0,0.0132738,0,0,0
-0.056738,0,0.0131525,0,0,0
-0.0565615,0,0.0130258,0,0,0
-0.0564217,0,0.0129013,0,0,0
-0.0562372,0,0.012784,0,0,0
-0.0560822,0,0.0126552,0,0,0
-0.05592,0,0.0125375,0,0,0
-0.0557576,0,0.0124185,0,0,0
-0.055622,0,0.0123061,0,0,0
-0.0554616,0,0.0122012,0,0,0
-0.0553193,0,0.0120911,0,0,0
-0.0551573,0,0.0119846,0,0,0
-0.055016,0,0.0118753,0,0,0
-0.0548314,0,0.0117659,0,0,0
-0.0546466,0,0.0116391,0,0,0
-0.0544844,0,0.0115164,0,0,0
-0.054325,0,0.011405,0,0,0
-0.0541596,0,0.0112952,0,0,0
-0.0539991,0,0.0111849,0,0,0
-0.0538333,0,0.0110763,0,0,0
-0.0536517,0,0.0109632,0,0,0
-0.0534859,0,0.0108475,0,0,0
-0.0533213,0,0.0107391,0,0,0
-0.0531636,0,0.0106338,0,0,0
-0.0530136,0,0.0105338,0,0,0
-0.0528494,0,0.010435,0,0,0
-0.0527134,0,0.0103371,0,0,0
-0.0525595,0,0.0102473,0,0,0
-0.0523976,0,0.0101502,0,0,0
-0.0522257,0,0.0100484,0,0,0
-0.0520597,0,0.00994427,0,0,0
-0.0519219,0,0.00984832,0,0,0
-0.0517719,0,0.0097618,0,0,0
-0.0516278,0,0.00967313,0,0,0
-0.0514566,0,0.00958202,0,0,0
-0.0512893,0,0.00948219,0,0,0
-0.0511012,0,0.00938009,0,0,0
-0.0509364,0,0.00927544,0,0,0
-0.0507781,0,0.00918095,0,0,0
-0.0506111,0,0.00908854,0,0,0
-0.0504515,0,0.00899521,0,0,0
-0.050318,0,0.00890971,0,0,0
-0.0501586,0,0.00882977,0,0,0
-0.0499878,0,0.00873978,0,0,0
-0.0498179,0,0.0086461,0,0,0
-0.0496267,0,0.00854954,0,0,0
-0.0494591,0,0.00845044,0,0,0
-0.0492924,0,0.00836007,0,0,0
-0.049121,0,0.00827039,0,0,0
-0.0489523,0,0.00818036,0,0,0
-0.0488036,0,0.0080952,0,0,0
-0.0486547,0,0.0080174,0,0,0
-0.0484838,0,0.00793687,0,0,0
-0.0483376,0,0.00785371,0,0,0
-0.0481631,0,0.00777435,0,0,0
-0.0480323,0,0.00769382,0,0,0
-0.0478619,0,0.00762125,0,0,0
-0.047715,0,0.00754091,0,0,0
-0.0475447,0,0.00746438,0,0,0
-0.0473947,0,0.00738457,0,0,0
-0.0472225,0,0.00730795,0,0,0
-0.0470738,0,0.00722896,0,0,0
-0.0468995,0,0.00715362,0,0,0
-0.0467523,0,0.00707543,0,0,0
-0.0465808,0,0.00700213,0,0,0
-0.0464048,0,0.00692173,0,0,0
-0.0462316,0,0.00684079,0,0,0
-0.0460826,0,0.00676484,0,0,0
-0.0459349,0,0.00669688,0,0,0
-0.0457589,0,0.00662601,0,0,0
-0.0455843,0,0.00654768,0,0,0
-0.0454126,0,0.00647053,0,0,0
-0.0452507,0,0.00639627,0,0,0
-0.0450701,0,0.0063228,0,0,0
-0.044907,0,0.00624723,0,0,0
-0.0447402,0,0.0061765,0,0,0
-0.0445877,0,0.00610747,0,0,0
-0.0444126,0,0.0060398,0,0,0
-0.0442389,0,0.00596688,0,0,0
-0.0440661,0,0.00589487,0,0,0
-0.0438941,0,0.00582382,0,0,0
-0.0437188,0,0.00575319,0,0,0
-0.0435181,0,0.00567901,0,0,0
-0.0433465,0,0.00560265,0,0,0
-0.0431715,0,0.00553387,0,0,0
-0.0429971,0,0.00546515,0,0,0
-0.0428322,0,0.00539837,0,0,0
-0.0426316,0,0.00533009,0,0,0
-0.0424721,0,0.00525872,0,0,0
-0.0422726,0,0.00519298,0,0,0
-0.0420981,0,0.00512139,0,0,0
-0.0419276,0,0.00505677,0,0,0
-0.0417357,0,0.00499131,0,0,0
-0.0415476,0,0.00492184,0,0,0
-0.0413727,0,0.00485535,0,0,0
-0.0411764,0,0.00479013,0,0,0
-0.041036,0,0.00472709,0,0,0
-0.0408657,0,0.00467392,0,0,0
-0.04071,0,0.00461637,0,0,0
-0.0405421,0,0.00456109,0,0,0
-0.0403815,0,0.00450441,0,0,0
-0.0402245,0,0.0044502,0,0,0
-0.0400801,0,0.00439866,0,0,0
-0.0398962,0,0.00434601,0,0,0
-0.0397395,0,0.00428827,0,0,0
-0.0395403,0,0.00423214,0,0,0
-0.0393864,0,0.00417243,0,0,0
-0.0391828,0,0.00411742,0,0,0
-0.039006,0,0.00405557,0,0,0
-0.0388287,0,0.00399961,0,0,0
-0.0386536,0,0.00394444,0,0,0
-0.0385104,0,0.00389348,0,0,0
-0.0383428,0,0.00384695,0,0,0
-0.0381854,0,0.00379709,0,0,0
-0.038008,0,0.00374764,0,0,0
-0.0378521,0,0.00369687,0,0,0
-0.0376848,0,0.00364955,0,0,0
-0.0375184,0,0.00360062,0,0,0
-0.0373714,0,0.00355413,0,0,0
-0.0372062,0,0.00351002,0,0,0
-0.0370081,0,0.00345988,0,0,0
-0.0368294,0,0.00340587,0,0,0
-0.0366515,0,0.00335596,0,0,0
-0.0364941,0,0.00330863,0,0,0
-0.0363368,0,0.00326546,0,0,0
-0.036161,0,0.00322112,0,0,0
-0.0360025,0,0.00317546,0,0,0
-0.0358001,0,0.00312937,0,0,0
-0.0356276,0,0.00307879,0,0,0
-0.0354447,0,0.00303289,0,0,0
-0.0352641,0,0.00298597,0,0,0
-0.0351074,0,0.00294192,0,0,0
-0.0349506,0,0.00290227,0,0,0
-0.034793,0,0.00286298,0,0,0
-0.0346294,0,0.00282342,0,0,0
-0.0344554,0,0.00278242,0,0,0
-0.0342847,0,0.00274044,0,0,0
-0.0341356,0,0.00270111,0,0,0
-0.0339411,0,0.00266198,0,0,0
-0.0337846,0,0.00261921,0,0,0
-0.0335808,0,0.00257902,0,0,0
-0.0334023,0,0.00253406,0,0,0
-0.0332211,0,0.00249315,0,0,0
-0.0330207,0,0.00245093,0,0,0
-0.0328757,0,0.00241042,0,0,0
-0.0327065,0,0.00237662,0,0,0
-0.0325249,0,0.00233887,0,0,0
-0.032345,0,0.00229986,0,0,0
-0.0321879,0,0.00226312,0,0,0
-0.0320091,0,0.00222843,0,0,0
-0.0318494,0,0.00219247,0,0,0
-0.0316458,0,0.00215648,0,0,0
-0.0314517,0,0.00211568,0,0,0
-0.0313053,0,0.00207978,0,0,0
-0.0311704,0,0.00205131,0,0,0
-0.0309974,0,0.00202218,0,0,0
-0.0308147,0,0.00198781,0,0,0
-0.030633,0,0.00195264,0,0,0
-0.0304538,0,0.00191815,0,0,0
-0.0302993,0,0.00188593,0,0,0
-0.0301142,0,0.00185523,0,0,0
-0.0299384,0,0.00182176,0,0,0
-0.0297744,0,0.00179049,0,0,0
-0.029621,0,0.00176162,0,0,0
-0.0294398,0,0.00173268,0,0,0
-0.0292593,0,0.0017009,0,0,0
-0.0290795,0,0.00166962,0,0,0
-0.0289186,0,0.00163987,0,0,0
-0.0287597,0,0.00161271,0,0,0
-0.0285911,0,0.00158555,0,0,0
-0.0284015,0,0.00155648,0,0,0
-0.0282306,0,0.00152654,0,0,0
-0.0280595,0,0.00149895,0,0,0
-0.0278763,0,0.00147104,0,0,0
-0.0277185,0,0.00144356,0,0,0
-0.0275402,0,0.00141796,0,0,0
-0.0273791,0,0.0013915,0,0,0
-0.02721,0,0.00136666,0,0,0
-0.027019,0,0.00134026,0,0,0
-0.0268638,0,0.00131383,0,0,0
-0.0267156,0,0.00129151,0,0,0
-0.0265423,0,0.00126894,0,0,0
-0.026359,0,0.00124381,0,0,0
-0.0261816,0,0.00121835,0,0,0
-0.0259733,0,0.00119237,0,0,0
-0.0257956,0,0.00116537,0,0,0
-0.0256136,0,0.00114128,0,0,0
-0.0254072,0,0.0011161,0,0,0
-0.025226,0,0.00109029,0,0,0
-0.0250444,0,0.00106699,0,0,0
-0.0248625,0,0.00104399,0,0,0
-0.0246836,0,0.00102142,0,0,0
-0.0245238,0,0.00100021,0,0,0
-0.0243569,0,0.000980534,0,0,0
-0.024206,0,0.000961198,0,0,0
-0.0240238,0,0.000942142,0,0,0
-0.0238198,0,0.000920095,0,0,0
-0.0236628,0,0.000898536,0,0,0
-0.0235036,0,0.000880723,0,0,0
-0.0233463,0,0.00086307,0,0,0
-0.0231611,0,0.000844778,0,0,0
-0.0230061,0,0.00082584,0,0,0
-0.0228577,0,0.00080954,0,0,0
-0.022684,0,0.000793033,0,0,0
-0.0225139,0,0.000775146,0,0,0
-0.0223432,0,0.000757756,0,0,0
-0.0221617,0,0.00074023,0,0,0
-0.0220033,0,0.000723031,0,0,0
-0.0218223,0,0.00070685,0,0,0
-0.0216477,0,0.000689697,0,0,0
-0.0214909,0,0.000673774,0,0,0
-0.0213213,0,0.000658793,0,0,0
-0.0211215,0,0.000642348,0,0,0
-0.0209366,0,0.000624839,0,0,0
-0.0207537,0,0.000608574,0,0,0
-0.0205737,0,0.000592796,0,0,0
-0.020388,0,0.000577294,0,0,0
-0.0201783,0,0.000561084,0,0,0
-0.0200035,0,0.000544835,0,0,0
-0.0198204,0,0.000530528,0,0,0
-0.0196375,0,0.000516055,0,0,0
-0.0194787,0,0.000502478,0,0,0
-0.0192972,0,0.000489777,0,0,0
-0.0191342,0,0.000476637,0,0,0
-0.0189561,0,0.000464254,0,0,0
-0.0188103,0,0.00045215,0,0,0
-0.0186167,0,0.000440642,0,0,0
-0.018455,0,0.000427878,0,0,0
-0.0182776,0,0.000416438,0,0,0
-0.0181244,0,0.000405051,0,0,0
-0.0179548,0,0.000394565,0,0,0
-0.0177738,0,0.000383321,0,0,0
-0.0176129,0,0.000372239,0,0,0
-0.0174538,0,0.000362233,0,0,0
-0.017293,0,0.000352449,0,0,0
-0.0170907,0,0.000341946,0,0,0
-0.0169306,0,0.000330874,0,0,0
-0.0167705,0,0.000321639,0,0,0
-0.0165881,0,0.000312161,0,0,0
-0.0164111,0,0.00030216,0,0,0
-0.0162505,0,0.000292863,0,0,0
-0.0160651,0,0.000283892,0,0,0
-0.015885,0,0.000274352,0,0,0
-0.0157139,0,0.000265358,0,0,0
-0.0155179,0,0.000256443,0,0,0
-0.0153159,0,0.000246844,0,0,0
-0.0151307,0,0.000237565,0,0,0
-0.014952,0,0.00022913,0,0,0
-0.0147851,0,0.000221266,0,0,0
-0.0146013,0,0.000213677,0,0,0
-0.014441,0,0.000206122,0,0,0
-0.0143092,0,0.000199791,0,0,0
-0.0141078,0,0.000193411,0,0,0
-0.0139043,0,0.000185309,0,0,0
-0.0137426,0,0.000177925,0,0,0
-0.013562,0,0.000171538,0,0,0
-0.0133805,0,0.000164837,0,0,0
-0.0131742,0,0.000157995,0,0,0
-0.0129841,0,0.000150967,0,0,0
-0.0128091,0,0.000144682,0,0,0
-0.012653,0,0.000139106,0,0,0
-0.0124921,0,0.000134023,0,0,0
-0.0123301,0,0.000128956,0,0,0
-0.0121501,0,0.000123812,0,0,0
-0.0119932,0,0.000118687,0,0,0
-0.0118302,0,0.000114082,0,0,0
-0.0116491,0,0.000109318,0,0,0
-0.0115006,0,0.00010466,0,0,0
-0.0113206,0,0.000100424,0,0,0
-0.0111437,0,9.58005e-05,0,0,0
-0.010963,0,9.13409e-05,0,0,0
-0.010819,0,8.72561e-05,0,0,0
-0.0106458,0,8.36303e-05,0,0,0
-0.010462,0,7.95917e-05,0,0,0
-0.0102582,0,7.53857e-05,0,0,0
-0.0101094,0,7.14442e-05,0,0,0
-0.00993866,0,6.82274e-05,0,0,0
-0.00978129,0,6.49126e-05,0,0,0
-0.00962,0,6.18503e-05,0,0,0
-0.0094368,0,5.87021e-05,0,0,0
-0.00925861,0,5.54368e-05,0,0,0
-0.0091086,0,5.25141e-05,0,0,0
-0.00894612,0,4.99327e-05,0,0,0
-0.00875638,0,4.71598e-05,0,0,0
-0.00857795,0,4.42765e-05,0,0,0
-0.0083916,0,4.15829e-05,0,0,0
-0.00820802,0,3.89414e-05,0,0,0
-0.00802619,0,3.64469e-05,0,0,0
-0.00784381,0,3.40739e-05,0,0,0
-0.00768262,0,3.18901e-05,0,0,0
-0.00752557,0,2.99817e-05,0,0,0
-0.0073644,0,2.81661e-05,0,0,0
-0.00715978,0,2.62371e-05,0,0,0
-0.00700088,0,2.42667e-05,0,0,0
-0.0068488,0,2.27114e-05,0,0,0
-0.00668066,0,2.12151e-05,0,0,0
-0.00649858,0,1.96506e-05,0,0,0
-0.00634019,0,1.81566e-05,0,0,0
-0.00615596,0,1.67939e-05,0,0,0
-0.00600673,0,1.54642e-05,0,0,0
-0.00583823,0,1.43235e-05,0,0,0
-0.00567465,0,1.31665e-05,0,0,0
-0.00547183,0,1.20085e-05,0,0,0
-0.00531334,0,1.08593e-05,0,0,0
-0.00511278,0,9.86636e-06,0,0,0
-0.00492646,0,8.81956e-06,0,0,0
-0.00474321,0,7.89959e-06,0,0,0
-0.0045618,0,7.05817e-06,0,0,0
-0.00440332,0,6.31709e-06,0,0,0
-0.00422364,0,5.65899e-06,0,0,0
-0.00406353,0,5.02426e-06,0,0,0
-0.00387789,0,4.45146e-06,0,0,0
-0.00372087,0,3.90525e-06,0,0,0
-0.00354271,0,3.43628e-06,0,0,0
-0.00335359,0,2.96331e-06,0,0,0
-0.00317379,0,2.52829e-06,0,0,0
-0.00303097,0,2.1772e-06,0,0,0
-0.00285805,0,1.88403e-06,0,0,0
-0.00266951,0,1.57839e-06,0,0,0
-0.00248736,0,1.29776e-06,0,0,0
-0.00230657,0,1.05889e-06,0,0,0
-0.0021252,0,8.52751e-07,0,0,0
-0.0019326,0,6.71837e-07,0,0,0
-0.00173644,0,5.13108e-07,0,0,0
-0.00156677,0,3.87743e-07,0,0,0
-0.0013963,0,2.93348e-07,0,0,0
-0.00121525,0,2.14361e-07,0,0,0
-0.0010297,0,1.49151e-07,0,0,0
-0.000870384,0,1.01887e-07,0,0,0
-0.000698602,0,6.76709e-08,0,0,0
-0.000527917,0,4.1645e-08,0,0,0
-0.000348022,0,2.25934e-08,0,0,0
-0.000192017,0,1.04471e-08,0,0,0
-2.70751e-05,0,1.3209e-09,0,0,0
0.000132462,0,-6.143e-09,0,0,0
