7.80909e-06,-1.57078,5.2816e-05,2.40862,-0.00014967,0.610854,2.2435e-05
-0.00087618,-1.58751,0.00177524,2.40727,-0.000192813,0.610873,2.90941e-05
-0.00089642,-1.58797,0.00184549,2.40721,-0.000196541,0.610876,3.1948e-05
-0.00090441,-1.58819,0.00188774,2.40718,-0.000199204,0.610877,3.48019e-05
-0.000925182,-1.58867,0.00197177,2.40712,-0.000203998,0.61088,4.14611e-05
-0.000937433,-1.5889,0.00201539,2.40709,-0.000206129,0.610881,4.52663e-05
-0.000954477,-1.58936,0.00210172,2.40702,-0.000211455,0.610884,5.57307e-05
-0.000966195,-1.58982,0.00217657,2.40694,-0.00022051,0.610888,7.00002e-05
-0.000971521,-1.59023,0.00225142,2.40684,-0.00023063,0.610891,8.80751e-05
-0.000973119,-1.59044,0.00228999,2.40678,-0.000237554,0.610893,9.85394e-05
-0.000973652,-1.59081,0.00237264,2.40668,-0.000253533,0.610899,0.000122322
-0.000973652,-1.59119,0.00244244,2.40658,-0.000276436,0.610907,0.000139446
-0.000973119,-1.59152,0.0025003,2.40648,-0.000305198,0.610915,0.000144202
-0.000973119,-1.59168,0.00252555,2.40643,-0.000321177,0.61092,0.000145153
-0.000972586,-1.592,0.0025756,2.40631,-0.000350472,0.61093,0.000151813
-0.000972054,-1.5923,0.00263025,2.40621,-0.000373375,0.610941,0.00016418
-0.000972054,-1.59259,0.00268535,2.40609,-0.000389354,0.610952,0.0001794
-0.000971521,-1.59272,0.00271474,2.40603,-0.000398409,0.610958,0.00018606
-0.000970989,-1.59311,0.00278775,2.40584,-0.000420779,0.610976,0.000206988
-0.000970456,-1.59334,0.00282908,2.40571,-0.000435161,0.610986,0.000216501
-0.000969923,-1.59357,0.0028626,2.40556,-0.000449542,0.610994,0.000226966
-0.000968858,-1.59367,0.00287913,2.40549,-0.000456998,0.610995,0.000233625
-0.00096726,-1.59387,0.00291035,2.40534,-0.00047138,0.610994,0.000249797
-0.00096513,-1.59404,0.00294387,2.40519,-0.000484695,0.610991,0.000266921
-0.000964064,-1.59413,0.00296041,2.40512,-0.000490554,0.610989,0.000276434
-0.000959803,-1.59437,0.00301321,2.40488,-0.000506533,0.610985,0.000305924
-0.000957673,-1.59444,0.00303296,2.4048,-0.000511327,0.610984,0.000316388
-0.000953944,-1.59457,0.00306923,2.40464,-0.000523577,0.610978,0.000338269
-0.000950216,-1.59468,0.00310505,2.40448,-0.000537959,0.610969,0.000347782
-0.000945955,-1.59477,0.00313582,2.40432,-0.000553405,0.610953,0.000366808
-0.000944357,-1.59481,0.00314959,2.40424,-0.000559796,0.610942,0.000375369
-0.000940628,-1.59488,0.00317439,2.40408,-0.000569384,0.610911,0.000391542
-0.0009369,-1.59494,0.00319276,2.40394,-0.000576308,0.610878,0.000407714
-0.000933172,-1.59498,0.00320929,2.40379,-0.000581634,0.610856,0.000424837
-0.000928911,-1.595,0.00322123,2.40363,-0.000589624,0.610839,0.000444815
-0.000923052,-1.595,0.00323179,2.40349,-0.000599744,0.610808,0.000463841
-0.000920388,-1.595,0.00323638,2.40342,-0.000605603,0.610788,0.000473354
-0.000913997,-1.59499,0.00324235,2.40329,-0.000616788,0.610735,0.000493331
-0.000910801,-1.59498,0.0032451,2.40323,-0.000621582,0.610707,0.000502844
-0.000905475,-1.59495,0.00324878,2.4031,-0.000629571,0.610645,0.000520919
-0.000902812,-1.59493,0.00325015,2.40304,-0.000632234,0.610609,0.000529481
-0.000897485,-1.59489,0.00325153,2.40293,-0.000635963,0.61053,0.000549458
-0.000891094,-1.59484,0.00325199,2.40284,-0.000638626,0.610438,0.000573241
-0.000884169,-1.59477,0.00325199,2.40279,-0.000642887,0.610334,0.00059417
-0.000880974,-1.59473,0.00325153,2.40274,-0.000644485,0.61028,0.000604634
-0.000869256,-1.59456,0.00325153,2.40259,-0.000654072,0.610096,0.000630319
-0.000864995,-1.5945,0.00325107,2.40254,-0.000656203,0.610029,0.00063793
-0.00085594,-1.59436,0.00325015,2.40245,-0.000662594,0.609879,0.000650297
-0.00084582,-1.59421,0.0032497,2.40237,-0.000667388,0.609718,0.000663615
-0.000835167,-1.59405,0.00324878,2.40229,-0.000670051,0.609544,0.000676933
-0.000823982,-1.59387,0.00324786,2.40222,-0.000671117,0.60937,0.000691203
-0.000810666,-1.59367,0.00324648,2.40217,-0.000671117,0.609181,0.000705473
-0.000796285,-1.59345,0.00324556,2.40213,-0.000671117,0.608993,0.000721645
-0.000788296,-1.59334,0.0032451,2.40211,-0.000671117,0.608897,0.000730207
-0.000764327,-1.593,0.00324327,2.40207,-0.000671117,0.608606,0.000760648
-0.00075687,-1.59288,0.00324235,2.40207,-0.000671117,0.60851,0.000772064
-0.000739826,-1.59262,0.00324097,2.40205,-0.000671117,0.608295,0.000795847
-0.000722782,-1.59237,0.00323959,2.40205,-0.000671117,0.608072,0.000819629
-0.000705205,-1.5921,0.00323822,2.40205,-0.000671117,0.607828,0.000840558
-0.000687628,-1.59182,0.00323684,2.40205,-0.000671117,0.607576,0.000861487
-0.000668453,-1.59153,0.00323546,2.40206,-0.000671117,0.607293,0.00087861
-0.000650877,-1.59123,0.00323362,2.40207,-0.000670051,0.607009,0.00089288
-0.000641289,-1.59108,0.00323271,2.40208,-0.000670051,0.606863,0.000898588
-0.000615723,-1.5906,0.00322995,2.4021,-0.000668453,0.60639,0.000915711
-0.000607733,-1.59044,0.00322903,2.40211,-0.000668453,0.606234,0.000920468
-0.00059282,-1.59009,0.00322765,2.40214,-0.000667388,0.605891,0.000930932
-0.000580036,-1.58974,0.00322628,2.40217,-0.000665258,0.605543,0.000938543
-0.000566721,-1.58938,0.0032249,2.40221,-0.00066366,0.605158,0.000945202
-0.000553938,-1.58902,0.00322352,2.40226,-0.000661529,0.604774,0.000949958
-0.000547546,-1.58882,0.0032226,2.40229,-0.000660464,0.60458,0.000951861
-0.000529969,-1.58822,0.00321985,2.40238,-0.000656736,0.603965,0.00095852
-0.000523577,-1.58802,0.00321985,2.40242,-0.000655138,0.603765,0.000959471
-0.000507599,-1.58738,0.00321572,2.40252,-0.000650344,0.603119,0.000964228
-0.000496413,-1.58693,0.00321296,2.40261,-0.000647148,0.602656,0.000965179
-0.000486293,-1.58648,0.00320929,2.40271,-0.000644485,0.602195,0.000965179
-0.000480967,-1.58625,0.00320745,2.40277,-0.000642887,0.601961,0.000965179
-0.000470847,-1.58577,0.00320332,2.40289,-0.000638093,0.601469,0.000965179
-0.000461792,-1.58529,0.00319873,2.40302,-0.0006333,0.600949,0.000965179
-0.00045327,-1.58478,0.00319459,2.40317,-0.000627441,0.600419,0.000965179
-0.000444748,-1.58424,0.00319046,2.40331,-0.000622647,0.599874,0.000965179
-0.000441019,-1.58397,0.00318816,2.4034,-0.000620517,0.599541,0.000964228
-0.00043303,-1.58345,0.00318403,2.40355,-0.000617853,0.599041,0.000963276
-0.000426106,-1.58291,0.00317944,2.40372,-0.00061519,0.598418,0.000962325
-0.000419714,-1.58237,0.00317393,2.40389,-0.000610397,0.597838,0.000960423
-0.000413323,-1.58181,0.00316796,2.40408,-0.000604538,0.597224,0.000959471
-0.000407996,-1.58127,0.00316153,2.40429,-0.000596015,0.59662,0.000956617
-0.00040267,-1.581,0.0031551,2.4045,-0.000586428,0.595968,0.000952812
-0.000397876,-1.58042,0.00314959,2.40472,-0.000574178,0.59532,0.000948056
-0.000395746,-1.58014,0.00314684,2.40483,-0.000567253,0.594974,0.000946153
-0.000391485,-1.57956,0.00314087,2.40508,-0.00055234,0.594655,0.000941396
-0.000386691,-1.57899,0.00313444,2.40532,-0.000535295,0.59401,0.00093664
-0.000381365,-1.5784,0.00312755,2.40558,-0.000517186,0.593303,0.000930932
-0.000376571,-1.57782,0.00312112,2.40584,-0.000500142,0.592607,0.000925224
-0.000373908,-1.57753,0.00311745,2.40598,-0.000490554,0.592227,0.00092237
-0.000365386,-1.57663,0.00310826,2.40641,-0.000454335,0.591109,0.00091476
-0.000358994,-1.57601,0.00310184,2.40671,-0.000430367,0.590366,0.000910955
-0.000351537,-1.57541,0.00309541,2.40701,-0.000419182,0.589594,0.000906198
-0.000343548,-1.57478,0.00308898,2.40732,-0.000395213,0.588824,0.00090049
-0.000335026,-1.57417,0.00308255,2.40765,-0.00037444,0.58801,0.000891929
-0.000326504,-1.57353,0.00307566,2.40797,-0.000351537,0.587209,0.000880513
-0.00032171,-1.57322,0.00307199,2.40815,-0.000340885,0.586796,0.000872902
-0.000308394,-1.57227,0.00306143,2.40865,-0.000308927,0.585522,0.000840558
-0.000304666,-1.57193,0.00305775,2.40882,-0.000298274,0.58511,0.000826288
-0.000296676,-1.57129,0.00305041,2.40918,-0.000275371,0.584234,0.000796798
-0.000290285,-1.57061,0.00304214,2.40954,-0.000249805,0.583368,0.000767307
-0.000284958,-1.56996,0.00303434,2.40993,-0.00022051,0.582449,0.000741622
-0.000280697,-1.56927,0.00302561,2.41032,-0.000185889,0.581545,0.00071118
-0.000278567,-1.56894,0.00302102,2.41053,-0.000167247,0.581058,0.00069596
-0.000275371,-1.56791,0.00300541,2.41113,-0.000108124,0.579688,0.000642686
-0.000274838,-1.56757,0.0029999,2.41135,-9.16127e-05,0.579224,0.00062366
-0.000274306,-1.56689,0.00298704,2.41176,-5.96548e-05,0.578243,0.000588462
-0.000273773,-1.56617,0.00297143,2.41218,-2.50337e-05,0.577276,0.000556118
-0.000273773,-1.56549,0.00295444,2.41263,8.04398e-06,0.57627,0.000524724
-0.000273773,-1.56476,0.00293469,2.41306,4.03884e-05,0.57529,0.000490477
-0.000273773,-1.56405,0.00291219,2.41351,7.17815e-05,0.574252,0.000452425
-0.000273773,-1.56368,0.00289933,2.41373,8.98563e-05,0.573743,0.00043435
-0.000274306,-1.56297,0.00287224,2.4142,0.000124103,0.572679,0.000400103
-0.000274306,-1.56223,0.00284056,2.41465,0.000165009,0.571653,0.000363002
-0.000274306,-1.56152,0.0028075,2.41513,0.000206867,0.570565,0.000328755
-0.000274838,-1.56077,0.00277489,2.41561,0.000247773,0.56951,0.000293557
-0.000274838,-1.56005,0.00274596,2.41608,0.000288679,0.568392,0.000260261
-0.000274838,-1.55933,0.00271841,2.41658,0.000333391,0.567308,0.000222209
-0.000274838,-1.55894,0.00270647,2.41682,0.000355271,0.566722,0.000204134
-0.000274838,-1.55784,0.00267341,2.41756,0.000421862,0.565054,0.000165131
-0.000274838,-1.55745,0.00266239,2.41781,0.000444693,0.564491,0.000147056
-0.000274838,-1.55671,0.00264311,2.41833,0.000490356,0.56331,0.000108052
-0.000274838,-1.55594,0.00262244,2.41883,0.00053697,0.562175,7.09516e-05
-0.000274838,-1.5552,0.00260178,2.41936,0.000583584,0.560984,3.09967e-05
-0.000274838,-1.55443,0.00257974,2.41988,0.000632101,0.559813,-1.65116e-05
-0.000274838,-1.55405,0.00256688,2.42014,0.000655883,0.559175,-3.94148e-05
-0.000275371,-1.55289,0.00252647,2.42095,0.000731988,0.557397,-0.000128897
-0.000275371,-1.55251,0.00250994,2.42122,0.00075577,0.556748,-0.000159257
-0.000275371,-1.55135,0.00246035,2.42207,0.000832826,0.554929,-0.000252468
-0.000275371,-1.55096,0.00244152,2.42235,0.000858511,0.554265,-0.000281762
-0.000275371,-1.5502,0.00240892,2.42289,0.000912736,0.553039,-0.000346744
-0.000275371,-1.54978,0.00239331,2.42316,0.000939372,0.552419,-0.000379234
-0.000275903,-1.54863,0.00235427,2.42399,0.00102404,0.550501,-0.000479902
-0.000276436,-1.54821,0.00234371,2.42427,0.00105353,0.549872,-0.000511327
-0.000276969,-1.54743,0.00232397,2.42484,0.00111251,0.548567,-0.000576841
-0.000277501,-1.54665,0.00230744,2.42539,0.00117339,0.547293,-0.000647148
-0.000278034,-1.54583,0.00229137,2.42567,0.00123047,0.545951,-0.000719586
-0.000278567,-1.54543,0.00228448,2.42597,0.00126091,0.545303,-0.00075474
-0.000280165,-1.5446,0.0022707,2.42652,0.00131799,0.543964,-0.000826113
-0.00028123,-1.5438,0.00225693,2.4271,0.00137697,0.542662,-0.000907073
-0.00028336,-1.54296,0.00224407,2.42765,0.00143405,0.541293,-0.000988033
-0.000284958,-1.54215,0.00223029,2.42823,0.00149208,0.539974,-0.00106953
-0.000286024,-1.54174,0.00222295,2.42852,0.00151872,0.539309,-0.00110947
-0.000289219,-1.54047,0.00219723,2.42939,0.00160719,0.537249,-0.00123038
-0.000290285,-1.54005,0.00218805,2.42968,0.00163668,0.536521,-0.00126926
-0.000294013,-1.53876,0.00215591,2.43056,0.00172515,0.534427,-0.00138751
-0.000297209,-1.53788,0.0021334,2.43116,0.00177938,0.533052,-0.00147006
-0.000300405,-1.53703,0.00210861,2.43173,0.0018355,0.531667,-0.00155369
-0.000302002,-1.53614,0.00208335,2.43233,0.00188878,0.530232,-0.00163678
-0.000304133,-1.53528,0.0020581,2.43291,0.0019411,0.528833,-0.0017204
-0.000304666,-1.53441,0.00203468,2.43352,0.00198771,0.527361,-0.00180243
-0.000306264,-1.5335,0.00201218,2.43412,0.00203242,0.525951,-0.00188126
-0.000307861,-1.53262,0.00199381,2.43473,0.00207523,0.524471,-0.00195316
-0.000309459,-1.5317,0.00197728,2.43531,0.00211994,0.523022,-0.002024
-0.000310525,-1.53126,0.00196993,2.4356,0.00214087,0.522248,-0.00205703
-0.000312122,-1.53033,0.00195662,2.4362,0.00218083,0.520808,-0.00212574
-0.000314786,-1.52943,0.00194468,2.43679,0.00222268,0.519297,-0.00219711
-0.000316916,-1.52853,0.00193412,2.4374,0.00226454,0.517821,-0.00226528
-0.000318514,-1.52758,0.00192401,2.43798,0.0023083,0.516347,-0.00234145
-0.000321177,-1.52667,0.00191345,2.43859,0.00235492,0.514804,-0.00241389
-0.000323308,-1.52571,0.00190427,2.43918,0.00240438,0.513308,-0.00249165
-0.000325971,-1.52477,0.00189509,2.43978,0.002451,0.511741,-0.00256516
-0.000328634,-1.5238,0.0018859,2.44036,0.00250047,0.510227,-0.00263759
-0.000330232,-1.52332,0.00188177,2.44065,0.0025271,0.509467,-0.00267275
-0.000334493,-1.52186,0.00186753,2.44153,0.00260987,0.507109,-0.00277608
-0.000336624,-1.52138,0.00186248,2.44182,0.0026365,0.506162,-0.0028107
-0.000340352,-1.52038,0.00185146,2.44241,0.00269073,0.50462,-0.00287834
-0.000344613,-1.5194,0.00183906,2.44299,0.00274495,0.503003,-0.00294759
-0.000348874,-1.51838,0.00183218,2.44358,0.00279918,0.501421,-0.0030163
-0.0003542,-1.51739,0.00181748,2.44415,0.00285435,0.499782,-0.00308927
-0.000360059,-1.51636,0.00180095,2.44474,0.00290858,0.498203,-0.00316277
-0.000363788,-1.51585,0.00179177,2.44502,0.00293807,0.497403,-0.00319846
-0.000371245,-1.51484,0.00177156,2.44561,0.00299324,0.495732,-0.00327409
-0.000379767,-1.51378,0.0017486,2.44617,0.00305413,0.494126,-0.00334706
-0.000390419,-1.51267,0.00172427,2.44675,0.00312072,0.493258,-0.00342323
-0.000401605,-1.51159,0.00169901,2.44732,0.00318921,0.491631,-0.00349194
-0.000415453,-1.51054,0.00167284,2.4479,0.00325771,0.489938,-0.00356118
-0.000429834,-1.50943,0.0016485,2.44845,0.0033281,0.488311,-0.00362882
-0.000446878,-1.50836,0.00162508,2.449,0.00339374,0.486599,-0.00370126
-0.000464455,-1.50723,0.00160534,2.44957,0.00346224,0.484948,-0.00377423
-0.000484695,-1.50613,0.00158789,2.45011,0.00352788,0.483226,-0.00385146
-0.000503337,-1.50553,0.00157319,2.45067,0.00356403,0.481558,-0.00392337
-0.000523045,-1.50442,0.00155896,2.4512,0.00362776,0.479818,-0.00399687
-0.000541687,-1.50329,0.00154656,2.45176,0.0036915,0.478131,-0.00406611
-0.000560862,-1.50211,0.00153416,2.4523,0.00375238,0.476377,-0.0041263
-0.000578971,-1.50091,0.00152314,2.45285,0.00381612,0.474671,-0.00418329
-0.000596015,-1.49975,0.0015112,2.45337,0.00388081,0.47289,-0.00424029
-0.000610929,-1.49857,0.00149926,2.4539,0.00394645,0.471167,-0.00429461
-0.000624778,-1.49733,0.00148595,2.45441,0.00400924,0.469429,-0.00434788
-0.000637561,-1.49608,0.00147309,2.45495,0.00407678,0.467629,-0.00440007
-0.000650344,-1.49487,0.00145886,2.45545,0.00413766,0.465889,-0.00445227
-0.000661529,-1.49364,0.0014437,2.45598,0.00419569,0.464064,-0.0045066
-0.000673247,-1.49235,0.00142625,2.45649,0.00424897,0.462307,-0.00456359
-0.000684965,-1.4911,0.00140834,2.45701,0.004307,0.460473,-0.00462272
-0.000697216,-1.48979,0.00138814,2.4575,0.00436217,0.458698,-0.00468077
-0.000710531,-1.48852,0.00136794,2.45799,0.00441735,0.456848,-0.00473989
-0.000723847,-1.48719,0.00134681,2.4585,0.00446586,0.45498,-0.00479422
-0.000738761,-1.48591,0.00132661,2.45898,0.00451819,0.45317,-0.00485121
-0.00075474,-1.48456,0.0013064,2.45948,0.00457146,0.451355,-0.00491087
-0.000771251,-1.48326,0.00128941,2.45995,0.00463044,0.449458,-0.0049604
-0.000788828,-1.48189,0.00127426,2.46044,0.00468752,0.447615,-0.00502166
-0.00080747,-1.48057,0.00126278,2.46091,0.00475126,0.445705,-0.00507652
-0.000817058,-1.47985,0.00125773,2.46116,0.00478455,0.44478,-0.00510315
-0.000839428,-1.47851,0.00124855,2.46162,0.00484924,0.442914,-0.00515748
-0.000862864,-1.47711,0.00124166,2.46208,0.00491773,0.44098,-0.0052182
-0.000875115,-1.47574,0.00123707,2.46253,0.00498528,0.439022,-0.00528318
-0.000902812,-1.47431,0.00123385,2.46298,0.00505758,0.437124,-0.00531833
-0.000933172,-1.47293,0.00123064,2.46341,0.00512607,0.435234,-0.00538491
-0.000960869,-1.47147,0.0012288,2.46386,0.00519742,0.433248,-0.00545788
-0.000974184,-1.47077,0.00122834,2.46408,0.00523262,0.432291,-0.00549304
-0.00100881,-1.46857,0.00122605,2.46473,0.00534297,0.429339,-0.00560169
-0.00102691,-1.46712,0.00122467,2.46516,0.00541336,0.427406,-0.00567413
-0.00104396,-1.4656,0.00122329,2.46561,0.00548757,0.425406,-0.00574231
-0.00105941,-1.46411,0.00122283,2.46602,0.00556082,0.423397,-0.00581315
-0.00107592,-1.46261,0.00122191,2.46644,0.00563692,0.42145,-0.00588026
-0.0010919,-1.46104,0.00122145,2.46686,0.00570827,0.4195,-0.0059527
-0.00110894,-1.4595,0.00122054,2.46727,0.00578152,0.417477,-0.00602514
-0.00112705,-1.45789,0.00122008,2.46769,0.00585192,0.415519,-0.0061013
-0.00113664,-1.45711,0.00122008,2.46789,0.00588711,0.414466,-0.00613805
-0.00115741,-1.45548,0.00121962,2.46831,0.00595275,0.4125,-0.00621315
-0.00118138,-1.4539,0.0012187,2.4687,0.00601839,0.410444,-0.00628666
-0.00120854,-1.45224,0.00121824,2.46913,0.00608974,0.408467,-0.0063543
-0.00123784,-1.45063,0.00121778,2.46948,0.00616204,0.406399,-0.00642088
-0.00126926,-1.44894,0.00121732,2.4699,0.00622768,0.404409,-0.0064816
-0.00129909,-1.44731,0.00121732,2.47027,0.00629332,0.402336,-0.00654445
-0.00132732,-1.4456,0.00121686,2.47064,0.00635896,0.400333,-0.00660517
-0.00135129,-1.44395,0.0012164,2.47099,0.0064208,0.398248,-0.00666429
-0.00137206,-1.44222,0.0012164,2.47134,0.00648168,0.396231,-0.00672501
-0.00139017,-1.44055,0.0012164,2.47167,0.00653971,0.394141,-0.00679
-0.00140455,-1.4388,0.00121594,2.47201,0.00659774,0.39212,-0.00685444
-0.00141733,-1.4371,0.00121594,2.47234,0.00665482,0.390011,-0.00692422
-0.00142799,-1.43533,0.00121548,2.4725,0.0067176,0.387977,-0.0069924
-0.00143385,-1.43447,0.00121548,2.47266,0.0067471,0.386959,-0.00702861
-0.0014429,-1.43275,0.00121548,2.473,0.00680798,0.384833,-0.00709732
-0.00145196,-1.43094,0.00121548,2.47332,0.00686696,0.382792,-0.0071655
-0.00146048,-1.42919,0.00121548,2.47363,0.00692975,0.380654,-0.00723208
-0.00146847,-1.42736,0.00121548,2.47394,0.00699348,0.378594,-0.00730452
-0.00147859,-1.42558,0.00121594,2.47425,0.00705722,0.376448,-0.00737483
-0.0014903,-1.42372,0.00121548,2.47454,0.0071181,0.374361,-0.0074446
-0.00150256,-1.42192,0.00121594,2.47484,0.00717994,0.372199,-0.0075197
-0.00151694,-1.42004,0.00121594,2.47511,0.00723987,0.370106,-0.00760066
-0.00153345,-1.41822,0.00121594,2.47539,0.00730266,0.367936,-0.0076763
-0.00155262,-1.41631,0.00121594,2.47566,0.00736069,0.365841,-0.00775086
-0.00157606,-1.41446,0.00121594,2.47591,0.00742347,0.363662,-0.0078249
-0.00160163,-1.41252,0.00121594,2.47615,0.00748816,0.361572,-0.0078984
-0.00162772,-1.41065,0.0012164,2.4764,0.00755571,0.359393,-0.00796392
-0.00165116,-1.4087,0.0012164,2.47663,0.00762515,0.357293,-0.0080273
-0.00167193,-1.40681,0.0012164,2.47687,0.00769935,0.355124,-0.00809494
-0.00169004,-1.40483,0.0012164,2.47709,0.00777926,0.353033,-0.00816152
-0.00170602,-1.40292,0.0012164,2.47731,0.00785822,0.350863,-0.0082265
-0.00171987,-1.40091,0.0012164,2.47752,0.00794098,0.348764,-0.00829415
-0.00173105,-1.39897,0.0012164,2.47772,0.00802089,0.346582,-0.00836446
-0.00174011,-1.39702,0.0012164,2.47792,0.00810651,0.344477,-0.00842997
-0.0017465,-1.39498,0.0012164,2.47812,0.00818737,0.342288,-0.00849655
-0.00175183,-1.39301,0.0012164,2.4783,0.00826918,0.340029,-0.0085594
-0.00175396,-1.39194,0.0012164,2.4784,0.00831009,0.339057,-0.00858869
-0.00175982,-1.38888,0.0012164,2.47864,0.00843947,0.33574,-0.00867551
-0.00176248,-1.38688,0.0012164,2.47879,0.00852128,0.333557,-0.00873251
-0.00176461,-1.38487,0.0012164,2.47893,0.00860119,0.331459,-0.00878737
-0.00176674,-1.38278,0.00121594,2.47907,0.00867349,0.329275,-0.00884116
-0.00176781,-1.38074,0.00121594,2.47921,0.00874579,0.327166,-0.00889602
-0.00176887,-1.37862,0.00121594,2.47933,0.00881809,0.324977,-0.00895408
-0.00177047,-1.37658,0.00121594,2.47944,0.00887326,0.323923,-0.0090132
-0.00177313,-1.37444,0.00121594,2.47953,0.00894081,0.32173,-0.00907765
-0.0017758,-1.37238,0.00121594,2.47962,0.00900169,0.319624,-0.00914157
-0.00177686,-1.37126,0.00121594,2.47966,0.00903118,0.318485,-0.00917459
-0.00177899,-1.36918,0.00121594,2.47973,0.00909302,0.316371,-0.00924436
-0.00178006,-1.36814,0.00121594,2.47976,0.00912346,0.31532,-0.00927686
-0.00178165,-1.36475,0.0012164,2.47984,0.00922334,0.312053,-0.00937273
-0.00178219,-1.36256,0.0012164,2.47989,0.00925474,0.309938,-0.00943718
-0.00178325,-1.36044,0.0012164,2.47993,0.00932228,0.307734,-0.00950376
-0.00178325,-1.35824,0.0012164,2.47996,0.00938887,0.305533,-0.00956554
-0.00178325,-1.3561,0.0012164,2.47999,0.00945737,0.303411,-0.00962946
-0.00178325,-1.35396,0.0012164,2.48,0.00952205,0.301289,-0.00969444
-0.00178325,-1.35281,0.00121686,2.48,0.0095544,0.300153,-0.00972746
-0.00178325,-1.34958,0.00121686,2.47999,0.00965999,0.296997,-0.00983505
-0.00178325,-1.34841,0.00121732,2.47999,0.00973229,0.294809,-0.00990909
-0.00178325,-1.34625,0.00121778,2.47997,0.00980269,0.292715,-0.00997886
-0.00178325,-1.34399,0.00121824,2.47996,0.00987975,0.290542,-0.0100492
-0.00178325,-1.34291,0.00121824,2.47995,0.00991685,0.289498,-0.0100822
-0.00178325,-1.33954,0.0012187,2.4799,0.0100348,0.286291,-0.0101813
-0.00178325,-1.33734,0.00121916,2.47986,0.0101128,0.284127,-0.0102441
-0.00178325,-1.33505,0.00121962,2.47981,0.0101908,0.282047,-0.0103107
-0.00178272,-1.33283,0.00121962,2.47974,0.0102641,0.27997,-0.0103746
-0.00178272,-1.33163,0.00121962,2.4797,0.010304,0.278859,-0.010406
-0.00178272,-1.32828,0.00122008,2.47957,0.0104106,0.275766,-0.0105067
-0.00178272,-1.32707,0.00122054,2.47952,0.0104486,0.274742,-0.0105482
-0.00178272,-1.3237,0.00122054,2.47935,0.0105533,0.271593,-0.010651
-0.00178272,-1.32249,0.00122054,2.47929,0.0105866,0.270577,-0.0106873
-0.00178272,-1.32023,0.00122099,2.47916,0.0106551,0.268472,-0.0107528
-0.00178272,-1.31796,0.00122099,2.47903,0.0107217,0.266444,-0.0108204
-0.00178272,-1.31561,0.00122145,2.47888,0.0107825,0.264341,-0.0108806
-0.00178272,-1.31333,0.00122145,2.47872,0.0108406,0.262324,-0.0109376
-0.00178272,-1.31211,0.00122145,2.47864,0.0108701,0.26132,-0.0109642
-0.00178325,-1.30868,0.00122145,2.47836,0.0109471,0.258239,-0.0110164
-0.00178325,-1.30745,0.00122145,2.47826,0.0109737,0.257243,-0.0110452
-0.00178325,-1.30402,0.00122145,2.47794,0.0110422,0.254175,-0.0111219
-0.00178325,-1.30278,0.00122191,2.47783,0.011067,0.253109,-0.0111496
-0.00178325,-1.29933,0.00122191,2.47747,0.0111345,0.250141,-0.0112284
-0.00178325,-1.29693,0.00122191,2.4772,0.0111811,0.248092,-0.0112827
-0.00178325,-1.29452,0.00122191,2.47692,0.0112268,0.246137,-0.0113355
-0.00178325,-1.2922,0.00122237,2.47662,0.0112782,0.244113,-0.0113925
-0.00178325,-1.28988,0.00122237,2.47631,0.0113276,0.242187,-0.0114511
-0.00178325,-1.28745,0.00122283,2.47597,0.011379,0.24026,-0.0115102
-0.00178325,-1.28512,0.00122283,2.47563,0.0114304,0.238277,-0.0115666
-0.00178325,-1.2827,0.00122329,2.47526,0.0114875,0.236392,-0.0116204
-0.00178272,-1.28036,0.00122375,2.4749,0.0115417,0.234447,-0.0116732
-0.00178219,-1.27792,0.00122421,2.4745,0.0115978,0.232587,-0.011728
-0.00178165,-1.27558,0.00122513,2.47411,0.0116501,0.230677,-0.0117797
-0.00178112,-1.27313,0.00122559,2.47368,0.0117072,0.228859,-0.0118319
-0.00178059,-1.27069,0.00122651,2.47325,0.0117605,0.226978,-0.011883
-0.00178006,-1.26833,0.00122742,2.47281,0.0118157,0.225115,-0.0119363
-0.00178006,-1.26597,0.00122788,2.47236,0.0118689,0.223334,-0.011989
-0.00177899,-1.26352,0.00122834,2.47187,0.0119279,0.221564,-0.0120428
-0.00177846,-1.26116,0.00122926,2.47137,0.011985,0.219741,-0.0120971
-0.00177739,-1.2587,0.00122972,2.47083,0.0120459,0.217999,-0.0121488
-0.00177686,-1.25634,0.00123064,2.4703,0.0121087,0.216224,-0.0121999
-0.00177686,-1.25507,0.00123064,2.47,0.01214,0.215375,-0.0122276
-0.00177686,-1.25153,0.00123202,2.46916,0.0122295,0.212776,-0.012299
-0.00177686,-1.25026,0.00123247,2.4688,0.0122599,0.211943,-0.0123224
-0.00177686,-1.24673,0.00123385,2.46795,0.0123484,0.209404,-0.0123874
-0.00177686,-1.24556,0.00123385,2.46757,0.012375,0.208591,-0.0124103
-0.00177686,-1.24311,0.00123477,2.46693,0.0124292,0.206923,-0.0124519
-0.00177739,-1.24076,0.00123523,2.46626,0.0124787,0.205324,-0.012495
-0.00177739,-1.23832,0.00123569,2.46558,0.0125301,0.203674,-0.0125328
-0.00177793,-1.23598,0.00123615,2.46487,0.0125776,0.202118,-0.0125728
-0.00177793,-1.23355,0.00123661,2.46417,0.0126233,0.200515,-0.0126138
-0.00177793,-1.2312,0.00123707,2.46381,0.012669,0.198987,-0.0126559
-0.00177846,-1.22878,0.00123753,2.46267,0.0127156,0.197425,-0.0126958
-0.00177846,-1.22644,0.00123844,2.46229,0.0127613,0.19594,-0.0127347
-0.00177846,-1.22527,0.0012389,2.46191,0.0127841,0.195151,-0.0127539
-0.00177846,-1.22285,0.00123982,2.46109,0.0128278,0.193696,-0.0127906
-0.00177846,-1.22052,0.00124074,2.46025,0.0128735,0.192256,-0.0128306
-0.00177846,-1.21927,0.0012412,2.45984,0.0128944,0.191487,-0.0128487
-0.00177846,-1.21695,0.00124212,2.45901,0.0129353,0.19008,-0.012886
-0.00177846,-1.21454,0.00124258,2.45813,0.0129772,0.188644,-0.0129185
-0.00177846,-1.21222,0.00124395,2.45725,0.0130172,0.187276,-0.0129488
-0.00177846,-1.21107,0.00124441,2.45631,0.0130562,0.185879,-0.0129744
-0.00177793,-1.20866,0.00124533,2.45586,0.0130742,0.18522,-0.0129866
-0.00177793,-1.20635,0.00124625,2.45489,0.0131113,0.18387,-0.0130095
-0.00177739,-1.20395,0.00124763,2.45394,0.0131446,0.182578,-0.0130292
-0.00177686,-1.20165,0.00124855,2.45297,0.0131779,0.181316,-0.0130506
-0.00177686,-1.19926,0.00124992,2.45193,0.0132055,0.18004,-0.0130692
-0.0017758,-1.19696,0.00125084,2.45091,0.0132331,0.178786,-0.0130873
-0.00177473,-1.19458,0.00125176,2.44983,0.0132616,0.177504,-0.0131028
-0.00177367,-1.19229,0.00125314,2.44876,0.0132911,0.176436,-0.0131161
-0.0017726,-1.18992,0.00125406,2.44763,0.0133178,0.175176,-0.0131283
-0.00177207,-1.18766,0.00125497,2.44652,0.0133435,0.174035,-0.0131427
-0.00177207,-1.18653,0.00125543,2.44535,0.0133682,0.172949,-0.013155
-0.001771,-1.18306,0.00125635,2.4442,0.013392,0.171866,-0.0131667
-0.001771,-1.18194,0.00125635,2.44361,0.0134034,0.171354,-0.0131715
-0.001771,-1.17961,0.00125681,2.44238,0.0134272,0.170347,-0.0131789
-0.001771,-1.17738,0.00125773,2.44118,0.01345,0.16932,-0.0131853
-0.001771,-1.17507,0.00125819,2.4399,0.0134728,0.168359,-0.0131938
-0.001771,-1.17285,0.00125865,2.43866,0.0134938,0.167896,-0.0132034
-0.001771,-1.17056,0.00125911,2.43734,0.0135137,0.166956,-0.0132141
-0.001771,-1.16835,0.00125957,2.43606,0.0135337,0.166043,-0.0132247
-0.001771,-1.16607,0.00126003,2.4347,0.0135546,0.165191,-0.0132322
-0.001771,-1.16388,0.00126094,2.43337,0.0135651,0.164331,-0.0132386
-0.001771,-1.16271,0.0012614,2.43265,0.0135746,0.16393,-0.0132418
-0.00177153,-1.15945,0.00126278,2.43061,0.0136041,0.162738,-0.0132503
-0.00177153,-1.15721,0.00126416,2.42917,0.0136222,0.161988,-0.0132577
-0.00177153,-1.1549,0.00126508,2.42776,0.0136412,0.161241,-0.0132673
-0.00177153,-1.15375,0.001266,2.42699,0.0136507,0.160889,-0.0132721
-0.00177153,-1.15161,0.00126691,2.42555,0.0136688,0.160193,-0.0132833
-0.00177153,-1.1494,0.00126829,2.42408,0.0136869,0.159514,-0.0132918
-0.00177153,-1.14728,0.00126967,2.42254,0.0137049,0.1589,-0.0132977
-0.00177153,-1.14509,0.00127105,2.42104,0.0137259,0.158286,-0.0133014
-0.001771,-1.14299,0.00127196,2.41944,0.013744,0.157713,-0.0133036
-0.001771,-1.14186,0.0012738,2.41789,0.0137592,0.157155,-0.0133073
-0.001771,-1.13978,0.00127518,2.41624,0.0137725,0.156644,-0.0133142
-0.00177047,-1.13771,0.00127748,2.41457,0.0137858,0.156133,-0.0133206
-0.00176994,-1.13556,0.00127885,2.41294,0.0138001,0.155671,-0.0133281
-0.00176994,-1.13344,0.00128069,2.4113,0.0138143,0.155238,-0.0133339
-0.0017694,-1.1314,0.00128207,2.40956,0.0138267,0.154867,-0.0133376
-0.0017694,-1.13038,0.00128299,2.40872,0.0138334,0.154693,-0.0133398
-0.0017694,-1.12728,0.00128528,2.4061,0.0138486,0.154194,-0.0133414
-0.0017694,-1.12527,0.00128758,2.40437,0.0138581,0.153893,-0.0133424
-0.00176887,-1.1232,0.00128941,2.40257,0.0138676,0.153637,-0.0133446
-0.00176887,-1.12122,0.00129125,2.40074,0.0138771,0.153402,-0.0133462
-0.00176887,-1.11917,0.00129263,2.39897,0.0138876,0.153213,-0.0133499
-0.0017694,-1.1172,0.00129401,2.39717,0.0138971,0.153054,-0.0133542
-0.0017694,-1.11518,0.00129584,2.39528,0.0139047,0.15292,-0.0133558
-0.0017694,-1.11324,0.00129722,2.39345,0.0139085,0.152805,-0.0133595
-0.0017694,-1.11123,0.0012986,2.39152,0.0139123,0.152726,-0.0133627
-0.0017694,-1.10931,0.00129952,2.38964,0.0139152,0.152676,-0.0133653
-0.0017694,-1.10733,0.00130089,2.38766,0.0139199,0.15266,-0.013368
-0.00176994,-1.10543,0.00130181,2.38573,0.0139256,0.15267,-0.0133701
-0.00176994,-1.10355,0.00130319,2.3837,0.0139342,0.152699,-0.0133728
-0.00176994,-1.10161,0.00130411,2.38172,0.0139456,0.152745,-0.0133749
-0.00176994,-1.09975,0.00130503,2.37963,0.0139561,0.152811,-0.0133765
-0.00176994,-1.09784,0.0013064,2.37761,0.0139647,0.15291,-0.0133776
-0.00176994,-1.09601,0.00130778,2.37549,0.0139704,0.153043,-0.0133797
-0.00176994,-1.09413,0.00130916,2.37343,0.0139713,0.153227,-0.0133808
-0.00176994,-1.09226,0.001311,2.37129,0.0139723,0.153452,-0.0133808
-0.00176994,-1.09047,0.00131283,2.3692,0.0139742,0.153716,-0.0133813
-0.00176994,-1.0887,0.00131467,2.36711,0.013978,0.153992,-0.0133824
-0.00176994,-1.08687,0.00131697,2.36492,0.0139818,0.154321,-0.0133824
-0.00176994,-1.08512,0.00131972,2.36279,0.0139856,0.154679,-0.0133834
-0.00176994,-1.08332,0.00132293,2.36057,0.0139875,0.155099,-0.0133845
-0.00176994,-1.08161,0.00132661,2.35842,0.0139884,0.155537,-0.0133845
-0.00176994,-1.07983,0.00133028,2.35616,0.0139884,0.156016,-0.0133845
-0.00176994,-1.07814,0.00133396,2.35396,0.0139884,0.156488,-0.013385
-0.00176994,-1.07641,0.00133809,2.35165,0.0139884,0.156992,-0.013385
-0.00176994,-1.07475,0.00134314,2.3494,0.0139894,0.157562,-0.013385
-0.00176994,-1.07304,0.00134911,2.34704,0.0139894,0.158152,-0.0133861
-0.00176994,-1.07141,0.00135691,2.34474,0.0139903,0.158796,-0.0133861
-0.00176994,-1.06974,0.00136518,2.34233,0.0139903,0.159448,-0.0133861
-0.00176994,-1.06814,0.00137482,2.33998,0.0139913,0.16017,-0.0133861
-0.00176994,-1.06649,0.00138584,2.33753,0.0139913,0.160894,-0.0133861
-0.00176994,-1.06493,0.00139916,2.33516,0.0139913,0.161672,-0.0133861
-0.00176994,-1.06332,0.00141523,2.33267,0.0139913,0.162472,-0.0133861
-0.00177047,-1.06178,0.00143222,2.33027,0.0139913,0.163354,-0.0133861
-0.001771,-1.0602,0.00145197,2.32775,0.0139913,0.164273,-0.0133861
-0.00177153,-1.05869,0.00147171,2.32532,0.0139913,0.165196,-0.0133861
-0.00177207,-1.05714,0.00149284,2.32277,0.0139913,0.166141,-0.013385
-0.00177313,-1.05566,0.0015135,2.32031,0.0139913,0.167157,-0.013385
-0.00177367,-1.05413,0.00153554,2.31753,0.0139913,0.168177,-0.013385
-0.00177526,-1.05268,0.00155758,2.31523,0.0139913,0.169279,-0.0133845
-0.00177686,-1.05119,0.00158008,2.31242,0.0139903,0.17036,-0.0133845
-0.00177739,-1.04977,0.00160029,2.30989,0.0139903,0.171507,-0.0133834
-0.00177846,-1.0483,0.00161865,2.30725,0.0139903,0.172666,-0.0133813
-0.00177952,-1.04691,0.00163518,2.30469,0.0139903,0.173914,-0.0133808
-0.00178006,-1.04553,0.00164896,2.30202,0.0139894,0.17518,-0.0133797
-0.00178006,-1.04411,0.00166136,2.29942,0.0139894,0.176428,-0.0133797
-0.00178059,-1.04277,0.00167192,2.29672,0.0139884,0.177766,-0.0133787
-0.00178059,-1.04139,0.00168202,2.29409,0.0139884,0.179081,-0.0133776
-0.00178112,-1.04009,0.00169029,2.29278,0.0139875,0.180423,-0.013376
-0.00178112,-1.03874,0.00169855,2.29002,0.0139865,0.181851,-0.0133739
-0.00178112,-1.03747,0.0017059,2.28735,0.0139865,0.183313,-0.0133717
-0.00178219,-1.03617,0.00171325,2.28456,0.0139856,0.184747,-0.0133701
-0.00178219,-1.03493,0.00172059,2.28186,0.0139846,0.186379,-0.0133691
-0.00178219,-1.03367,0.0017284,2.27903,0.0139837,0.187877,-0.0133664
-0.00178272,-1.03247,0.00173575,2.27629,0.0139827,0.189463,-0.0133632
-0.00178272,-1.03124,0.00174355,2.27344,0.0139818,0.191023,-0.0133605
-0.00178325,-1.03008,0.0017509,2.27067,0.0139808,0.192674,-0.0133579
-0.00178379,-1.02889,0.00176008,2.26778,0.0139789,0.194288,-0.0133542
-0.00178538,-1.02776,0.00176881,2.26488,0.013977,0.196004,-0.0133499
-0.00178698,-1.02661,0.00177799,2.26207,0.0139761,0.197693,-0.0133462
-0.00178911,-1.02551,0.00178763,2.25913,0.0139732,0.199397,-0.0133424
-0.00179124,-1.02439,0.00179774,2.25628,0.0139704,0.201202,-0.0133387
-0.00179497,-1.02333,0.0018083,2.25341,0.0139685,0.202967,-0.0133366
-0.00179923,-1.02225,0.00181978,2.25042,0.0139666,0.203928,-0.013335
-0.00180509,-1.02122,0.00183218,2.24741,0.0139656,0.205744,-0.0133318
-0.00181201,-1.02016,0.00184595,2.2445,0.0139647,0.207654,-0.0133281
-0.00182,-1.01916,0.00186065,2.24157,0.0139628,0.20953,-0.0133243
-0.0018264,-1.01813,0.00187626,2.23852,0.0139599,0.211521,-0.0133195
-0.00183225,-1.01716,0.00189279,2.23557,0.0139561,0.213461,-0.0133147
-0.00183705,-1.01616,0.00191024,2.23249,0.0139523,0.21551,-0.0133099
-0.00184397,-1.01521,0.00192631,2.22951,0.0139494,0.217521,-0.0133036
-0.00185303,-1.01424,0.00194192,2.2264,0.0139466,0.219646,-0.0132961
-0.00186475,-1.01332,0.0019557,2.22339,0.0139428,0.221718,-0.0132865
-0.00187646,-1.01239,0.00196856,2.22025,0.0139399,0.223816,-0.0132737
-0.00188978,-1.0115,0.00198049,2.21722,0.0139352,0.226014,-0.0132588
-0.00190523,-1.0106,0.00199014,2.21405,0.0139304,0.228173,-0.0132418
-0.0019228,-1.00967,0.0019984,2.211,0.0139247,0.230451,-0.0132226
-0.00194251,-1.00879,0.00200529,2.20782,0.013918,0.232671,-0.0132018
-0.00196381,-1.00796,0.00201172,2.20474,0.0139104,0.234991,-0.0131837
-0.00198725,-1.00711,0.00201769,2.20153,0.0139009,0.237248,-0.0131683
-0.00201228,-1.00629,0.00202182,2.19843,0.0138905,0.239627,-0.0131539
-0.00203732,-1.00546,0.00202458,2.19519,0.01388,0.241924,-0.0131379
-0.00206182,-1.00467,0.00202733,2.19206,0.0138667,0.244318,-0.0131246
-0.00208685,-1.00428,0.00202963,2.18879,0.0138514,0.246643,-0.0131086
-0.00210976,-1.00348,0.00203101,2.18564,0.0138315,0.24907,-0.0130921
-0.00213372,-1.00269,0.00203146,2.18235,0.0138115,0.25142,-0.0130761
-0.0021561,-1.00194,0.00203238,2.17918,0.0137953,0.253789,-0.0130601
-0.002179,-1.00116,0.0020333,2.17588,0.013782,0.256266,-0.0130458
-0.0022019,-1.00042,0.00203422,2.1727,0.0137658,0.258663,-0.0130383
-0.0022264,-0.999698,0.00203468,2.16939,0.0137478,0.261177,-0.0130202
-0.00225303,-0.998944,0.00203468,2.16619,0.0137278,0.263616,-0.013
-0.00228286,-0.998227,0.00203468,2.16286,0.0137078,0.266162,-0.0129771
-0.00231748,-0.997496,0.00203468,2.15964,0.0136907,0.268613,-0.0129541
-0.00235423,-0.996796,0.00203514,2.1563,0.0136707,0.271177,-0.0129355
-0.00239631,-0.99607,0.00203514,2.15306,0.0136479,0.273665,-0.0129163
-0.00241655,-0.995723,0.00203514,2.15145,0.0136336,0.275011,-0.0129057
-0.00247834,-0.994667,0.00203468,2.14646,0.0135936,0.278761,-0.0128689
-0.00251509,-0.993982,0.00203514,2.14309,0.013567,0.281371,-0.012845
-0.00255024,-0.993273,0.00203514,2.13982,0.0135404,0.283895,-0.012821
-0.0025822,-0.992594,0.00203514,2.13642,0.0135099,0.286524,-0.0127965
-0.00261256,-0.991891,0.00203468,2.13314,0.0134814,0.289051,-0.0127688
-0.00264079,-0.991212,0.00203468,2.12971,0.0134529,0.291693,-0.0127374
-0.00267115,-0.990507,0.00203514,2.1264,0.0134262,0.29424,-0.0127049
-0.00270098,-0.989831,0.00203468,2.12296,0.0133958,0.2969,-0.0126708
-0.00273507,-0.989158,0.00203468,2.11965,0.0133682,0.299459,-0.0126346
-0.00276915,-0.988456,0.00203468,2.1162,0.0133377,0.302127,-0.0125994
-0.00280218,-0.987747,0.00203468,2.11287,0.0133092,0.304695,-0.0125627
-0.00283254,-0.987066,0.00203468,2.10942,0.0132826,0.307357,-0.0125217
-0.00286237,-0.986383,0.00203468,2.10608,0.0132569,0.30992,-0.0124806
-0.002889,-0.985665,0.00203468,2.10262,0.0132293,0.312569,-0.0124386
-0.00291297,-0.984972,0.00203468,2.09928,0.0132008,0.315114,-0.0123981
-0.00293747,-0.984255,0.00203514,2.0958,0.0131703,0.317751,-0.0123571
-0.00295984,-0.983558,0.00203468,2.09244,0.0131408,0.320288,-0.012315
-0.00298168,-0.982826,0.00203468,2.0891,0.0131161,0.322922,-0.0122713
-0.00299233,-0.982473,0.00203468,2.08729,0.0131037,0.324191,-0.0122505
-0.00301523,-0.981766,0.00203468,2.08225,0.0130676,0.3281,-0.0121888
-0.00303867,-0.981021,0.00203468,2.08044,0.0130543,0.329362,-0.0121685
-0.0030621,-0.980291,0.00203468,2.07707,0.0130286,0.331876,-0.0121296
-0.00308873,-0.979531,0.00203422,2.07356,0.013001,0.334476,-0.012087
-0.00311909,-0.978791,0.00203422,2.07017,0.0129734,0.336983,-0.0120449
-0.00315372,-0.978009,0.00203422,2.06678,0.0129477,0.339576,-0.0120023
-0.00318834,-0.977246,0.00203422,2.06324,0.0129211,0.34206,-0.0119565
-0.00322669,-0.976444,0.00203376,2.05983,0.0128925,0.344646,-0.0119118
-0.00325971,-0.975663,0.00203376,2.05629,0.0128649,0.347136,-0.0118644
-0.003289,-0.974839,0.0020333,2.05287,0.0128355,0.34972,-0.0118164
-0.00331723,-0.974035,0.00203284,2.04932,0.0128079,0.352194,-0.0117712
-0.0033444,-0.973187,0.00203284,2.0459,0.0127784,0.354768,-0.0117222
-0.00337156,-0.972356,0.00203284,2.04234,0.012747,0.357245,-0.0116737
-0.00339873,-0.971481,0.00203238,2.03892,0.0127165,0.359826,-0.0116274
-0.00341311,-0.970631,0.00203192,2.03535,0.012688,0.362299,-0.01158
-0.0034456,-0.969765,0.00203192,2.03191,0.0126604,0.364859,-0.011531
-0.00347969,-0.968851,0.00203192,2.02807,0.0126319,0.367312,-0.0114857
-0.00351431,-0.967964,0.00203192,2.0249,0.0126014,0.36985,-0.0114399
-0.00354946,-0.967028,0.00203146,2.02107,0.0125681,0.372288,-0.011393
-0.00358142,-0.966116,0.00203146,2.01762,0.0125386,0.374793,-0.0113488
-0.00361125,-0.965152,0.00203146,2.01404,0.0125111,0.37719,-0.0113019
-0.00363681,-0.964205,0.00203101,2.01058,0.0124844,0.379664,-0.0112497
-0.003648,-0.96369,0.00203101,2.00871,0.0124702,0.380854,-0.0112247
-0.00366877,-0.962728,0.00203101,2.00698,0.0124435,0.383217,-0.0111762
-0.00368795,-0.961716,0.00203101,2.0035,0.0124159,0.385655,-0.0111299
-0.00370446,-0.96073,0.00203055,1.99988,0.0123893,0.388088,-0.011083
-0.00371884,-0.95969,0.00203055,1.99639,0.0123608,0.390427,-0.0110383
-0.00373215,-0.958675,0.00203055,1.99277,0.012337,0.392758,-0.010993
-0.0037444,-0.957606,0.00203009,1.98914,0.0123141,0.395172,-0.0109488
-0.00375559,-0.95656,0.00203009,1.98563,0.0122923,0.397489,-0.0109072
-0.00376678,-0.955455,0.00203009,1.98213,0.0122694,0.399892,-0.0108689
-0.0037769,-0.954378,0.00202963,1.9785,0.0122475,0.4022,-0.0108311
-0.00378595,-0.953243,0.00202963,1.97502,0.0122257,0.404593,-0.0107986
-0.00379714,-0.952139,0.00203009,1.97144,0.0122057,0.406903,-0.0107656
-0.00380885,-0.950977,0.00202963,1.96789,0.0121838,0.409467,-0.0107352
-0.00382164,-0.949845,0.00202963,1.96444,0.01216,0.411849,-0.0107043
-0.00383602,-0.948655,0.00202963,1.96081,0.0121334,0.414135,-0.0106739
-0.00385146,-0.947498,0.00202963,1.95729,0.0121077,0.416514,-0.010642
-0.00386904,-0.94628,0.00202963,1.95375,0.0120839,0.418802,-0.0106122
-0.00388662,-0.945092,0.00203009,1.95008,0.0120611,0.421169,-0.0105797
-0.00390419,-0.943841,0.00202963,1.94639,0.0120497,0.422306,-0.0105482
-0.00392071,-0.942619,0.00202963,1.94282,0.0120278,0.424569,-0.0105131
-0.00393509,-0.941335,0.00203009,1.93925,0.012004,0.426917,-0.0104801
-0.00394787,-0.940084,0.00202963,1.93555,0.0119783,0.429253,-0.0104439
-0.00395906,-0.93877,0.00202963,1.93201,0.0119507,0.431485,-0.0104076
-0.00396864,-0.937486,0.00202963,1.92835,0.0119222,0.433801,-0.0103688
-0.00397716,-0.936137,0.00202963,1.92482,0.0118956,0.436026,-0.0103304
-0.00398409,-0.93482,0.00202963,1.92116,0.0118699,0.438312,-0.0102926
-0.00399101,-0.933489,0.00202963,1.91764,0.0118432,0.440503,-0.0102564
-0.00399687,-0.932086,0.00202963,1.91398,0.0118138,0.442689,-0.0102201
-0.00400113,-0.930722,0.00202963,1.91046,0.0117833,0.444955,-0.010185
-0.00400433,-0.929291,0.00202963,1.9068,0.0117538,0.447124,-0.0101461
-0.00400806,-0.9279,0.00202917,1.90327,0.0117253,0.449379,-0.010112
-0.00401125,-0.926443,0.00202917,1.8996,0.0116996,0.451545,-0.0100769
-0.00401445,-0.925027,0.00202917,1.89605,0.0116739,0.453801,-0.0100433
-0.00401605,-0.923539,0.00202871,1.89234,0.011652,0.456051,-0.0100108
-0.00401711,-0.922093,0.00202871,1.88878,0.0116282,0.458211,-0.00998153
-0.00401764,-0.920581,0.00202825,1.88511,0.0116045,0.460359,-0.00995117
-0.00401871,-0.919113,0.00202779,1.88153,0.0115797,0.46259,-0.00992081
-0.00402031,-0.91747,0.00202779,1.87778,0.0115578,0.464816,-0.00990536
-0.00402084,-0.915989,0.00202779,1.87418,0.0115369,0.466953,-0.00987766
-0.00402084,-0.914446,0.00202733,1.87047,0.0115131,0.46918,-0.00984837
-0.00402137,-0.912953,0.00202733,1.86695,0.0114932,0.471327,-0.00981961
-0.00402137,-0.911398,0.00202687,1.86332,0.0114732,0.473548,-0.00978818
-0.00402191,-0.909891,0.00202641,1.85981,0.0114523,0.475675,-0.00975889
-0.00402244,-0.909134,0.00202641,1.85616,0.0114332,0.477866,-0.00972746
-0.00402297,-0.907561,0.00202595,1.85264,0.0114142,0.479982,-0.00969817
-0.00402297,-0.905984,0.00202504,1.84898,0.0113942,0.482177,-0.00966568
-0.0040235,-0.904461,0.00202458,1.84545,0.0113714,0.484293,-0.00963532
-0.0040235,-0.902872,0.00202412,1.84178,0.0113495,0.486393,-0.00960283
-0.00402404,-0.901338,0.00202366,1.83823,0.0113286,0.48857,-0.00957034
-0.00402404,-0.899737,0.00202366,1.83455,0.0113086,0.490678,-0.00953252
-0.00402457,-0.89819,0.0020232,1.83098,0.0112896,0.492855,-0.00949843
-0.0040251,-0.896579,0.00202274,1.82726,0.0112715,0.495021,-0.00946701
-0.00402563,-0.895019,0.00202274,1.82366,0.0112534,0.497097,-0.00943824
-0.00402617,-0.89339,0.00202228,1.81993,0.0112344,0.49925,-0.00941268
-0.0040267,-0.891818,0.00202182,1.81637,0.0112154,0.50132,-0.00938604
-0.00402776,-0.890179,0.00202182,1.81266,0.0111973,0.503375,-0.00935675
-0.0040283,-0.888596,0.00202136,1.80909,0.0111802,0.505499,-0.00932905
-0.00402883,-0.88701,0.00202136,1.8054,0.0111631,0.507544,-0.00930402
-0.00402936,-0.885357,0.0020209,1.80188,0.011145,0.509667,-0.00927686
-0.00403043,-0.883764,0.0020209,1.79823,0.0111269,0.511709,-0.00924916
-0.00403096,-0.882106,0.00202044,1.79472,0.0111117,0.513816,-0.00922146
-0.00403256,-0.880503,0.00201998,1.79107,0.0110974,0.515831,-0.00919749
-0.00403416,-0.878833,0.00201998,1.78753,0.0110812,0.517914,-0.00917566
-0.00403522,-0.877224,0.00201998,1.78384,0.0110679,0.519927,-0.00915275
-0.00403735,-0.87562,0.00201953,1.7803,0.0110546,0.522009,-0.00912932
-0.00403842,-0.873946,0.00201907,1.77663,0.0110422,0.524006,-0.00910268
-0.00404108,-0.872332,0.00201907,1.77311,0.0110308,0.526085,-0.00907659
-0.00404321,-0.870656,0.00201907,1.76943,0.0110213,0.528081,-0.00904995
-0.00404587,-0.869041,0.00201861,1.76586,0.0110099,0.530153,-0.00902439
-0.0040496,-0.86736,0.00201861,1.76216,0.0110004,0.532149,-0.00899776
-0.0040528,-0.865744,0.00201861,1.7586,0.0109899,0.534224,-0.00897112
-0.00405599,-0.864063,0.00201861,1.75488,0.0109814,0.53622,-0.0089397
-0.00405919,-0.862448,0.00201861,1.75129,0.0109718,0.538297,-0.00890934
-0.00406239,-0.860769,0.00201861,1.74759,0.0109623,0.540286,-0.00888111
-0.00406558,-0.859154,0.00201861,1.74406,0.0109528,0.542358,-0.00885341
-0.00406931,-0.857482,0.00201861,1.74042,0.0109433,0.544354,-0.00882199
-0.00407251,-0.855871,0.00201861,1.73692,0.0109338,0.546426,-0.00879323
-0.00407677,-0.854201,0.00201861,1.73327,0.0109252,0.548409,-0.008765
-0.0040805,-0.852599,0.00201861,1.72973,0.0109186,0.550446,-0.0087373
-0.00408476,-0.850939,0.00201861,1.72605,0.0109138,0.552417,-0.00871173
-0.00409008,-0.849347,0.00201861,1.72224,0.0109091,0.554459,-0.0086867
-0.00409541,-0.847701,0.00201815,1.71898,0.0109024,0.55641,-0.0086638
-0.00410074,-0.84612,0.00201815,1.71505,0.010891,0.558432,-0.00864302
-0.00410606,-0.844488,0.00201815,1.7114,0.0108786,0.560372,-0.00862225
-0.00410872,-0.842925,0.00201815,1.70786,0.0108643,0.562383,-0.00860201
-0.00411458,-0.841306,0.00201815,1.70414,0.0108539,0.564316,-0.00858124
-0.00412204,-0.839755,0.00201769,1.70056,0.0108501,0.56624,-0.00856313
-0.0041311,-0.838152,0.00201769,1.69697,0.0108472,0.568229,-0.00854289
-0.00414281,-0.836616,0.00201723,1.6932,0.0108396,0.570217,-0.00852105
-0.00415506,-0.83503,0.00201723,1.69137,0.0108282,0.572138,-0.00849868
-0.00416998,-0.83351,0.00201723,1.68766,0.010813,0.574075,-0.00847844
-0.00418702,-0.831941,0.00201677,1.68421,0.0107959,0.576064,-0.00845767
-0.00420726,-0.830439,0.00201677,1.68065,0.0107816,0.578044,-0.00844062
-0.0042275,-0.828884,0.00201677,1.67722,0.010774,0.579948,-0.00842411
-0.00424987,-0.827393,0.00201631,1.67379,0.0107692,0.581846,-0.008406
-0.00427065,-0.825854,0.00201631,1.67023,0.0107597,0.583956,-0.00838416
-0.00429195,-0.824381,0.00201585,1.66667,0.0107445,0.585772,-0.00836233
-0.00431272,-0.822865,0.00201539,1.66324,0.0107264,0.587815,-0.00833942
-0.00433243,-0.82142,0.00201493,1.65981,0.0107083,0.58957,-0.00831865
-0.00435001,-0.819929,0.00201447,1.65625,0.010696,0.591686,-0.00829841
-0.00436705,-0.818508,0.00201447,1.65284,0.0106855,0.593666,-0.00827604
-0.00438303,-0.817042,0.00201402,1.6493,0.0106741,0.595587,-0.00824941
-0.00439741,-0.815641,0.00201356,1.64591,0.0106598,0.597589,-0.00822437
-0.00440966,-0.8142,0.0020131,1.6424,0.0106436,0.59856,-0.00819774
-0.00442138,-0.812824,0.00201264,1.63904,0.0106284,0.600573,-0.00817005
-0.0044315,-0.811409,0.00201218,1.63556,0.0106142,0.602502,-0.00814288
-0.00444322,-0.810056,0.00201172,1.63223,0.0106065,0.604524,-0.00811412
-0.00445387,-0.808668,0.0020108,1.62878,0.0105904,0.606485,-0.00808163
-0.00446506,-0.807342,0.00200988,1.62548,0.0105704,0.608449,-0.0080502
-0.00447624,-0.805977,0.00200851,1.62206,0.0105485,0.610497,-0.00802197
-0.00448689,-0.804676,0.00200759,1.61879,0.0105266,0.612536,-0.00799215
-0.00449701,-0.803338,0.00200667,1.6154,0.0105095,0.614515,-0.00796072
-0.00450767,-0.802062,0.00200529,1.61214,0.0104924,0.61658,-0.0079293
-0.00451885,-0.800798,0.00200483,1.60876,0.0104734,0.618565,-0.0079
-0.00453377,-0.7995,0.00200437,1.60553,0.0104515,0.620545,-0.00786964
-0.00454974,-0.798259,0.00200391,1.60218,0.0104296,0.622614,-0.00784035
-0.00456945,-0.796983,0.00200391,1.59896,0.0104068,0.624618,-0.00781265
-0.00459129,-0.795769,0.00200391,1.59562,0.0103858,0.626701,-0.00778495
-0.00461419,-0.79452,0.00200391,1.59241,0.010364,0.628712,-0.00775619
-0.00463923,-0.793333,0.00200391,1.5891,0.0103392,0.630812,-0.00772796
-0.0046632,-0.792117,0.00200345,1.58592,0.0103135,0.63284,-0.0076992
-0.00468503,-0.790964,0.00200437,1.58264,0.0102888,0.634961,-0.00766724
-0.00469409,-0.790394,0.00200391,1.58106,0.0102764,0.63599,-0.00765073
-0.00471166,-0.789221,0.00200391,1.57791,0.0102546,0.638043,-0.00762037
-0.00472551,-0.788106,0.00200437,1.57465,0.0102317,0.640183,-0.00759001
-0.0047383,-0.786967,0.00200391,1.57153,0.010206,0.642251,-0.00755272
-0.00474362,-0.786426,0.00200391,1.56998,0.0101927,0.643365,-0.00753834
-0.00475161,-0.785313,0.00200391,1.56676,0.0101632,0.645443,-0.00750532
-0.0047596,-0.784258,0.00200391,1.56366,0.0101299,0.647611,-0.00746537
-0.00476653,-0.783178,0.00200345,1.56045,0.0100966,0.649701,-0.00742649
-0.00476972,-0.782666,0.00200391,1.55891,0.0100824,0.650831,-0.00740519
-0.00477611,-0.781661,0.00200345,1.55573,0.0100548,0.652934,-0.00736364
-0.00478304,-0.780632,0.00200299,1.55267,0.0100253,0.655047,-0.00731783
-0.00478996,-0.779662,0.00200299,1.54962,0.00999105,0.657267,-0.00727416
-0.00479689,-0.778596,0.00200208,1.54646,0.00995395,0.659499,-0.00725126
-0.00480115,-0.778126,0.00200208,1.54494,0.00993492,0.660576,-0.00723048
-0.00481393,-0.776715,0.0020007,1.54029,0.00987594,0.663911,-0.00716284
-0.00482352,-0.775818,0.00200024,1.53729,0.00983789,0.666095,-0.0071181
-0.0048331,-0.774909,0.00199978,1.53417,0.00979603,0.668382,-0.00707069
-0.00483683,-0.774476,0.00199932,1.53267,0.0097751,0.669485,-0.00704779
-0.00484429,-0.77359,0.00199886,1.52957,0.00972944,0.671704,-0.00700571
-0.00485228,-0.772756,0.0019984,1.5266,0.00968568,0.674021,-0.00696097
-0.00485814,-0.771937,0.0019984,1.52351,0.00963907,0.676251,-0.00691623
-0.0048624,-0.771503,0.0019984,1.52056,0.00959626,0.678587,-0.00686989
-0.00486346,-0.770709,0.0019984,1.51749,0.00955059,0.680838,-0.00682621
-0.00486453,-0.769901,0.0019984,1.51454,0.00950778,0.683172,-0.00677828
-0.00486506,-0.768762,0.00199886,1.51002,0.00943739,0.686639,-0.0067069
-0.00486506,-0.76836,0.00199886,1.50856,0.00941646,0.687764,-0.00668027
-0.00486506,-0.767258,0.00199886,1.50406,0.00935177,0.691158,-0.00660837
-0.00486506,-0.76652,0.00199886,1.50115,0.00930896,0.693513,-0.00655564
-0.00486453,-0.765819,0.0019984,1.49813,0.0092652,0.695782,-0.00650823
-0.00486453,-0.765104,0.00199886,1.49524,0.00922334,0.698145,-0.00646243
-0.00486453,-0.764436,0.0019984,1.49224,0.00917768,0.700437,-0.00642088
-0.00486453,-0.763782,0.0019984,1.48937,0.00913392,0.702824,-0.00637614
-0.00486453,-0.763114,0.0019984,1.4864,0.00908826,0.705221,-0.00633406
-0.00486453,-0.762491,0.00199794,1.48355,0.0090426,0.707527,-0.00629411
-0.00486453,-0.761866,0.00199794,1.48061,0.00899408,0.709833,-0.00625736
-0.00486453,-0.761279,0.00199748,1.47778,0.00894651,0.712242,-0.00621795
-0.00486453,-0.760683,0.00199657,1.47485,0.0088999,0.71458,-0.00617747
-0.00486453,-0.760402,0.00199611,1.47345,0.00887802,0.715835,-0.00615936
-0.00486453,-0.759568,0.00199427,1.46913,0.00881238,0.719332,-0.0061029
-0.00486453,-0.759045,0.00199289,1.46634,0.00876862,0.721772,-0.00606402
-0.00486453,-0.758509,0.00199152,1.46344,0.00872676,0.724127,-0.00602514
-0.00486453,-0.758007,0.00199014,1.46066,0.00868871,0.726587,-0.00598146
-0.00486453,-0.757761,0.00198968,1.45928,0.00866968,0.72777,-0.00595962
-0.00486453,-0.757031,0.00198784,1.45502,0.00861927,0.731427,-0.00588878
-0.004864,-0.756574,0.00198692,1.45215,0.00858407,0.733801,-0.00584138
-0.00486293,-0.755679,0.00198555,1.44654,0.00851177,0.738664,-0.00574337
-0.00485281,-0.752586,0.00198417,1.42416,0.00822638,0.758208,-0.00533644
-0.00485121,-0.752249,0.00198417,1.42146,0.00818452,0.760724,-0.00528318
-0.00485015,-0.751938,0.00198371,1.41867,0.00813981,0.76315,-0.00522512
-0.00485015,-0.75163,0.00198371,1.41599,0.00809605,0.765684,-0.00516813
-0.00484962,-0.751485,0.00198325,1.41453,0.00807417,0.766918,-0.00513457
-0.00484908,-0.751202,0.00198325,1.41181,0.0080247,0.7694,-0.00507066
-0.00484855,-0.750917,0.00198233,1.41045,0.00797808,0.77196,-0.00500621
-0.00484802,-0.750651,0.00198187,1.40765,0.00792957,0.7744,-0.00494709
-0.00484749,-0.75039,0.00198049,1.40497,0.0078782,0.77692,-0.0048901
-0.00484749,-0.750269,0.00198004,1.40353,0.0078468,0.778314,-0.00486346
-0.00484749,-0.75003,0.00197912,1.40087,0.00779734,0.780628,-0.00481233
-0.00484749,-0.749808,0.0019782,1.39812,0.00774597,0.783033,-0.00476173
-0.00484695,-0.749587,0.00197728,1.39548,0.00769555,0.785618,-0.00471326
-0.00484695,-0.749487,0.00197682,1.39416,0.00766796,0.786906,-0.0046877
-0.00484536,-0.749202,0.00197636,1.39012,0.007589,0.790482,-0.00461899
-0.00484376,-0.749026,0.0019759,1.3874,0.00753287,0.792947,-0.00457531
-0.00484216,-0.748849,0.00197544,1.38479,0.00747484,0.79532,-0.00453163
-0.00484056,-0.748769,0.00197544,1.38349,0.00744631,0.796595,-0.00450873
-0.00483737,-0.748612,0.00197498,1.3808,0.00741491,0.79897,-0.00446293
-0.00483364,-0.74846,0.00197498,1.37823,0.00735783,0.801328,-0.00441552
-0.00483044,-0.748389,0.00197498,1.37684,0.00732834,0.802593,-0.00439262
-0.00482458,-0.748245,0.00197498,1.37429,0.00727507,0.804932,-0.00434788
-0.00481819,-0.748116,0.00197544,1.37165,0.00721894,0.807345,-0.00430527
-0.00481233,-0.748,0.00197498,1.36913,0.00716852,0.808502,-0.00426053
-0.0048102,-0.747947,0.00197498,1.36788,0.00714569,0.809655,-0.00423922
-0.00480488,-0.747792,0.00197498,1.36405,0.0070772,0.813197,-0.00418223
-0.00480274,-0.747747,0.00197498,1.36281,0.00705056,0.814337,-0.00416518
-0.00479742,-0.747665,0.00197498,1.36025,0.007003,0.816688,-0.00413216
-0.00479476,-0.747622,0.00197544,1.35902,0.00698016,0.817815,-0.00411458
-0.00478464,-0.747504,0.00197498,1.35526,0.00691548,0.821276,-0.00406558
-0.00478144,-0.747468,0.00197498,1.35404,0.0068936,0.822398,-0.00405014
-0.00477611,-0.747412,0.00197453,1.35162,0.00685269,0.824629,-0.00402244
-0.00477238,-0.747366,0.00197407,1.34911,0.00680703,0.826934,-0.00399581
-0.00476812,-0.747327,0.00197407,1.3467,0.00675756,0.829232,-0.00396811
-0.00476706,-0.74731,0.00197361,1.34541,0.00673473,0.830336,-0.00395426
-0.00476067,-0.747263,0.00197315,1.34182,0.00666433,0.833614,-0.00391112
-0.00475694,-0.747239,0.00197223,1.33936,0.00662438,0.835873,-0.00388449
-0.00475534,-0.747228,0.00197223,1.33817,0.00660345,0.836958,-0.00387117
-0.00474842,-0.747204,0.00197177,1.33455,0.00653876,0.840295,-0.00382963
-0.00474575,-0.747199,0.00197131,1.33338,0.00651688,0.841376,-0.00381311
-0.00473936,-0.747192,0.00197085,1.33105,0.00647597,0.843611,-0.00378169
-0.0047319,-0.747189,0.00197085,1.32864,0.00643697,0.845761,-0.00374867
-0.00472498,-0.74719,0.00197039,1.32634,0.00640177,0.84799,-0.00371351
-0.00472178,-0.747191,0.00197039,1.32511,0.0063837,0.849057,-0.00369434
-0.00471539,-0.747192,0.00197039,1.32283,0.00635135,0.851196,-0.00366291
-0.00470847,-0.747194,0.00196993,1.32056,0.00631806,0.853408,-0.0036219
-0.00469995,-0.747197,0.00196993,1.31823,0.00628476,0.855606,-0.00358408
-0.00469089,-0.747202,0.00196993,1.31599,0.00625051,0.857721,-0.00354307
-0.0046339,-0.747239,0.00196856,1.30365,0.00606025,0.869354,-0.00335931
-0.00462005,-0.747254,0.00196764,1.30142,0.0060222,0.871386,-0.00332629
-0.00458383,-0.74731,0.00196626,1.296,0.00592422,0.876489,-0.00323947
-0.00457531,-0.747323,0.00196626,1.29493,0.00590519,0.877573,-0.00322349
-0.00454389,-0.747362,0.00196534,1.29167,0.00584335,0.880578,-0.00316916
-0.00451725,-0.747391,0.00196442,1.28957,0.00580245,0.882642,-0.00313294
-0.00448636,-0.74742,0.0019635,1.28741,0.00576059,0.884621,-0.00309513
-0.00445174,-0.747435,0.00196305,1.28534,0.00572254,0.886656,-0.0030605
-0.00441712,-0.747465,0.00196213,1.28321,0.00568354,0.888608,-0.00302269
-0.00438516,-0.747493,0.00196121,1.28117,0.00564453,0.890547,-0.00298487
-0.00436971,-0.747506,0.00196121,1.28007,0.0056236,0.891584,-0.00296463
-0.00433882,-0.747529,0.00196029,1.27806,0.0055846,0.893492,-0.00292468
-0.00430953,-0.74755,0.00195983,1.27598,0.00554464,0.895448,-0.0028858
-0.00428077,-0.747569,0.00195937,1.27399,0.00550564,0.897323,-0.00284692
-0.0042536,-0.747587,0.00195937,1.27194,0.00546473,0.89926,-0.00280857
-0.00422324,-0.747605,0.00195937,1.26998,0.00542288,0.901111,-0.00276862
-0.00419288,-0.747623,0.00195937,1.26796,0.00538102,0.902952,-0.00273347
-0.0041753,-0.747633,0.00195937,1.26699,0.00535914,0.903935,-0.00271429
-0.00412204,-0.747665,0.00195891,1.26404,0.00529635,0.906657,-0.00266582
-0.0041018,-0.747678,0.00195937,1.26309,0.00527352,0.907635,-0.00264878
-0.00403416,-0.747721,0.00195937,1.26019,0.00520693,0.910357,-0.00259658
-0.00399101,-0.747755,0.00195937,1.25833,0.00516317,0.912225,-0.00256303
-0.00395266,-0.747792,0.00195937,1.25641,0.00511941,0.914017,-0.0025316
-0.00393455,-0.747812,0.00195937,1.25549,0.00509753,0.914979,-0.00251669
-0.003901,-0.747852,0.00195891,1.2536,0.00504997,0.91675,-0.00248633
-0.00385679,-0.747908,0.00195891,1.2509,0.00498147,0.91947,-0.00244159
-0.0038275,-0.747943,0.00195891,1.24905,0.00493771,0.921285,-0.00241282
-0.00379607,-0.747976,0.00195891,1.24729,0.0048911,0.923021,-0.00238353
-0.00375879,-0.748011,0.00195891,1.24547,0.00484353,0.92475,-0.00235477
-0.0037215,-0.748046,0.00195891,1.24373,0.00479597,0.926521,-0.00232441
-0.00368155,-0.748085,0.00195845,1.24195,0.00474935,0.928227,-0.00229192
-0.00364427,-0.748128,0.00195845,1.24024,0.00470084,0.929987,-0.00226049
-0.00360752,-0.748174,0.00195845,1.23848,0.00465042,0.931656,-0.0022312
-0.00359047,-0.748195,0.00195845,1.23764,0.00462568,0.932554,-0.00221575
-0.00355532,-0.748239,0.00195845,1.23591,0.00457241,0.934208,-0.00218379
-0.00352709,-0.748278,0.00195845,1.23425,0.00452294,0.93591,-0.00214917
-0.0034978,-0.748314,0.00195845,1.23261,0.00447347,0.937543,-0.00211615
-0.00344134,-0.748375,0.00195845,1.22921,0.00437168,0.940833,-0.0020533
-0.00340938,-0.748406,0.00195845,1.22757,0.00432792,0.942491,-0.00202454
-0.00337316,-0.74844,0.00195845,1.226,0.00428702,0.944075,-0.00199364
-0.00333481,-0.748476,0.00195845,1.22439,0.00424897,0.945714,-0.00196488
-0.00329167,-0.748541,0.00195845,1.22207,0.00418903,0.94806,-0.00192387
-0.00326876,-0.748563,0.00195845,1.22125,0.00416906,0.948837,-0.00191268
-0.00322615,-0.748611,0.00195845,1.21973,0.0041291,0.950449,-0.00188871
-0.00318514,-0.748659,0.00195845,1.21817,0.00409295,0.951987,-0.00186581
-0.00314679,-0.748703,0.00195845,1.21667,0.00405395,0.95357,-0.00184397
-0.0031111,-0.748748,0.00195845,1.21514,0.0040197,0.955088,-0.00182107
-0.00307276,-0.748795,0.00195845,1.2144,0.00398641,0.956646,-0.00180136
-0.00302961,-0.748846,0.00195799,1.21294,0.00395311,0.958141,-0.00178325
-0.00298221,-0.7489,0.00195799,1.21143,0.00391601,0.95969,-0.00176514
-0.00293321,-0.748959,0.00195754,1.20995,0.00387891,0.961161,-0.00174437
-0.0029087,-0.748987,0.00195754,1.20923,0.00385893,0.961894,-0.00173372
-0.00283467,-0.749074,0.00195754,1.20712,0.00380566,0.964145,-0.00170336
-0.00278886,-0.749126,0.00195754,1.20567,0.00378758,0.965658,-0.00168418
-0.00274412,-0.749182,0.00195708,1.20428,0.00374953,0.967106,-0.00166501
-0.00270098,-0.749241,0.00195708,1.20286,0.00370862,0.968609,-0.00164796
-0.0026557,-0.749311,0.00195708,1.2015,0.00367057,0.970047,-0.00163092
-0.00260777,-0.749382,0.00195708,1.2001,0.00363347,0.971651,-0.00161121
-0.0025561,-0.749455,0.00195708,1.19877,0.00359637,0.973085,-0.00159097
-0.00250817,-0.749523,0.00195708,1.1974,0.00356117,0.974558,-0.00156807
-0.00246183,-0.749596,0.00195708,1.19609,0.00352597,0.975971,-0.00154623
-0.00242135,-0.749672,0.00195708,1.19479,0.00349173,0.977432,-0.00152439
-0.002383,-0.749753,0.00195708,1.19346,0.00345463,0.978819,-0.00150042
-0.00234731,-0.749824,0.00195708,1.19218,0.00342133,0.980262,-0.00147699
-0.00231162,-0.74989,0.00195708,1.19087,0.00338803,0.980957,-0.00145196
-0.00227594,-0.749953,0.00195708,1.18961,0.00335379,0.982394,-0.00142639
-0.00223599,-0.750024,0.00195708,1.18833,0.00331764,0.983758,-0.00140189
-0.00219604,-0.7501,0.00195708,1.18705,0.00328244,0.985165,-0.00137526
-0.00217474,-0.750138,0.00195708,1.18643,0.00326341,0.985848,-0.00136194
-0.00213426,-0.750218,0.00195708,1.18521,0.00322726,0.98725,-0.00133424
-0.00209484,-0.750297,0.00195708,1.18397,0.00319111,0.988577,-0.00130655
-0.00205969,-0.750386,0.00195708,1.18277,0.00315401,0.989959,-0.00128258
-0.0020256,-0.75048,0.00195662,1.18159,0.00311501,0.991291,-0.00125808
-0.00199577,-0.750576,0.00195662,1.18038,0.00307791,0.992664,-0.00123304
-0.00196488,-0.750659,0.00195662,1.17922,0.0030351,0.993976,-0.00120268
-0.00193452,-0.750747,0.00195662,1.17803,0.00299324,0.995283,-0.00117605
-0.00190256,-0.750839,0.00195662,1.17689,0.00295043,0.99663,-0.00114889
-0.00186954,-0.750937,0.00195662,1.17573,0.00290762,0.997923,-0.00112279
-0.00183332,-0.751032,0.00195662,1.17462,0.00286577,0.999254,-0.00109829
-0.00179604,-0.751126,0.00195662,1.17348,0.00282391,1.00053,-0.00107645
-0.00175822,-0.75123,0.00195708,1.17239,0.0027811,1.00183,-0.00105248
-0.00172679,-0.751342,0.00195708,1.17127,0.00274115,1.00309,-0.00102798
-0.00169697,-0.751444,0.00195708,1.1702,0.00270405,1.0044,-0.00100135
-0.00167247,-0.751557,0.00195708,1.1691,0.00266885,1.00563,-0.00097738
-0.00165009,-0.751672,0.00195708,1.16805,0.0026327,1.00691,-0.000953412
-0.00162932,-0.751788,0.00195708,1.16697,0.00259369,1.00815,-0.000932639
-0.00161015,-0.7519,0.00195708,1.16594,0.00255754,1.00941,-0.000921454
-0.0015931,-0.752022,0.00195708,1.16488,0.0025233,1.01062,-0.00089642
-0.00157606,-0.752136,0.00195708,1.16386,0.0024919,1.01188,-0.000870854
-0.00156008,-0.75226,0.00195708,1.16282,0.00245861,1.01309,-0.000846353
-0.00154357,-0.752377,0.00195708,1.16183,0.00242151,1.01432,-0.000821319
-0.00152759,-0.752501,0.00195754,1.16081,0.0023806,1.0155,-0.000795753
-0.00151161,-0.752618,0.00195754,1.15983,0.0023435,1.01669,-0.000766458
-0.00149616,-0.752745,0.00195754,1.15887,0.00230925,1.01792,-0.000737696
-0.00148125,-0.752866,0.00195754,1.15788,0.00227596,1.01907,-0.000707336
-0.00146527,-0.752981,0.00195754,1.15693,0.00223981,1.02025,-0.000678573
-0.00144982,-0.753107,0.00195754,1.15596,0.00220461,1.0214,-0.000649279
-0.00143385,-0.753232,0.00195754,1.15503,0.00217131,1.02259,-0.000622647
-0.00142,-0.753299,0.00195754,1.15407,0.00213992,1.02375,-0.000597081
-0.00140721,-0.753425,0.00195754,1.15316,0.00211043,1.02486,-0.000573112
-0.00139709,-0.753563,0.00195799,1.15223,0.00208474,1.02598,-0.000549144
-0.00138697,-0.7537,0.00195799,1.15133,0.00206191,1.02714,-0.000521447
-0.00137898,-0.753836,0.00195799,1.15041,0.00203908,1.02824,-0.000495881
-0.00137313,-0.753986,0.00195799,1.14953,0.00201625,1.02938,-0.000472445
-0.00136833,-0.754132,0.00195799,1.14864,0.00199437,1.03047,-0.000451139
-0.0013646,-0.754287,0.00195845,1.14778,0.00197534,1.03161,-0.000428236
-0.00136034,-0.754431,0.00195845,1.1469,0.00195537,1.03268,-0.000406398
-0.00135715,-0.754582,0.00195891,1.14605,0.00193729,1.0338,-0.000386691
-0.00135448,-0.754736,0.00195891,1.14519,0.00192017,1.03487,-0.000367516
-0.00135235,-0.754903,0.00195891,1.14437,0.00190305,1.03597,-0.000349407
-0.00135076,-0.755069,0.00195937,1.14355,0.00188687,1.03702,-0.000332363
-0.00134969,-0.755229,0.00195937,1.14271,0.00187355,1.03811,-0.000314253
-0.00134809,-0.755395,0.00195937,1.14188,0.00185833,1.03915,-0.000294546
-0.00134756,-0.755558,0.00195937,1.14108,0.00184311,1.04022,-0.00027324
-0.00134703,-0.755733,0.00195983,1.1403,0.00182599,1.04123,-0.000253533
-0.00134703,-0.755906,0.00195983,1.1395,0.00180887,1.04228,-0.000234358
-0.00134649,-0.756085,0.00195983,1.13874,0.00178984,1.0433,-0.000217314
-0.00134649,-0.756262,0.00195983,1.13795,0.00177081,1.04435,-0.000201335
-0.00134649,-0.756447,0.00195983,1.1372,0.00175464,1.04535,-0.000185889
-0.00134649,-0.756631,0.00196029,1.13644,0.00173942,1.04636,-0.000170442
-0.00134596,-0.756819,0.00196029,1.13571,0.00172039,1.04735,-0.000152865
-0.00134543,-0.757001,0.00196029,1.13496,0.00169947,1.04837,-0.000133691
-0.00134543,-0.757196,0.00196029,1.13425,0.00167949,1.04933,-0.000114516
-0.0013449,-0.757293,0.00196029,1.13387,0.00166998,1.0498,-0.000107059
-0.0013449,-0.757484,0.00196075,1.13316,0.0016519,1.05077,-9.37433e-05
-0.00134383,-0.757683,0.00196075,1.13243,0.00163573,1.05175,-7.93622e-05
-0.0013433,-0.757873,0.00196075,1.13174,0.00161956,1.05268,-6.39159e-05
-0.00134223,-0.758073,0.00196121,1.13104,0.00160148,1.05361,-4.68716e-05
-0.00134117,-0.758266,0.00196121,1.13036,0.00158341,1.05455,-2.98274e-05
-0.00134064,-0.758372,0.00196167,1.13002,0.00157484,1.055,-2.024e-05
-0.0013401,-0.758668,0.00196213,1.129,0.00155201,1.05639,9.11667e-06
-0.0013385,-0.758874,0.00196213,1.12832,0.00153489,1.05727,2.90941e-05
-0.00133691,-0.759069,0.00196259,1.12767,0.00151206,1.05818,4.4315e-05
-0.00133584,-0.759279,0.00196305,1.12701,0.00148542,1.05905,6.04872e-05
-0.00133424,-0.759489,0.00196305,1.12638,0.00145879,1.05995,7.76107e-05
-0.00133318,-0.759707,0.00196305,1.12573,0.00143215,1.06081,9.47342e-05
-0.00133158,-0.759916,0.0019635,1.12512,0.00141122,1.06169,0.000109004
-0.00133105,-0.760137,0.0019635,1.12444,0.00138934,1.06253,0.000123273
-0.00133052,-0.760356,0.00196396,1.12383,0.00136746,1.06339,0.000136592
-0.00132945,-0.760582,0.00196396,1.12321,0.00134368,1.06421,0.00014991
-0.00132838,-0.7608,0.00196396,1.12263,0.00131704,1.06503,0.000162277
-0.00132732,-0.761027,0.00196442,1.12203,0.00129326,1.06586,0.000173693
-0.00132679,-0.761357,0.00196488,1.12145,0.00125901,1.0671,0.000187962
-0.00132625,-0.761572,0.00196488,1.12086,0.00123618,1.06787,0.000197475
-0.00132519,-0.761804,0.00196534,1.1203,0.00122286,1.06867,0.000206988
-0.00132359,-0.762026,0.0019658,1.11972,0.00120098,1.06945,0.00021555
-0.00132253,-0.762255,0.00196626,1.11914,0.00117815,1.07024,0.00022316
-0.0013204,-0.762478,0.00196718,1.1186,0.00115437,1.07106,0.000228868
-0.00131826,-0.762704,0.00196764,1.11807,0.00113249,1.07185,0.000235527
-0.0013156,-0.762942,0.0019681,1.11752,0.00111061,1.07258,0.000242187
-0.00131294,-0.76317,0.00196901,1.117,0.00108873,1.07333,0.000247894
-0.00131028,-0.7634,0.00196947,1.11647,0.00106685,1.07406,0.000255505
-0.00130708,-0.76363,0.00197039,1.11596,0.00104402,1.07481,0.000262164
-0.00130495,-0.763856,0.00197039,1.11543,0.00102118,1.07552,0.000269774
-0.00130388,-0.763972,0.00197085,1.11518,0.00101072,1.07591,0.000272628
-0.00130229,-0.76421,0.00197131,1.11466,0.000985986,1.07626,0.000280239
-0.00130069,-0.764438,0.00197177,1.11417,0.000961253,1.07694,0.000286898
-0.00129962,-0.76468,0.00197223,1.11367,0.000934616,1.07764,0.000293557
-0.00129802,-0.764915,0.00197269,1.1132,0.000906077,1.07835,0.000302119
-0.00129643,-0.765162,0.00197315,1.11271,0.000877538,1.07903,0.000308778
-0.00129483,-0.765404,0.00197315,1.11224,0.00084995,1.07972,0.000315437
-0.00129323,-0.765653,0.00197361,1.11179,0.000825216,1.08039,0.000321145
-0.00129217,-0.765769,0.00197361,1.11154,0.000811897,1.08071,0.000323048
-0.00129057,-0.766,0.00197407,1.11109,0.000783358,1.08138,0.000327804
-0.00128844,-0.766246,0.00197453,1.11063,0.000757673,1.08201,0.000332561
-0.00128631,-0.76648,0.00197498,1.1102,0.000731988,1.08267,0.000337317
-0.00128418,-0.766718,0.00197544,1.10975,0.000706303,1.0833,0.000342074
-0.00128151,-0.766948,0.0019759,1.10934,0.000680617,1.08395,0.00034683
-0.00127938,-0.767192,0.00197682,1.10891,0.000657786,1.08457,0.000351587
-0.00127672,-0.767428,0.00197728,1.10851,0.000634955,1.08519,0.000357295
-0.00127352,-0.767672,0.00197728,1.10809,0.000613075,1.08578,0.0003611
-0.0012698,-0.767905,0.00197774,1.10769,0.000592146,1.08638,0.000365856
-0.0012666,-0.768146,0.0019782,1.1073,0.000571217,1.08697,0.000369662
-0.00126234,-0.768377,0.0019782,1.10689,0.000548386,1.08758,0.000372516
-0.00125808,-0.768618,0.00197866,1.10651,0.000527457,1.08814,0.000374418
-0.00125382,-0.768845,0.00197912,1.10612,0.000506528,1.08874,0.000379175
-0.00124849,-0.769082,0.00197958,1.10574,0.000486551,1.08931,0.000383931
-0.00124316,-0.76931,0.00197958,1.10536,0.000466573,1.08988,0.000389639
-0.0012373,-0.769566,0.00198004,1.105,0.000447547,1.09042,0.000395347
-0.00122985,-0.769779,0.00198049,1.10463,0.000428521,1.09098,0.000402957
-0.00122186,-0.770038,0.00198049,1.10429,0.000411398,1.09153,0.000410568
-0.00121174,-0.770268,0.00198095,1.10393,0.000392372,1.09208,0.000417227
-0.00120002,-0.770495,0.00198095,1.10359,0.000374297,1.0926,0.000422935
-0.00118617,-0.770727,0.00198141,1.10324,0.000357173,1.09314,0.000427691
-0.00116061,-0.771064,0.00198187,1.10274,0.000331488,1.09394,0.00043435
-0.00113877,-0.771171,0.00198233,1.10241,0.000312462,1.09443,0.000438156
-0.00111533,-0.771393,0.00198233,1.10209,0.000295338,1.09491,0.000443863
-0.00108817,-0.771617,0.00198233,1.10176,0.000279166,1.09542,0.000450523
-0.00106047,-0.77183,0.00198279,1.10144,0.000263945,1.09591,0.000458133
-0.00103064,-0.772049,0.00198325,1.10112,0.000247773,1.09641,0.000464792
-0.00100241,-0.772262,0.00198325,1.10082,0.000231601,1.09688,0.000471451
-0.000974717,-0.772477,0.00198417,1.10051,0.000215429,1.09737,0.000477159
-0.000951281,-0.772684,0.00198463,1.10022,0.000201159,1.09785,0.000482867
-0.000929443,-0.772903,0.00198509,1.09993,0.000187841,1.09833,0.000486672
-0.000909203,-0.773116,0.001986,1.09965,0.000174523,1.09876,0.000491429
-0.000888963,-0.773336,0.00198646,1.09936,0.000161204,1.0992,0.000496185
-0.000868191,-0.773542,0.00198738,1.09909,0.000147886,1.09964,0.000502844
-0.00084582,-0.773758,0.00198876,1.09881,0.000133616,1.10008,0.000509504
-0.000822384,-0.773965,0.00198968,1.09855,0.000122201,1.10053,0.000516163
-0.00079735,-0.774182,0.00199014,1.09828,0.000108882,1.10095,0.000522822
-0.000770186,-0.774387,0.00199106,1.09803,9.74667e-05,1.10137,0.000530432
-0.000740359,-0.774591,0.00199152,1.09777,8.22458e-05,1.10177,0.000538043
-0.000711064,-0.774788,0.00199243,1.09753,6.79763e-05,1.10217,0.000544702
-0.000679639,-0.774996,0.00199289,1.09727,5.37067e-05,1.10257,0.000551361
-0.000649811,-0.775198,0.00199381,1.09703,4.2291e-05,1.10295,0.000558972
-0.000621049,-0.775393,0.00199427,1.09679,3.08753e-05,1.10333,0.000565631
-0.000596015,-0.775593,0.00199473,1.09657,2.13623e-05,1.10368,0.000574192
-0.000575243,-0.775788,0.00199519,1.09635,1.08979e-05,1.10405,0.000580851
-0.000565655,-0.775894,0.00199519,1.09624,6.14137e-06,1.10422,0.000584657
-0.000549144,-0.776086,0.00199565,1.09603,-2.66316e-06,1.1046,0.000591316
-0.00053423,-0.776279,0.00199611,1.09581,-1.11853e-05,1.10496,0.000597024
-0.000521447,-0.776465,0.00199703,1.09562,-1.65116e-05,1.10532,0.000602732
-0.000509196,-0.776658,0.00199748,1.09542,-2.13053e-05,1.10566,0.000609391
-0.000503337,-0.776748,0.00199794,1.09533,-2.45011e-05,1.10582,0.000612245
-0.000492152,-0.776922,0.00199886,1.09513,-2.98274e-05,1.10617,0.000618904
-0.000482032,-0.777103,0.00200024,1.09495,-3.56864e-05,1.1065,0.000626514
-0.00047138,-0.77728,0.00200116,1.09476,-4.26106e-05,1.10684,0.000634125
-0.000466053,-0.777377,0.00200162,1.09467,-4.52737e-05,1.107,0.00063793
-0.000451139,-0.777636,0.00200254,1.09441,-5.37959e-05,1.10747,0.000648394
-0.000435693,-0.777899,0.00200345,1.09415,-6.01874e-05,1.1079,0.000657907
-0.000430367,-0.777984,0.00200391,1.09407,-6.2318e-05,1.10806,0.000660761
-0.000414388,-0.77825,0.00200483,1.09383,-6.81769e-05,1.10847,0.000670274
-0.00040267,-0.778424,0.00200529,1.09367,-7.19053e-05,1.10877,0.000678836
-0.000391485,-0.778602,0.00200575,1.09351,-7.56338e-05,1.10905,0.000687398
-0.000379234,-0.778766,0.00200621,1.09337,-7.93622e-05,1.10933,0.000696911
-0.000365918,-0.778933,0.00200621,1.09322,-8.52212e-05,1.1096,0.000706424
-0.000352603,-0.779083,0.00200667,1.09308,-9.16127e-05,1.10986,0.000714986
-0.000338221,-0.779243,0.00200667,1.09294,-0.000100667,1.11011,0.000723547
-0.000331297,-0.779393,0.00200667,1.09281,-0.000108124,1.11036,0.000731158
-0.000315851,-0.77955,0.00200713,1.09267,-0.000113983,1.1106,0.000738768
-0.000302002,-0.779699,0.00200713,1.09255,-0.000115581,1.11085,0.000748281
-0.000288154,-0.779845,0.00200759,1.09242,-0.000116646,1.11109,0.000757794
-0.000275903,-0.779988,0.00200805,1.09232,-0.000116646,1.11135,0.000767307
-0.000263653,-0.780134,0.00200805,1.0922,-0.000118244,1.11158,0.000776821
-0.000253,-0.780276,0.00200896,1.0921,-0.00012144,1.11178,0.000787285
-0.000242348,-0.780424,0.00200942,1.09199,-0.000124103,1.11198,0.000794895
-0.000231695,-0.78056,0.00201034,1.09189,-0.000127299,1.11216,0.000803457
-0.000221575,-0.780705,0.0020108,1.09179,-0.000128897,1.11235,0.000811068
-0.000211455,-0.780846,0.00201126,1.09169,-0.00013156,1.11253,0.000818678
-0.0002024,-0.780985,0.00201218,1.09165,-0.000133691,1.1127,0.000825337
-0.000195476,-0.781125,0.00201264,1.09157,-0.000136354,1.11279,0.000831996
-0.000189084,-0.781247,0.0020131,1.09149,-0.000140615,1.11296,0.000839607
-0.000183225,-0.781368,0.00201402,1.09141,-0.000144343,1.11314,0.000848168
-0.000178964,-0.781484,0.00201447,1.09134,-0.000147006,1.11331,0.000855779
-0.000174703,-0.781606,0.00201493,1.09128,-0.00014967,1.11348,0.000863389
-0.00017204,-0.781724,0.00201539,1.09122,-0.000153931,1.11365,0.000870049
-0.00016991,-0.781848,0.00201539,1.09116,-0.000157659,1.11381,0.000876708
-0.000168312,-0.781957,0.00201585,1.0911,-0.000161388,1.11396,0.000882415
-0.000166714,-0.782062,0.00201631,1.09104,-0.000165116,1.11411,0.000887172
-0.000165649,-0.782165,0.00201631,1.09098,-0.000168844,1.11424,0.00089288
-0.000165116,-0.782269,0.00201677,1.09093,-0.000170975,1.11438,0.00090049
-0.000164583,-0.782363,0.00201723,1.09089,-0.000172573,1.11451,0.000907149
-0.000164583,-0.782461,0.00201769,1.09084,-0.000175769,1.11464,0.00091476
-0.000164583,-0.78256,0.00201769,1.0908,-0.000176301,1.11477,0.000919516
-0.000164051,-0.78266,0.00201861,1.09076,-0.000177367,1.11489,0.000924273
-0.000164051,-0.782749,0.00201907,1.09071,-0.000178432,1.115,0.000928078
-0.000163518,-0.782842,0.00201953,1.09068,-0.000179497,1.11511,0.000929981
-0.000163518,-0.782933,0.00202044,1.09065,-0.000180562,1.11522,0.000932835
-0.000162985,-0.783019,0.0020209,1.09062,-0.00018216,1.11532,0.000935689
-0.000162453,-0.783096,0.00202182,1.0906,-0.000184823,1.11542,0.000939494
-0.000162453,-0.783175,0.00202274,1.09058,-0.000186954,1.11551,0.000943299
-0.00016192,-0.783214,0.0020232,1.09058,-0.000186954,1.11555,0.000945202
-0.00016192,-0.783293,0.00202366,1.09057,-0.000188019,1.11563,0.000946153
-0.00016192,-0.78336,0.00202412,1.09056,-0.000189084,1.1157,0.000949958
-0.000161388,-0.78342,0.00202504,1.09056,-0.000190682,1.11577,0.000952812
-0.000161388,-0.783473,0.0020255,1.09055,-0.000191748,1.11584,0.000955666
-0.000161388,-0.783529,0.00202595,1.09055,-0.000193878,1.11591,0.000957569
-0.000161388,-0.783583,0.00202641,1.09056,-0.000195476,1.11596,0.000959471
-0.000161388,-0.783644,0.00202687,1.09056,-0.000196541,1.11601,0.000960423
-0.000161388,-0.783689,0.00202733,1.09056,-0.000197607,1.11605,0.000962325
-0.000161388,-0.783715,0.00202779,1.09056,-0.000198139,1.11607,0.000963276
-0.000161388,-0.783755,0.00202825,1.09056,-0.000199204,1.1161,0.000964228
-0.000161388,-0.783789,0.00202871,1.09057,-0.000201335,1.11612,0.000965179
-0.000161388,-0.783822,0.00202917,1.09057,-0.0002024,1.11615,0.00096613
-0.000161388,-0.783837,0.00202963,1.09057,-0.000202933,1.11615,0.000967082
-0.00016192,-0.783881,0.00203009,1.09058,-0.000203998,1.11617,0.000969936
-0.00016192,-0.783909,0.00203055,1.09058,-0.000203998,1.11617,0.000970887
-0.00016192,-0.783935,0.00203146,1.09059,-0.000205063,1.11617,0.000971838
-0.00016192,-0.783959,0.00203238,1.09059,-0.000207194,1.11617,0.000971838
