0,0,0,0,0,0,0
-0.00324904,-0.228199,0.061042,-0.00215279,-0.00332463,0.000190763,0
-0.00340408,-0.227192,0.0578009,-0.00260465,-0.0031145,0.000227856,0
-0.00364272,-0.230205,0.0572607,-0.00367002,-0.00317386,0.000254351,1.0582e-05
-0.00351113,-0.237146,0.0615822,-0.00684437,-0.00358959,0.000283281,1.059e-05
-0.00317989,-0.242841,0.0599616,-0.0115733,-0.0040123,0.000293871,1.05901e-05
-0.00218563,-0.238006,0.0524106,-0.0229583,-0.00557131,0.000323238,3.70369e-05
-0.000927238,-0.225261,0.0501872,-0.0283602,-0.00760599,0.000368001,6.61372e-05
0,-0.205938,0.0496979,-0.0345725,-0.00874471,0.000495645,0.000113756
0,-0.196091,0.0448362,-0.0405146,-0.00974006,0.000892362,0.000169439
6.62395e-05,-0.182046,0.0399744,-0.0442511,-0.0103543,0.00160821,0.000246031
0.000147511,-0.172862,0.0418651,-0.044296,-0.0113195,0.00216872,0.000330689
0.000184758,-0.1653,0.0410548,-0.046997,-0.0102602,0.0025355,0.000502772
0.000168311,-0.155576,0.0348426,-0.0529929,-0.00842661,0.00336557,0.00146324
0.000202923,-0.146784,0.0270097,-0.0578009,-0.00774018,0.00389386,0.00762864
0.000246965,-0.138795,0.0233215,-0.0586112,-0.00719536,0.00530419,0.0167666
0.00029513,-0.128852,0.0213377,-0.0623925,-0.00662478,0.00702232,0.0129647
0.000362202,-0.121873,0.0210447,-0.0640131,-0.00635821,0.00900746,0.00823797
0.000416731,-0.112901,0.0199872,-0.0613121,-0.00643584,0.0103577,0.00831832
0.000460396,-0.106311,0.0180553,-0.0644879,-0.0065479,0.00864312,0.00963022
0.000509087,-0.102097,0.0153956,-0.0707655,-0.00686272,0.00438742,0.0109722
0.000558931,-0.0932859,0.0112846,-0.0734752,-0.00686135,0.000990357,0.0109722
0.000585089,-0.0880518,0.00756273,-0.0801377,-0.00702232,0.000351109,0.00938907
0.000671846,-0.0821096,0.00425905,-0.0809982,-0.00741212,0.000585076,0.00801289
0.000819932,-0.0740067,0.00243088,-0.0826498,-0.00755037,0.000482695,0.00827891
0.000887588,-0.0707167,0.000501537,-0.0845405,-0.00708675,0.00026424,0.0100033
0.000863713,-0.063743,-0.000404941,-0.0867013,-0.00589605,-0.000150973,0.0103543
0.000847803,-0.0571752,-0.000263245,-0.0894023,-0.00506304,-0.000360906,0.00999361
0.000818216,-0.0485683,-0.000463735,-0.0880518,-0.00510612,-0.00041303,0.00938907
0.000755112,-0.0366122,-0.000526577,-0.0883219,-0.00548517,-0.000475093,0.00912883
0.000688874,-0.0275499,-0.000695515,-0.0852613,-0.00579234,-0.000528977,0.00938907
0.000622636,-0.0200426,-0.000818297,-0.0867013,-0.00606352,-0.000796009,0.0106175
0.000596141,-0.0135049,-0.000949394,-0.0817505,-0.00606473,-0.00100557,0.010621
0.000568269,-0.00451383,-0.00103809,-0.0810292,-0.00606352,-0.00116499,0.00900325
0.000568242,0.00216078,-0.00113193,-0.0794188,-0.00606352,-0.00147892,0.00842384
0.000575495,0.00432046,-0.00152467,-0.0783283,-0.00590513,-0.00187397,0.00854384
0.000577417,0.010403,-0.00180758,-0.0792428,-0.0056912,-0.00395469,0.00854596
0.000574052,0.0156657,-0.00203542,-0.0777093,-0.00553163,-0.00937843,0.00854596
0.000583329,0.0220676,-0.00241591,-0.0786672,-0.00530965,-0.0140451,0.00938907
0.000607983,0.0291705,-0.00275561,-0.0750871,-0.00555473,-0.0144341,0.00963348
0.000609666,0.0366122,-0.00302782,-0.0772367,-0.0056607,-0.0159277,0.0103543
0.000655043,0.0421352,-0.00367002,-0.0777881,-0.00573248,-0.0178264,0.0106175
0.000739644,0.0456399,-0.0044375,-0.0787413,-0.005178,-0.0232284,0.0103577
0.000849109,0.0513185,-0.00465066,-0.0788685,-0.0049326,-0.0251191,0.00999361
0.000937093,0.0621321,-0.00495179,-0.0726544,-0.00487083,-0.0280901,0.0103543
0.00101777,0.0669842,-0.00517886,-0.0713057,-0.0049821,-0.0289004,0.0103543
0.0011819,0.0777382,-0.00605463,-0.063743,-0.0056607,-0.0337622,0.010621
0.00130627,0.0864312,-0.00675244,-0.0583411,-0.00573248,-0.0366122,0.0109685
0.00141305,0.087769,-0.00741212,-0.0588813,-0.00530877,-0.0394342,0.0103577
0.00141305,0.0934537,-0.00863874,-0.0540195,-0.0049326,-0.0424053,0.0102637
0.00142201,0.0961547,-0.0100307,-0.0513185,-0.00486956,-0.044296,0.0100033
0.00149075,0.101557,-0.011074,-0.0507783,-0.00486887,-0.047646,0.00936338
0.0015979,0.105878,-0.0121544,-0.0475372,-0.00500248,-0.0540195,0.00939216
0.00175523,0.109548,-0.0148554,-0.0386239,-0.0049326,-0.0607104,0.00999023
0.00194714,0.1102,-0.016746,-0.0340323,-0.00444453,-0.0656337,0.00974327
0.0021194,0.11435,-0.0180782,-0.0340323,-0.00333284,-0.0686048,0.00939216
0.00218591,0.118843,-0.0186367,-0.0334921,-0.00239964,-0.0693447,0.00912582
0.00200067,0.121372,-0.019447,-0.0313313,-0.00157973,-0.0752305,0.00801289
0.00183166,0.124245,-0.0178264,-0.0251191,-0.0014042,-0.0772479,0.0069344
0.00177393,0.128895,-0.0148554,-0.0213377,-0.0014042,-0.0779156,0.00711257
0.00171718,0.130187,-0.0143007,-0.0191769,-0.00135895,-0.0772479,0.00708675
0.00158955,0.134509,-0.0137793,-0.0186367,-0.00119216,-0.0750871,0.00688806
0.00156344,0.140451,-0.0140451,-0.0172862,-0.00106208,-0.0760903,0.00615951
0.0013276,0.144378,-0.0143152,-0.0148554,-0.000737554,-0.0799489,0.00589459
0.00112108,0.144772,-0.0162058,-0.0115353,-0.000412985,-0.0869714,0.00627753
0.000855563,0.151795,-0.0180782,-0.00809471,-0.000324488,-0.0906608,0.00627753
0.000649048,0.156657,-0.0213377,-0.00270372,-0.000186179,-0.0945341,0.00553163
0.000471982,0.156116,-0.0226882,0.00162058,-0.000105576,-0.098552,0.00436148
0.000452104,0.162599,-0.0233215,0.00219443,-9.68422e-05,-0.103073,0.003196
0.000369517,0.169621,-0.0218779,0.00265944,-9.61777e-05,-0.10793,0.00265944
0.000338979,0.172862,-0.0207942,0.00437501,0,-0.10993,0.00244717
0.000264947,0.177724,-0.019967,0.00918331,7.54971e-05,-0.115496,0.00239964
0.000220789,0.180965,-0.0203122,0.0102815,7.09231e-05,-0.117763,0.00232774
0.000220808,0.184206,-0.0226882,0.0121421,0.000182147,-0.115602,0.00221266
0.000225278,0.183563,-0.0258292,0.0155476,0.000170865,-0.122624,0.00188793
0.000224078,0.187797,-0.0283602,0.0191769,0.000205638,-0.130187,0.00147511
0.000245744,0.190584,-0.0280596,0.0232048,0.000293716,-0.135049,0.00106208
0.000262914,0.19393,-0.024554,0.0275499,0.00033119,-0.141801,0.000522245
0.000291389,0.198923,-0.0220676,0.0302509,0.000366218,-0.145583,0.000402855
0.00028926,0.199872,-0.0199872,0.0303144,0.000368333,-0.146663,0.000203095
0.000325984,0.199612,-0.0207942,0.0289004,0.000473206,-0.150461,0.000182034
0.000354478,0.197511,-0.0224181,0.0302509,0.000508781,-0.147324,0.000166047
0.000372992,0.197606,-0.0250768,0.0341045,0.000510982,-0.147473,9.61777e-05
0.000405846,0.198252,-0.0261729,0.0396641,0.000557663,-0.153415,8.83157e-05
0.00045175,0.201428,-0.0255784,0.0424053,0.000580823,-0.156583,8.16357e-05
0.000482695,0.200412,-0.0224181,0.0413249,0.000634641,-0.16503,0
0.000527408,0.197606,-0.0195415,0.0405146,0.000673356,-0.170021,0
0.000568611,0.195551,-0.0172862,0.0456465,0.000687785,-0.171782,-6.24093e-05
0.000671822,0.192089,-0.017303,0.0515886,0.000726564,-0.168811,-0.000103252
0.0007968,0.19393,-0.0172862,0.0577423,0.00076288,-0.172687,-0.000153239
0.000887588,0.195098,-0.0195415,0.0601844,0.000795894,-0.180884,-0.000185466
0.000944017,0.19447,-0.0218779,0.0675244,0.000858718,-0.189068,-0.000252467
0.000910683,0.19339,-0.0224181,0.0694151,0.000920707,-0.19393,-0.000287748
0.000919436,0.19447,-0.0237445,0.0683954,0.00110461,-0.195349,-0.000339391
0.000837241,0.190149,-0.0226882,0.0696851,0.00128692,-0.19285,-0.000421666
0.000767014,0.188877,-0.0199872,0.0722213,0.00151208,-0.189068,-0.000493686
0.000734422,0.19339,-0.0180782,0.0712335,0.00166684,-0.192039,-0.000546657
0.000693224,0.192309,-0.0180965,0.0769778,0.00180167,-0.198672,-0.000658741
0.000631603,0.19285,-0.0180965,0.0804891,0.00194714,-0.203653,-0.000726317
0.00053101,0.19393,-0.0186367,0.0861611,0.0020505,-0.207691,-0.000766594
0.000484745,0.192309,-0.0213377,0.0894023,0.00242772,-0.210406,-0.000848789
0.000427758,0.192309,-0.0232284,0.0877817,0.00264792,-0.211398,-0.000945686
0.000381899,0.19393,-0.0243088,0.0898513,0.00318367,-0.217969,-0.0013443
0.000324524,0.191769,-0.0223954,0.0937238,0.00463184,-0.221795,-0.00175532
0.000308457,0.194813,-0.019447,0.0975052,0.00697791,-0.227692,-0.00183595
0.000236004,0.196631,-0.0165507,0.100476,0.00947108,-0.224721,-0.00184378
0.000176271,0.19393,-0.0140451,0.102637,0.0103543,-0.219049,-0.0017773
0.000132752,0.193734,-0.01304,0.105878,0.0106175,-0.223911,-0.00184621
0.000125378,0.192309,-0.0126946,0.108469,0.00974006,-0.231209,-0.00199763
6.99323e-05,0.189678,-0.0130277,0.112901,0.00877772,-0.236335,-0.00211263
6.64893e-05,0.190727,-0.0129647,0.116412,0.00912582,-0.233716,-0.00245217
3.97427e-05,0.189416,-0.0137793,0.119653,0.00939216,-0.240387,-0.00331184
3.78846e-05,0.186907,-0.0153956,0.123435,0.00936021,-0.243518,-0.00496797
2.41272e-05,0.186907,-0.0150461,0.121814,0.00938907,-0.252811,-0.00739471
2.30957e-05,0.18402,-0.0143152,0.124515,0.0100066,-0.250921,-0.0103543
2.30198e-05,0.178805,-0.01304,0.127756,0.010621,-0.245809,-0.0118843
0,0.180782,-0.0102637,0.125325,0.0102637,-0.248261,-0.0135239
-2.04105e-05,0.176876,-0.00852613,0.121814,0.00912582,-0.255282,-0.0129581
-1.96674e-05,0.174483,-0.00647577,0.125325,0.00842661,-0.259564,-0.0124836
-1.89246e-05,0.175563,-0.00476012,0.128895,0.00843841,-0.259564,-0.0120935
-1.82365e-05,0.173943,-0.00432156,0.130325,0.0103543,-0.260374,-0.0125532
-1.76854e-05,0.170702,-0.00300639,0.128836,0.0112541,-0.269014,-0.0129647
-1.71253e-05,0.16692,-0.00270097,0.129377,0.0113195,-0.273879,-0.0124836
-1.7083e-05,0.165672,-0.00208059,0.133698,0.0102602,-0.270097,-0.013498
-1.65986e-05,0.163679,-0.00121544,0.13761,0.00877772,-0.263345,-0.0135239
-1.60669e-05,0.163,-0.000909816,0.13991,0.00837302,-0.268868,-0.0144341
-1.56023e-05,0.164759,-0.000675244,0.13937,0.00874253,-0.279537,-0.0149828
-1.51316e-05,0.164053,-0.000789735,0.141118,0.00936338,-0.278741,-0.0149904
-1.47189e-05,0.162599,-0.000463619,0.145195,0.00912883,-0.280901,-0.013914
-1.43289e-05,0.162058,-0.000191502,0.146123,0.00974327,-0.287384,-0.0149904
-1.39586e-05,0.163513,-0.000159566,0.143305,0.0109722,-0.292245,-0.0162467
-1.35806e-05,0.160438,-0.00021408,0.145312,0.0113233,-0.288464,-0.0163409
-1.3607e-05,0.160438,-0.000188743,0.147452,0.012197,-0.287384,-0.0144341
-1.32476e-05,0.164759,-0.000165599,0.146123,0.0116142,-0.289544,-0.0125532
-1.29302e-05,0.16638,-9.7516e-05,0.147313,0.0116142,-0.293901,-0.0124836
-1.26052e-05,0.164003,-6.68632e-05,0.148284,0.012548,-0.296027,-0.0125595
0,0.164219,0,0.148204,0.0135049,-0.293901,-0.0135173
0,0.163679,0,0.148554,0.0130037,-0.300889,-0.0129647
0,0.161518,0,0.149904,0.0125532,-0.308721,-0.0129974
0,0.160275,0,0.151371,0.013914,-0.301969,-0.0125595
0,0.163679,0,0.150444,0.0140451,-0.300922,-0.0124836
0,0.164759,0,0.152065,0.0124775,-0.308721,-0.0125595
0,0.163501,2.65957e-05,0.154766,0.0125595,-0.31517,-0.0115677
-9.29956e-06,0.1653,2.64952e-05,0.157483,0.0135239,-0.312773,-0.0125595
-9.14217e-06,0.165006,2.53465e-05,0.155036,0.0144429,-0.317365,-0.0130037
-8.97836e-06,0.163679,2.41272e-05,0.152574,0.0144341,-0.324117,-0.0140379
-1.32474e-05,0.163513,3.4645e-05,0.155036,0.0171649,-0.323307,-0.013914
-1.30343e-05,0.164219,3.31184e-05,0.151464,0.018348,-0.316554,-0.0140451
-2.10467e-05,0.163,3.18179e-05,0.149094,0.0183666,-0.324244,-0.0157268
-2.10214e-05,0.161894,3.06157e-05,0.151071,0.0164759,-0.330059,-0.0178264
-2.89785e-05,0.164003,4.91685e-05,0.155576,0.0159358,-0.327898,-0.0178046
-3.66956e-05,0.16638,4.73114e-05,0.155727,0.0144271,-0.330534,-0.0191575
-3.9578e-05,0.164053,4.57117e-05,0.15245,0.0135049,-0.343564,-0.020563
-5.45482e-05,0.1653,4.41023e-05,0.152969,0.0130037,-0.337622,-0.0213377
-6.43797e-05,0.16746,5.99368e-05,0.155306,0.0140379,-0.33195,-0.0202779
-7.72773e-05,0.1653,5.79578e-05,0.154382,0.013914,-0.337622,-0.0213377
-8.59743e-05,0.16638,7.22987e-05,0.153685,0.0159358,-0.347345,-0.0213377
-9.06418e-05,0.170702,7.00566e-05,0.157467,0.0171565,-0.345914,-0.022148
-9.63691e-05,0.173943,6.82395e-05,0.156386,0.0183666,-0.354098,-0.022148
-0.000105352,0.175563,6.62386e-05,0.155306,0.0164593,-0.35977,-0.022148
-0.00011271,0.176644,5.15175e-05,0.153145,0.0145853,-0.349236,-0.0213161
-0.000111032,0.180965,5.0151e-05,0.150714,0.0157345,-0.350316,-0.0198107
-0.000116373,0.178264,4.88551e-05,0.149124,0.0159358,-0.355988,-0.022148
-0.000122499,0.180553,4.75322e-05,0.149094,0.0157268,-0.358596,-0.020563
-0.000121164,0.183126,4.63665e-05,0.148627,0.0159358,-0.366373,-0.0213377
-0.000119643,0.186572,4.53403e-05,0.149904,0.0176851,-0.370574,-0.022466
-0.000124489,0.190689,4.52556e-05,0.149904,0.0172862,-0.36085,-0.0204367
-0.000122961,0.195599,3.23852e-05,0.151525,0.0183666,-0.360485,-0.0213377
-0.000121683,0.19501,3.15705e-05,0.154766,0.0188076,-0.368413,-0.0232284
-0.000121683,0.19447,3.08486e-05,0.15353,0.0191769,-0.369883,-0.0240738
-0.000118902,0.196631,1.80647e-05,0.150174,0.0168811,-0.370198,-0.0240387
-0.000117607,0.199332,1.77005e-05,0.152181,0.0153444,-0.384889,-0.0251191
-0.000116341,0.204194,1.72933e-05,0.153576,0.0149828,-0.380027,-0.0232284
-0.00011634,0.207225,1.69319e-05,0.151795,0.0153444,-0.373275,-0.0240387
-0.000116244,0.208515,0,0.147452,0.0167748,-0.379217,-0.0251191
-0.000115007,0.211216,0,0.146663,0.0163326,-0.380297,-0.0240738
-0.000113796,0.207975,0,0.148455,0.0153956,-0.384469,-0.0240387
-0.000115424,0.210676,0,0.145853,0.0157345,-0.390831,-0.022148
-0.000114142,0.215538,-9.46229e-06,0.142071,0.0159277,-0.386936,-0.0202573
-0.000118489,0.218239,-9.31191e-06,0.142071,0.0148242,-0.383689,-0.0213377
-0.000124,0.220469,-9.29956e-06,0.145853,0.0149904,-0.391641,-0.0213377
-0.000126921,0.2204,-1.34848e-05,0.145165,0.0129974,-0.392722,-0.0213377
-0.000133584,0.220676,-1.34675e-05,0.141531,0.0130037,-0.396503,-0.0213377
-0.000137565,0.225033,-1.32643e-05,0.142071,0.0129647,-0.402445,-0.0215458
-0.000145502,0.227962,-1.30345e-05,0.145165,0.0135049,-0.393532,-0.0213161
-0.000158729,0.232284,-2.10467e-05,0.145947,0.0144271,-0.396101,-0.0213377
-0.000174602,0.232048,-2.89789e-05,0.146123,0.0153444,-0.401365,-0.0213377
-0.000202695,0.234445,-2.85414e-05,0.145696,0.0151715,-0.402233,-0.0215661
-0.000244215,0.236002,-2.8541e-05,0.144626,0.0146247,-0.406227,-0.022148
-0.00024528,0.239604,-3.61504e-05,0.145042,0.0138,-0.406227,-0.020563
-0.000253185,0.245252,-3.55794e-05,0.142341,0.013914,-0.402445,-0.0191769
-0.000256589,0.24903,-3.90064e-05,0.1391,0.0129647,-0.412627,-0.0172862
-0.000272903,0.251772,-3.84089e-05,0.13802,0.0120935,-0.41337,-0.0183666
-0.000295042,0.253892,-3.78704e-05,0.136939,0.0120132,-0.420037,-0.0170362
-0.000353517,0.256787,-3.73065e-05,0.136939,0.0102679,-0.424593,-0.0164759
-0.0004925,0.260374,-3.68369e-05,0.1391,0.00923264,-0.416919,-0.0149904
-0.000676509,0.264811,-3.63041e-05,0.140848,0.00863874,-0.417841,-0.013914
-0.000736634,0.266856,-3.58221e-05,0.13775,0.00877772,-0.422796,-0.0125532
-0.000739093,0.26807,-3.53176e-05,0.13748,0.00900021,-0.426052,-0.0135239
-0.000759654,0.272798,-3.48965e-05,0.13964,0.00877483,-0.431346,-0.0129647
-0.000747977,0.275845,-3.44171e-05,0.13991,0.00999023,-0.425404,-0.0129974
-0.000769422,0.280901,-3.39841e-05,0.13829,0.0109722,-0.4234,-0.0129647
-0.000808166,0.282867,-4.02361e-05,0.140181,0.0108902,-0.432156,-0.0135239
-0.000846089,0.282522,-3.97798e-05,0.142486,0.0100066,-0.437089,-0.0140379
-0.00086716,0.284304,-4.58043e-05,0.144232,0.00877483,-0.442511,-0.013914
-0.000969437,0.290237,-5.17213e-05,0.142071,0.00912582,-0.438845,-0.0135049
-0.00107656,0.294108,-5.36203e-05,0.136791,0.010621,-0.437018,-0.0135173
-0.00121726,0.292786,-6.54722e-05,0.136939,0.0113233,-0.44377,-0.0153444
-0.00130617,0.294946,-7.39066e-05,0.136129,0.0115828,-0.444851,-0.0159277
-0.00130627,0.300348,-8.73118e-05,0.134238,0.0119338,-0.450026,-0.0163409
-0.00126545,0.30343,-0.000105934,0.131152,0.011074,-0.449257,-0.0167748
-0.00126535,0.30359,-0.000123834,0.132888,0.00883821,-0.443933,-0.016746
-0.00122463,0.302928,-0.000149446,0.135288,0.00823797,-0.452801,-0.0163767
-0.00120795,0.308992,-0.000184911,0.134238,0.00741212,-0.452413,-0.0153956
-0.00113851,0.314393,-0.000258709,0.133409,0.00801018,-0.464027,-0.0153444
-0.00103809,0.316234,-0.000482955,0.134372,0.00900746,-0.462734,-0.0153956
-0.00104612,0.319479,-0.00123562,0.134913,0.0103577,-0.455384,-0.014817
-0.000993532,0.323577,-0.00238968,0.135049,0.0115828,-0.458976,-0.0145853
-0.000998549,0.328005,-0.00244449,0.134412,0.0125595,-0.465108,-0.0135173
-0.00093614,0.33114,-0.00210631,0.134912,0.0115733,-0.46997,-0.013775
-0.000870266,0.334024,-0.00177751,0.135666,0.0115828,-0.47078,-0.0130037
-0.000835851,0.339242,-0.00179914,0.136669,0.0130037,-0.467683,-0.0135049
-0.000766197,0.345057,-0.00205317,0.134035,0.0135049,-0.47186,-0.0135173
-0.000724404,0.350046,-0.00268015,0.132618,0.0135173,-0.475642,-0.0151255
-0.000702122,0.351076,-0.00329836,0.133698,0.0135049,-0.480503,-0.0142971
-0.000702122,0.354009,-0.00376622,0.127216,0.0144502,-0.479219,-0.0129647
-0.000694551,0.36085,-0.00413671,0.123127,0.0153444,-0.483474,-0.0130037
-0.000687657,0.364116,-0.00437127,0.122624,0.0163326,-0.485365,-0.0124245
-0.000663528,0.365341,-0.00561774,0.126946,0.0164759,-0.489147,-0.0140372
-0.000681352,0.367627,-0.00623013,0.128393,0.0163409,-0.495899,-0.0135049
-0.000699995,0.373436,-0.00810292,0.125325,0.0139072,-0.492428,-0.0140372
-0.000728605,0.375298,-0.00904827,0.123011,0.0144502,-0.49054,-0.0129713
-0.000771197,0.377056,-0.0108039,0.123975,0.0144341,-0.502651,-0.0135173
-0.000846049,0.379757,-0.0117861,0.12714,0.0163409,-0.504542,-0.016746
-0.000933367,0.384079,-0.0116142,0.129515,0.0187623,-0.509404,-0.0180553
-0.00104072,0.384079,-0.0116142,0.128273,0.0213377,-0.501841,-0.0162058
-0.00121726,0.38786,-0.0116142,0.125325,0.0202573,-0.504295,-0.0182052
-0.0013675,0.391641,-0.0102815,0.126137,0.0172862,-0.510776,-0.0172862
-0.00145721,0.392182,-0.00891322,0.129246,0.0183666,-0.519592,-0.0180553
-0.00154962,0.394883,-0.00782489,0.127641,0.0191575,-0.514266,-0.0183666
-0.00170204,0.400825,-0.00702253,0.121274,0.0191769,-0.516713,-0.0172687
-0.00194714,0.403656,-0.00675244,0.119253,0.0191769,-0.519938,-0.0183666
-0.00228526,0.405686,-0.00584882,0.119923,0.0191964,-0.52669,-0.0170523
-0.00306621,0.409883,-0.00540195,0.121007,0.020563,-0.530204,-0.0172862
-0.00437127,0.41433,-0.00494141,0.118183,0.0232284,-0.522909,-0.0176764
-0.00621224,0.41541,-0.00495011,0.116106,0.0240738,-0.524799,-0.0162058
-0.00805837,0.420272,-0.00465066,0.117492,0.022148,-0.523989,-0.0164759
-0.011074,0.425024,-0.00432156,0.1175,0.0240738,-0.531552,-0.0158568
-0.0130277,0.425674,-0.00421331,0.117222,0.0240387,-0.527617,-0.016746
-0.0140451,0.429455,-0.00423986,0.11761,0.0232995,-0.529661,-0.0172862
-0.0137923,0.433337,-0.00456442,0.115872,0.022148,-0.53163,-0.0180553
-0.0135049,0.434317,-0.00495179,0.115332,0.0223184,-0.537494,-0.0183666
-0.0129515,0.438098,-0.00561589,0.117763,0.022148,-0.531552,-0.019447
-0.0121544,0.441432,-0.00634729,0.116498,0.0233215,-0.535333,-0.0205274
-0.0103104,0.441879,-0.00689197,0.115872,0.022148,-0.536414,-0.0188659
-0.00893036,0.44458,-0.00810292,0.115103,0.0205437,-0.539385,-0.0199872
-0.00727229,0.44695,-0.00961805,0.117763,0.0202573,-0.536949,-0.020563
-0.00648234,0.448362,-0.0116142,0.119857,0.020563,-0.543166,-0.0205274
-0.00526614,0.452386,-0.0134912,0.115062,0.0202573,-0.544669,-0.020563
-0.00459166,0.453764,-0.0143152,0.110338,0.0215661,-0.552369,-0.0188877
-0.00468134,0.453965,-0.0150461,0.110358,0.022148,-0.549183,-0.019447
-0.00438886,0.457005,-0.01538,0.109837,0.0223184,-0.548838,-0.019447
-0.0042301,0.458906,-0.0135049,0.109119,0.0213377,-0.551691,-0.0162058
-0.00438742,0.458626,-0.0121544,0.104069,0.0202573,-0.5537,-0.0171649
-0.00468169,0.461414,-0.010783,0.102367,0.0213161,-0.552694,-0.0158568
-0.00465066,0.462947,-0.00918331,0.103447,0.0215661,-0.548838,-0.0159358
-0.00482616,0.463487,-0.00852613,0.105072,0.0202573,-0.55493,-0.0143041
-0.00540195,0.466188,-0.00837302,0.106041,0.0187899,-0.559642,-0.0140379
-0.00605663,0.466188,-0.00777382,0.108579,0.0183666,-0.553697,-0.0130037
-0.0074085,0.465108,-0.00810292,0.107229,0.0183666,-0.5537,-0.0148554
-0.00864312,0.469429,-0.00832238,0.103317,0.0172687,-0.558211,-0.0153369
-0.0100307,0.468349,-0.00809882,0.101557,0.0198107,-0.562343,-0.0145853
-0.0121421,0.470447,-0.00858245,0.101561,0.0172862,-0.560964,-0.0137839
-0.0129647,0.47213,-0.0089087,0.104692,0.0170362,-0.559642,-0.0140379
-0.0140451,0.473211,-0.0100213,0.102564,0.0164759,-0.564229,-0.0164759
-0.0143152,0.47489,-0.0102637,0.100206,0.0167748,-0.572066,-0.0179451
-0.0148554,0.478613,-0.010783,0.0958846,0.0159358,-0.570176,-0.0175703
-0.0143152,0.480774,-0.010793,0.0972351,0.0168263,-0.570677,-0.0172862
-0.0121421,0.482985,-0.0102815,0.0998058,0.0178264,-0.569944,-0.0183666
-0.0108039,0.486992,-0.00972351,0.101557,0.018348,-0.573957,-0.0188877
-0.00972351,0.488876,-0.00826757,0.0962045,0.0191769,-0.570498,-0.0205274
-0.00917401,0.491545,-0.00648234,0.0950743,0.0191769,-0.575534,-0.0210676
-0.00891322,0.494278,-0.00526614,0.0927375,0.0191769,-0.575038,-0.0199872
-0.00918331,0.49602,-0.00377753,0.0931836,0.0213377,-0.576928,-0.0199872
-0.00918331,0.499174,-0.00324117,0.0912929,0.0221256,-0.57204,-0.0172862
-0.00918331,0.500534,-0.00221063,0.0894023,0.0232284,-0.576928,-0.0183666
-0.011074,0.505082,-0.00161976,0.0864337,0.0251191,-0.576928,-0.019447
-0.0121544,0.504002,-0.00117033,0.0877817,0.0240387,-0.58071,-0.0195599
-0.0135049,0.507783,-0.00108039,0.085891,0.0223184,-0.575264,-0.0188877
-0.0143152,0.509944,-0.000877483,0.0872415,0.0232284,-0.583681,-0.0199872
-0.0153956,0.511024,-0.000927238,0.0856209,0.0240738,-0.587462,-0.0183666
-0.0159196,0.513725,-0.000744643,0.085891,0.0232048,-0.588542,-0.019447
-0.0143152,0.514577,-0.000531994,0.0829199,0.0232284,-0.58179,-0.0199872
-0.0116142,0.514266,-0.000531888,0.0830044,0.0232284,-0.584169,-0.020563
-0.00918331,0.518602,-0.000534235,0.0796788,0.0240738,-0.591312,-0.0232284
-0.00891322,0.519127,-0.000560541,0.0765152,0.0240387,-0.587462,-0.0242841
-0.00702253,0.519091,-0.000585076,0.0767077,0.0232284,-0.583681,-0.0259294
-0.00648234,0.520748,-0.000580669,0.0758974,0.0232048,-0.589353,-0.0260799
-0.00532892,0.520094,-0.000581106,0.0767077,0.0233215,-0.591317,-0.027522
-0.00459166,0.522369,-0.000528977,0.0704954,0.0232284,-0.591513,-0.0280861
-0.00456442,0.523103,-0.000530673,0.0656337,0.0240387,-0.586652,-0.0270097
-0.00405146,0.523449,-0.00052848,0.0654299,0.0240387,-0.585571,-0.0280596
-0.00351109,0.523419,-0.00042551,0.0618523,0.0240387,-0.587946,-0.0291705
-0.00344489,0.522379,-0.000397413,0.0626626,0.0232284,-0.586652,-0.0270097
-0.00344403,0.526112,-0.000347758,0.0652974,0.0232284,-0.583089,-0.0275499
-0.00303176,0.52615,-0.00029777,0.0634729,0.022148,-0.582284,-0.0259294
-0.00255306,0.528851,-0.000249637,0.0626921,0.0223184,-0.587462,-0.0270097
-0.00218074,0.529394,-0.000188076,0.0607104,0.0232048,-0.584761,-0.0259294
-0.00218074,0.532092,-0.000140421,0.0549183,0.0213377,-0.58071,-0.0259294
-0.00228958,0.534793,-7.83605e-05,0.0534793,0.0202573,-0.584761,-0.0270097
-0.00260465,0.53614,-4.68097e-05,0.0534137,0.0213377,-0.585043,-0.0280901
-0.00284402,0.540195,-4.42508e-05,0.049968,0.0213377,-0.579899,-0.0291705
-0.00280841,0.543976,-2.78617e-05,0.0456399,0.020563,-0.584792,-0.0286303
-0.0027202,0.543164,-2.79729e-05,0.0461867,0.022148,-0.587732,-0.0280901
-0.00241348,0.551189,0,0.0476012,0.0213377,-0.591312,-0.0259031
-0.00262183,0.55478,0,0.0426754,0.0213377,-0.584761,-0.024849
-0.00302782,0.560217,0,0.0396214,0.0205437,-0.587551,-0.022148
-0.00340408,0.560182,0,0.0396641,0.0213377,-0.587462,-0.0232048
-0.00390111,0.561803,1.83319e-05,0.0405146,0.0202573,-0.592324,-0.0215661
-0.00437235,0.567238,2.72837e-05,0.0397043,0.0191575,-0.587732,-0.022148
-0.00468011,0.568789,2.63288e-05,0.0337622,0.0191575,-0.58287,-0.0195415
-0.00482775,0.571251,2.55011e-05,0.0294108,0.0178046,-0.591513,-0.0205274
-0.0050033,0.573147,2.55623e-05,0.0283602,0.0172862,-0.592324,-0.0183666
-0.00623013,0.574185,2.39903e-05,0.0280617,0.0164759,-0.583681,-0.0205274
-0.00648234,0.579089,2.33004e-05,0.027522,0.0172862,-0.584978,-0.0215661
-0.00714855,0.578549,3.76663e-05,0.0243088,0.0174213,-0.585043,-0.0210676
-0.00715758,0.58071,3.67221e-05,0.019447,0.0153444,-0.590433,-0.0232284
-0.00715204,0.579732,3.66453e-05,0.0148554,0.0139072,-0.582284,-0.0232284
-0.00675244,0.58233,3.56763e-05,0.0118843,0.0144502,-0.584761,-0.0232284
-0.00623874,0.579777,3.46892e-05,0.00756273,0.0153369,-0.583681,-0.0225479
-0.00540195,0.579629,3.38859e-05,0.00567205,0.0174213,-0.587946,-0.0232284
-0.00403115,0.578774,3.29934e-05,0.00189068,0.0163409,-0.58287,-0.0243088
-0.00350949,0.578009,1.93244e-05,0,0.0157345,-0.58287,-0.0232284
-0.00286082,0.577963,1.88405e-05,-0.000789735,0.0159277,-0.582739,-0.0215661
-0.00216078,0.577468,1.84442e-05,-0.00101059,0.0162546,-0.579899,-0.022148
-0.0013498,0.578774,1.80028e-05,-0.00117021,0.0174125,-0.58179,-0.022148
-0.00130037,0.578502,1.76116e-05,-0.00153394,0.0183666,-0.584169,-0.0226652
-0.00108039,0.579777,1.1741e-05,-0.0022171,0.0198107,-0.585571,-0.022148
-0.000614238,0.580169,1.14913e-05,-0.0047338,0.018348,-0.576118,-0.0232284
-0.000450162,0.581236,0,-0.00741212,0.0170523,-0.579983,-0.0240738
-0.000372396,0.585571,0,-0.00647905,0.0174213,-0.585571,-0.0237686
-0.000311065,0.585294,0,-0.00741212,0.0162546,-0.583681,-0.0232284
-0.00026424,0.589835,0,-0.00863874,0.0163326,-0.573957,-0.0248238
-0.000231838,0.592817,0,-0.0105323,0.0174213,-0.576015,-0.0264696
-0.000165599,0.596375,0,-0.0102637,0.0180752,-0.583681,-0.0250083
-0.000206492,0.597456,0,-0.010783,0.0183666,-0.584242,-0.0241507
-0.00023757,0.601237,0,-0.011074,0.0172862,-0.571836,-0.0232048
-0.000168311,0.604478,0,-0.0118843,0.0168811,-0.567991,-0.0220676
-0.00019871,0.608183,0,-0.0129647,0.0162467,-0.576928,-0.0210501
-0.00019871,0.611501,0,-0.0148554,0.0162546,-0.576015,-0.0225479
-0.000183694,0.612377,0,-0.0165507,0.0167748,-0.570677,-0.0210676
-0.000188729,0.617443,0,-0.0191769,0.0183666,-0.563423,-0.0189068
-0.000177296,0.618436,7.35203e-06,-0.0218557,0.0178046,-0.569598,-0.0180553
-0.000199662,0.621764,7.25331e-06,-0.0264696,0.0183666,-0.569365,-0.0162058
-0.000187228,0.62341,7.14981e-06,-0.0299504,0.0187899,-0.566394,-0.0175538
-0.000206504,0.626722,7.06353e-06,-0.0302203,0.0191769,-0.554449,-0.0172862
-0.000166508,0.625918,6.96543e-06,-0.0299808,0.0223184,-0.557186,-0.018348
-0.000211173,0.626626,1.01853e-05,-0.0318476,0.0232284,-0.55478,-0.0183666
-0.000203688,0.624327,6.78374e-06,-0.0379448,0.0232284,-0.5537,-0.0172862
-0.000217982,0.625546,6.71888e-06,-0.0451521,0.0232284,-0.547664,-0.0176764
-0.000240917,0.624465,6.71236e-06,-0.0502381,0.0250768,-0.550999,-0.019447
-0.000231101,0.625006,9.82438e-06,-0.0519091,0.0266784,-0.550999,-0.0183666
-0.000253012,0.622936,9.7067e-06,-0.0572026,0.0259294,-0.543695,-0.0180553
-0.000273807,0.622305,9.59168e-06,-0.064949,0.0250936,-0.5384,-0.0183666
-0.000272932,0.624915,9.58305e-06,-0.0661739,0.0240738,-0.540195,-0.0183666
-0.000299354,0.623385,1.57993e-05,-0.0675244,0.0240143,-0.539152,-0.0172687
-0.000323003,0.622305,1.56027e-05,-0.0726562,0.0240738,-0.530742,-0.0151255
-0.000364233,0.624372,1.52369e-05,-0.0723861,0.0250936,-0.528123,-0.0159358
-0.000361607,0.625918,1.50667e-05,-0.0768998,0.0232284,-0.529661,-0.0158568
-0.00037741,0.629327,1.48878e-05,-0.081249,0.0251191,-0.529372,-0.0148554
-0.000410145,0.628885,8.94038e-06,-0.0861611,0.0240387,-0.525332,-0.0145642
-0.000422326,0.632568,5.89026e-06,-0.0925496,0.0250936,-0.518101,-0.0135049
-0.000442122,0.634189,8.84272e-06,-0.0950743,0.0251191,-0.519938,-0.0119576
-0.000464836,0.63689,8.73999e-06,-0.0976762,0.0251191,-0.517237,-0.0129647
-0.000507815,0.63689,8.64681e-06,-0.0971366,0.0232048,-0.512375,-0.0126946
-0.000528993,0.642292,8.64672e-06,-0.103177,0.0213377,-0.501537,-0.0119576
-0.000546675,0.64326,8.55542e-06,-0.108579,0.0202573,-0.507513,-0.0121544
-0.000530868,0.646481,8.45922e-06,-0.112631,0.0202779,-0.505622,-0.0111832
-0.000496781,0.648234,8.46604e-06,-0.116142,0.0172862,-0.503732,-0.0118843
-0.00047306,0.64938,8.37182e-06,-0.120193,0.0172862,-0.492928,-0.0122175
-0.000438823,0.648656,1.38104e-05,-0.123705,0.0171649,-0.494819,-0.0119634
-0.000398366,0.651496,1.36598e-05,-0.130997,0.0174125,-0.491796,-0.0121482
-0.000356027,0.649736,1.35334e-05,-0.134779,0.0153444,-0.489204,-0.0116142
-0.000315363,0.649855,1.33889e-05,-0.13842,0.0153956,-0.484485,-0.0135239
-0.000298069,0.649855,1.3389e-05,-0.138701,0.014817,-0.480503,-0.013498
-0.000240111,0.648774,1.32575e-05,-0.142071,0.0140451,-0.480826,-0.0143041
-0.000198712,0.647577,1.32575e-05,-0.146393,0.0124836,-0.475642,-0.0148554
-0.000157314,0.647154,1.32575e-05,-0.151795,0.0125595,-0.47186,-0.0150769
-0.000115916,0.64598,1.32573e-05,-0.153685,0.0139072,-0.47516,-0.0153956
-8.27969e-05,0.644879,1.32575e-05,-0.162329,0.0140451,-0.467809,-0.0161246
-5.80951e-05,0.644976,1.85605e-05,-0.167021,0.013914,-0.463169,-0.0170161
-2.48391e-05,0.640671,1.85605e-05,-0.170432,0.0125532,-0.456812,-0.0161167
0,0.640361,1.85605e-05,-0.176914,0.013914,-0.455897,-0.0159358
0,0.640781,1.85605e-05,-0.179299,0.0144271,-0.457275,-0.0159358
0,0.64144,1.85603e-05,-0.182771,0.0153878,-0.448632,-0.0163767
-1.39582e-05,0.63851,2.38635e-05,-0.189608,0.0162546,-0.446117,-0.0159358
-1.36066e-05,0.63946,2.38454e-05,-0.195551,0.0153956,-0.44296,-0.0153369
-1.98714e-05,0.640131,2.38632e-05,-0.199602,0.0153369,-0.44296,-0.0153956
-1.29305e-05,0.642292,2.38635e-05,-0.199872,0.0163409,-0.438098,-0.0153444
-3.15698e-05,0.641752,2.38635e-05,-0.203717,0.0157345,-0.428375,-0.0159358
-5.42874e-05,0.640862,2.65152e-05,-0.205814,0.0153878,-0.434331,-0.0132573
-8.08366e-05,0.642832,2.65149e-05,-0.211486,0.0148242,-0.431346,-0.0121544
-0.00010504,0.642181,2.38635e-05,-0.218779,0.0144502,-0.425554,-0.0124836
-0.000138087,0.646613,2.64946e-05,-0.223954,0.0139072,-0.426484,-0.0129647
-0.000168387,0.646613,2.65149e-05,-0.227962,0.0144502,-0.413016,-0.0150769
-0.000186837,0.647694,3.17939e-05,-0.231744,0.0148242,-0.408117,-0.013775
-0.000203718,0.648234,3.71209e-05,-0.237146,0.0149904,-0.415523,-0.0145571
-0.000215122,0.648892,3.17939e-05,-0.242548,0.0153369,-0.410008,-0.0135049
-0.000212225,0.648234,3.71209e-05,-0.244438,0.0153956,-0.406746,-0.0137839
-0.000217507,0.650935,3.70925e-05,-0.250127,0.0162546,-0.402445,-0.0151178
-0.000222351,0.651894,4.24239e-05,-0.252001,0.0174125,-0.38678,-0.0148242
-0.000222626,0.649314,4.23918e-05,-0.257403,0.0171649,-0.385969,-0.0148554
-0.000219671,0.649855,4.24239e-05,-0.26172,0.0159358,-0.38786,-0.0158568
-0.000216351,0.651475,4.50413e-05,-0.267667,0.0144271,-0.384079,-0.0159358
-0.000216096,0.650395,4.50754e-05,-0.271988,0.0163409,-0.380297,-0.0158645
-0.000213127,0.648234,4.50409e-05,-0.277109,0.0167748,-0.368413,-0.0148242
-0.000212883,0.647694,5.03023e-05,-0.280901,0.0168725,-0.357879,-0.0148478
-0.000209766,0.649855,5.02643e-05,-0.281171,0.0153444,-0.36085,-0.0151255
-0.000214535,0.648234,5.03023e-05,-0.284953,0.0163326,-0.354908,-0.0148242
-0.000219171,0.644993,5.55547e-05,-0.290895,0.0176851,-0.345914,-0.0129974
-0.000215861,0.645372,5.55973e-05,-0.292516,0.0183666,-0.349236,-0.0129974
-0.000212877,0.646983,5.55553e-05,-0.301429,0.0164593,-0.345455,-0.0140379
-0.000217338,0.646073,5.82447e-05,-0.304979,0.0159358,-0.328979,-0.0127436
-0.000214416,0.644993,5.55558e-05,-0.31321,0.0171649,-0.322226,-0.0124245
-0.000211351,0.645533,5.55973e-05,-0.315744,0.0172862,-0.328979,-0.0117033
-0.00021212,0.644453,5.55553e-05,-0.317974,0.0170362,-0.317043,-0.0110684
-0.000206505,0.64272,5.55978e-05,-0.321416,0.0153956,-0.313461,-0.0111832
-0.000206708,0.644993,5.55553e-05,-0.325197,0.0152969,-0.313583,-0.0105338
-0.000208283,0.643472,5.55553e-05,-0.33141,0.0124119,-0.312503,-0.0101822
-0.000212162,0.642292,5.55558e-05,-0.335461,0.013914,-0.296408,-0.00965231
-0.000212162,0.63946,5.55553e-05,-0.340053,0.0135049,-0.287384,-0.00983105
-0.000218789,0.63797,5.55553e-05,-0.345995,0.0140379,-0.287631,-0.0107088
-0.000227917,0.636353,5.55553e-05,-0.346805,0.0135239,-0.285204,-0.0114073
-0.000236423,0.635269,5.82453e-05,-0.349776,0.0125595,-0.275093,-0.0103577
-0.000246485,0.630933,5.82008e-05,-0.354908,0.0120935,-0.273879,-0.0095292
-0.000227222,0.629327,5.82447e-05,-0.362373,0.0102679,-0.275093,-0.0095292
-0.000215858,0.628426,5.82008e-05,-0.365442,0.010621,-0.268207,-0.0096555
-0.000200713,0.625546,5.82447e-05,-0.370636,0.0112541,-0.250921,-0.010984
-0.000177991,0.622845,6.34917e-05,-0.374085,0.0115828,-0.243088,-0.011411
-0.000155266,0.620684,6.35403e-05,-0.375706,0.0113233,-0.239873,-0.00990023
-0.000136333,0.622305,6.87827e-05,-0.381378,0.010621,-0.236335,-0.00947682
-0.000128759,0.618314,6.88347e-05,-0.384229,0.0102602,-0.234445,-0.00947994
-0.000106037,0.616903,7.40744e-05,-0.393706,0.010621,-0.223911,-0.0107053
-9.08877e-05,0.615282,7.67772e-05,-0.400014,0.00999361,-0.22202,-0.0112318
-9.71016e-05,0.614742,8.20102e-05,-0.403665,0.00877483,-0.22097,-0.0110599
-9.56767e-05,0.611501,8.7368e-05,-0.406497,0.00774018,-0.210193,-0.0106202
-0.00010165,0.613121,8.20102e-05,-0.414059,0.00719773,-0.205129,-0.0108844
-0.00010144,0.611501,9.00146e-05,-0.418767,0.0073535,-0.192039,-0.0115866
-0.000100302,0.610961,9.52386e-05,-0.424593,0.00735168,-0.184206,-0.0110563
-0.000107858,0.60934,0.000100529,-0.428105,0.00772208,-0.179345,-0.0101788
-0.000113354,0.607719,0.00010582,-0.428375,0.00827891,-0.177293,-0.00846019
-0.000120476,0.607179,0.00010582,-0.434857,0.00854596,-0.172768,-0.00737329
-0.000119114,0.605018,0.000108465,-0.439709,0.00823461,-0.164003,-0.00847761
-0.00012421,0.606358,0.000108465,-0.441155,0.00755037,-0.156386,-0.00927238
-0.000135507,0.602317,0.000113757,-0.446746,0.00635979,-0.147594,-0.00900325
-0.000140175,0.599076,0.000113756,-0.449442,0.00543097,-0.145853,-0.00772185
-0.000152104,0.596915,0.000113842,-0.452683,0.00470359,-0.142436,-0.00774018
-0.000157545,0.592594,0.000113756,-0.459166,0.00423986,-0.139769,-0.00741975
-0.000165786,0.590973,0.000119138,-0.464298,0.00429627,-0.132078,-0.00624178
-0.000170694,0.589353,0.000113756,-0.465108,0.00456758,-0.125325,-0.00543097
-0.000174543,0.584438,0.000119138,-0.466458,0.0051338,-0.113742,-0.00555371
-0.000181867,0.58179,0.000113756,-0.472192,0.00524367,-0.0993959,-0.00604355
-0.000190606,0.579089,0.000113842,-0.476992,0.00487083,-0.0922828,-0.00627627
-0.000212109,0.575264,0.000113756,-0.483474,0.00395497,-0.091563,-0.00542525
-0.000234039,0.573687,0.000113843,-0.487256,0.00298443,-0.0840003,-0.00436235
-0.000242359,0.571752,0.000113756,-0.489957,0.00239964,-0.0761675,-0.00351046
-0.000246035,0.56609,0.000113843,-0.496979,0.00241591,-0.0712335,-0.00340408
-0.000252912,0.563423,0.000113757,-0.500534,0.00261646,-0.070567,-0.00359827
-0.000260336,0.563423,0.000114014,-0.508864,0.00334218,-0.061689,-0.00377586
-0.000272232,0.559214,0.000113928,-0.513185,0.00473613,-0.0510484,-0.0040123
-0.000272586,0.559075,0.000108711,-0.512915,0.00530419,-0.0469453,-0.00404061
-0.000276823,0.5537,0.000113928,-0.521108,0.00444379,-0.0356167,-0.00344446
-0.000281017,0.554679,0.000114014,-0.523989,0.00351059,-0.0323491,-0.00304702
-0.000285793,0.55424,0.000114014,-0.528041,0.00201854,-0.0259294,-0.00238462
-0.000303928,0.549183,0.000119316,-0.530471,0.00142201,-0.0180553,-0.00198694
-0.000296803,0.548838,0.000119317,-0.534793,0.00188743,-0.0105338,-0.00192095
-0.000305663,0.545159,0.00012462,-0.539115,0.00221266,-0.00626921,-0.00200615
-0.000306885,0.544517,0.00012462,-0.546161,0.00274107,0.00108039,-0.00200595
-0.00030239,0.544517,0.00012462,-0.547217,0.00300274,0.00188972,-0.00197164
-0.00030688,0.541816,0.000127272,-0.549918,0.00421881,0.00377518,-0.00189879
-0.000297586,0.537494,0.000132573,-0.557456,0.00381542,0.0049326,-0.00183694
-0.000297586,0.534793,0.000132575,-0.565618,0.00241591,0.00798641,-0.00170455
-0.000292168,0.530471,0.000132575,-0.566664,0.00147219,0.0147417,-0.00146956
-0.000287312,0.530081,0.000137876,-0.569906,0.00135876,0.022148,-0.00125812
-0.000291447,0.522601,0.000137878,-0.577468,0.00159294,0.0280901,-0.00118381
-0.000278334,0.519668,0.000137878,-0.58206,0.00180333,0.0356529,-0.00113637
-0.00028261,0.517507,0.000137878,-0.58429,0.00196503,0.0394342,-0.00113246
-0.000269375,0.512105,0.000140531,-0.585788,0.00216317,0.0473952,-0.00120569
-0.000261009,0.508323,0.000145832,-0.591563,0.00227575,0.0569906,-0.00105842
-0.000256558,0.500564,0.000140529,-0.595025,0.0025808,0.063743,-0.000993532
-0.000252282,0.496476,0.000145832,-0.597521,0.00240844,0.0742768,-0.00093614
-0.00025667,0.493011,0.000145832,-0.599076,0.00212269,0.0848106,-0.000904935
-0.000265099,0.488876,0.000151135,-0.604208,0.00167366,0.0957936,-0.000780116
-0.000269105,0.486175,0.000151135,-0.607643,0.00124504,0.102367,-0.000624093
-0.000256974,0.482934,0.000151135,-0.60961,0.000877651,0.109232,-0.000499274
-0.000265099,0.478466,0.000151135,-0.614202,0.000734778,0.118573,-0.000312065
-0.000265263,0.474831,0.000151135,-0.619063,0.000877584,0.123435,-0.000280858
-0.000277483,0.474291,0.000156438,-0.625006,0.0010815,0.124389,-0.000324506
-0.00027841,0.468889,0.000156438,-0.626086,0.00112607,0.133158,-0.000264392
-0.000291442,0.468349,0.000156438,-0.631658,0.00117017,0.141801,-0.000206515
-0.000301166,0.466993,0.00015909,-0.633919,0.00116521,0.145583,-0.000195032
-0.000338781,0.460411,0.000156438,-0.639861,0.00114233,0.16584,-0.000185466
-0.000348459,0.460786,0.00015909,-0.642562,0.00120284,0.172592,-0.00018617
-0.000386224,0.457621,0.000159088,-0.64754,0.00113929,0.183396,-0.000176786
-0.000423045,0.45146,0.00015909,-0.653366,0.00112391,0.192039,-0.00016889
-0.000437998,0.453764,0.000158969,-0.657147,0.00108603,0.195821,-0.000161146
-0.000467613,0.450882,0.00015909,-0.661068,0.00103752,0.203653,-0.000138574
-0.00050802,0.447281,0.000158728,-0.666871,0.000989215,0.217969,-0.000132474
-0.000554756,0.445365,0.000164393,-0.672002,0.000820362,0.225801,-0.000127272
-0.00056374,0.44404,0.00016402,-0.672002,0.000769422,0.229583,-4.24256e-05
-0.000633996,0.437654,0.000164146,-0.679025,0.000687625,0.234683,0
-0.00067352,0.436478,0.00016402,-0.682266,0.000656064,0.243747,0
-0.000710601,0.432696,0.000164144,-0.683887,0.000644987,0.252811,0
-0.000739093,0.428269,0.000164146,-0.687938,0.000620712,0.266567,3.31187e-05
-0.000793466,0.424593,0.00016402,-0.690909,0.000599855,0.274959,6.42674e-05
-0.000833422,0.424053,0.000169311,-0.69334,0.000605608,0.281362,7.78406e-05
-0.000847845,0.419846,0.00016402,-0.69307,0.00057722,0.288464,7.56601e-05
-0.000867115,0.41541,0.000169311,-0.699012,0.00053937,0.302678,0.000103035
-0.000874297,0.409883,0.000169311,-0.700146,0.000521113,0.300078,0.000100302
-0.000895133,0.402445,0.000169313,-0.703064,0.000476305,0.297885,0.000125627
-0.000940112,0.399744,0.000171117,-0.709675,0.000488056,0.312503,0.000176891
-0.000914517,0.394883,0.000169311,-0.715033,0.00042709,0.327754,0.000184768
-0.000919436,0.389335,0.000169311,-0.717525,0.00039387,0.33195,0.000205749
-0.000914567,0.384079,0.000170988,-0.724671,0.00039291,0.343051,0.000251206
-0.000910683,0.381378,0.000170986,-0.729803,0.000356027,0.353287,0.000245498
-0.000944017,0.374355,0.000169311,-0.731964,0.000322898,0.348992,0.000258309
-0.000988268,0.371817,0.000169313,-0.734395,0.000298069,0.351127,0.00027005
-0.00110944,0.370636,0.000174604,-0.742525,0.000265577,0.35977,0.000303321
-0.00130928,0.365341,0.000170986,-0.743095,0.000232969,0.378136,0.000334344
-0.0015676,0.360767,0.000169311,-0.750048,0.000200836,0.379217,0.000337864
-0.00202117,0.358149,0.000170986,-0.754382,0.000219889,0.388691,0.000365791
-0.00286889,0.355088,0.000174602,-0.754061,0.00018956,0.396503,0.000381374
-0.00490234,0.35293,0.000170988,-0.756813,0.000154553,0.396343,0.000424671
-0.00857826,0.350073,0.000176331,-0.759828,0.000150453,0.411899,0.000455327
-0.0121544,0.345725,0.000178093,-0.757935,0.000128956,0.418282,0.000493333
-0.0159358,0.345559,0.00017823,-0.758475,0.000125627,0.426484,0.000502732
-0.0180965,0.340863,0.000182616,-0.760054,9.77102e-05,0.438845,0.000528651
-0.0178084,0.338162,0.000183741,-0.758704,9.5249e-05,0.438098,0.000536338
-0.0159358,0.334042,0.000187609,-0.757894,9.27308e-05,0.436678,0.000658521
-0.0148554,0.332557,0.000187763,-0.758704,9.01806e-05,0.445661,0.000747995
-0.0132782,0.330059,0.000183858,-0.758825,7.12491e-05,0.450523,0.000916881
-0.0127577,0.324657,0.000185991,-0.758475,6.94551e-05,0.458355,0.0010615
-0.0121544,0.321416,0.00018386,-0.76359,4.29621e-05,0.462748,0.0011643
-0.0121691,0.320876,0.000180177,-0.765726,4.30375e-05,0.455468,0.00113365
-0.0121421,0.317094,0.000178113,-0.768104,4.20066e-05,0.466525,0.00112902
-0.0116142,0.308139,0.000176383,-0.771669,4.10945e-05,0.470191,0.00120365
-0.0121544,0.307911,0.000176383,-0.773559,4.10936e-05,0.472192,0.00120365
-0.0129515,0.30521,0.000165964,-0.778691,2.29826e-05,0.480974,0.0012301
-0.0150461,0.30114,0.000164253,-0.782682,0,0.478128,0.00125519
-0.0153956,0.295487,0.000153119,-0.783823,0,0.484485,0.00134709
-0.016746,0.291894,0.000153118,-0.789369,0,0.490227,0.00141305
-0.0172862,0.288464,0.000151556,-0.793006,0,0.499311,0.00152438
-0.016746,0.284873,0.000144569,-0.793546,0,0.49887,0.0016351
-0.0153956,0.279281,0.000141842,-0.794087,0,0.502651,0.00201405
-0.0137793,0.275344,0.000140424,-0.793282,-1.82368e-05,0.509404,0.002252
-0.0116142,0.271718,0.000134919,-0.792196,-1.79111e-05,0.514266,0.0025049
-0.0100307,0.269325,0.000133685,-0.792736,-3.08716e-05,0.517237,0.0028261
-0.00918331,0.266856,0.000132274,-0.791927,-4.76749e-05,0.514594,0.00322195
-0.00783283,0.265815,0.000126983,-0.788955,-4.69212e-05,0.525347,0.00367039
-0.00702253,0.259834,0.000127175,-0.787874,-5.78894e-05,0.52669,0.00470242
-0.00648234,0.257288,0.000119317,-0.785714,-7.32219e-05,0.52669,0.00613243
-0.00584882,0.255512,0.000119227,-0.782759,-8.40619e-05,0.519592,0.00680816
-0.00513185,0.256285,0.000124526,-0.786524,-0.000114519,0.52669,0.00676028
-0.00500165,0.252555,0.000119227,-0.789168,-0.000122776,0.52777,0.00662313
-0.00468011,0.249765,0.000124526,-0.787616,-0.000136038,0.531552,0.00660158
-0.00482775,0.247409,0.000124527,-0.790924,-0.00016025,0.522909,0.00670178
-0.00468169,0.247759,0.00012462,-0.794627,-0.000181145,0.522909,0.00659541
-0.00456291,0.24957,0.000127272,-0.79494,-0.000190526,0.523103,0.00670312
-0.00477172,0.247759,0.000132575,-0.797868,-0.000212445,0.52777,0.00723512
-0.0050033,0.245789,0.000132575,-0.801109,-0.000230871,0.522351,0.00781529
-0.00513185,0.242014,0.000137878,-0.802996,-0.000248158,0.523989,0.00755037
-0.0052649,0.244708,0.000140529,-0.806722,-0.000264827,0.528123,0.00755037
-0.00513185,0.245753,0.000151135,-0.80435,-0.000280469,0.532093,0.00794776
-0.00500165,0.245249,0.000156438,-0.80327,-0.00029563,0.526614,0.00808223
-0.00517715,0.242302,0.00015909,-0.803,-0.000312853,0.521828,0.00781724
-0.0050033,0.242007,0.000164393,-0.798408,-0.000326635,0.52588,0.00755037
-0.0045001,0.243088,0.000169696,-0.793816,-0.000348182,0.52777,0.00781529
-0.00421192,0.244168,0.000176734,-0.791656,-0.000363454,0.526614,0.00847972
-0.00410736,0.243628,0.000183041,-0.785714,-0.000391314,0.521018,0.00983105
-0.00364272,0.241467,0.000191071,-0.782472,-0.000496309,0.524106,0.0115866
-0.00298041,0.241239,0.000194378,-0.780852,-0.000734986,0.52777,0.0116142
-0.00238492,0.242841,0.000192856,-0.7768,-0.000995425,0.524365,0.0106578
-0.00218563,0.241467,0.000198883,-0.77572,-0.00105799,0.521828,0.0108844
-0.0019148,0.244708,0.000188937,-0.77599,-0.00109292,0.517837,0.0115866
-0.00191083,0.245,0.000192856,-0.77491,-0.00112748,0.517237,0.0121482
-0.00166777,0.245789,0.000184768,-0.77599,-0.00116724,0.514075,0.0114433
-0.00146645,0.245249,0.000182596,-0.777859,-0.00124008,0.513185,0.0102637
-0.00114092,0.24554,0.000176854,-0.778691,-0.00133359,0.500253,0.0113403
-0.000977633,0.247409,0.000171886,-0.782202,-0.00139576,0.50592,0.0122848
-0.00102659,0.24903,0.000170054,-0.782742,-0.00136817,0.503732,0.0121482
-0.000914567,0.25011,0.000170054,-0.784903,-0.00143806,0.502142,0.010663
-0.000825969,0.247409,0.000162553,-0.786524,-0.00145727,0.495899,0.00945341
-0.000649048,0.25011,0.000160725,-0.784363,-0.00148484,0.49276,0.0105333
-0.000501537,0.24957,0.000160856,-0.782742,-0.00151931,0.493508,0.0119377
-0.000354026,0.250533,0.000159191,-0.783401,-0.0015924,0.49276,0.0118843
-0.000237547,0.25065,0.000157438,-0.77813,-0.00180425,0.491037,0.0102637
-0.000132985,0.25011,0.000160936,-0.77491,-0.00183887,0.481905,0.00909816
-7.91822e-05,0.24903,0.000159694,-0.770858,-0.00205029,0.485365,0.00895033
-5.31888e-05,0.250267,0.000157989,-0.764376,-0.00257566,0.482394,0.00912883
-4.80889e-05,0.253634,0.000156202,-0.760594,-0.00334218,0.484873,0.00947682
0,0.253778,0.000156202,-0.75707,-0.00418313,0.477049,0.00947682
0,0.252811,0.000156202,-0.752269,-0.0051338,0.468889,0.00877772
0,0.252537,0.000158729,-0.75381,-0.00573248,0.467683,0.00807284
2.93769e-05,0.257133,0.000158851,-0.753032,-0.00590395,0.463217,0.00789735
2.79729e-05,0.259295,0.00016402,-0.751804,-0.0056912,0.462166,0.00781724
2.64952e-05,0.260374,0.000164144,-0.753032,-0.00494754,0.447552,0.00781529
2.52564e-05,0.259051,0.000164022,-0.756318,-0.00510612,0.44377,0.00781529
2.40455e-05,0.260914,0.000164144,-0.754652,-0.00609951,0.445661,0.00794973
2.41283e-05,0.267397,0.00016402,-0.756318,-0.00828097,0.441603,0.00808223
2.30208e-05,0.271718,0.000158851,-0.759514,-0.00827891,0.441879,0.00808022
2.20789e-05,0.271178,0.00016402,-0.758825,-0.00635821,0.432156,0.00810087
2.11479e-05,0.274419,0.000164144,-0.759514,-0.00450373,0.430265,0.00808223
2.04105e-05,0.27658,0.000164022,-0.757894,-0.00450373,0.433922,0.00768283
2.03504e-05,0.279821,0.00016402,-0.754112,-0.00500248,0.432156,0.00728544
1.96116e-05,0.281442,0.000164144,-0.751951,-0.00604456,0.434331,0.00781724
1.89765e-05,0.284431,0.00016402,-0.74925,-0.00686135,0.427941,0.00847761
1.89246e-05,0.285223,0.000164146,-0.744389,-0.00606352,0.426484,0.00912883
1.8284e-05,0.289004,0.000156084,-0.738447,-0.0047338,0.429455,0.00912582
0,0.292786,0.000156203,-0.735205,-0.00420191,0.425905,0.00842661
-1.65986e-05,0.294946,0.000150793,-0.729803,-0.0047338,0.425404,0.00754635
-1.65594e-05,0.294946,0.000150907,-0.726562,-0.00610052,0.421622,0.00808022
-1.60669e-05,0.297346,0.000150793,-0.724942,-0.00900746,0.411899,0.00930439
-1.56028e-05,0.300348,0.000150908,-0.72089,-0.00963348,0.413768,0.00954022
-1.51643e-05,0.30575,0.000145612,-0.72089,-0.00816328,0.411088,0.00947682
-1.47193e-05,0.307142,0.000140317,-0.722781,-0.00675015,0.406227,0.00877772
-1.43289e-05,0.307371,0.000137669,-0.722781,-0.00623218,0.401365,0.00754884
-1.39582e-05,0.309532,0.000137669,-0.723398,-0.00702232,0.390831,0.00719536
-1.3607e-05,0.314669,0.000132374,-0.727372,-0.00874253,0.38894,0.00755037
-1.32476e-05,0.315474,0.000127079,-0.727102,-0.00837019,0.393932,0.00794973
-1.29302e-05,0.312773,0.000124432,-0.730553,-0.00658329,0.390831,0.00781529
-1.26279e-05,0.315154,0.000119137,-0.732302,-0.00561589,0.394612,0.00688806
0,0.319178,0.000113842,-0.730238,-0.00612808,0.387467,0.0059623
0,0.319795,0.000113842,-0.731762,-0.00702092,0.379663,0.00596082
0,0.319479,0.000108547,-0.733748,-0.00854384,0.38786,0.00659541
0,0.323577,0.000108547,-0.729803,-0.00867937,0.38678,0.00723512
0,0.325497,0.000108547,-0.727913,-0.00842661,0.384079,0.00662313
9.79229e-06,0.326278,0.000119047,-0.725286,-0.00774279,0.390831,0.00596082
9.61795e-06,0.326193,0.000119138,-0.72062,-0.00754635,0.384889,0.00569731
9.43714e-06,0.326278,0.000124338,-0.718811,-0.00781529,0.380297,0.00569589
9.43714e-06,0.332206,0.000127079,-0.715758,-0.00781724,0.385969,0.00595714
9.28723e-06,0.33276,0.000127079,-0.712517,-0.00755037,0.390831,0.00606473
9.11838e-06,0.334024,0.000132376,-0.710356,-0.00662313,0.38678,0.00595833
8.95556e-06,0.338162,0.000137669,-0.708688,-0.00589605,0.388691,0.00499974
0,0.340724,0.000137671,-0.707385,-0.00589459,0.375055,0.00382959
0,0.344644,0.000137671,-0.710356,-0.00627627,0.374045,0.00297857
0,0.347345,0.000137669,-0.712013,-0.00655047,0.382188,0.00308495
0,0.348426,0.000137669,-0.712335,-0.00664992,0.375436,0.0030717
0,0.351667,0.000137876,-0.713598,-0.00723367,0.372897,0.0031795
-7.55785e-06,0.353287,0.000137878,-0.716299,-0.00801399,0.372642,0.00316729
-7.45347e-06,0.352747,0.000137878,-0.718459,-0.00801598,0.364632,0.00313814
-7.35203e-06,0.357609,0.000137982,-0.718201,-0.0073535,0.362373,0.00279805
-7.24571e-06,0.358689,0.000132575,-0.72008,-0.00688806,0.373799,0.00255306
-7.14981e-06,0.35923,0.000132675,-0.723321,-0.00662313,0.374248,0.00232268
-7.04932e-06,0.35923,0.000127272,-0.721712,-0.00597168,0.375436,0.00218096
-6.96543e-06,0.363011,0.000124715,-0.722781,-0.0056912,0.377553,0.00231077
-6.87001e-06,0.36031,0.00012462,-0.725222,-0.00494655,0.373275,0.00246694
-6.78374e-06,0.358326,0.000124715,-0.7217,-0.00506592,0.375436,0.0025808
-6.69321e-06,0.36139,0.000119317,-0.7217,-0.005178,0.379642,0.00309105
-6.61745e-06,0.362471,0.000124715,-0.723321,-0.0056607,0.382188,0.00361684
-6.53128e-06,0.36139,0.000127272,-0.718378,-0.00537788,0.380027,0.00383486
0,0.359405,0.000124715,-0.717649,-0.00462154,0.384177,0.00359887
0,0.362752,0.00012462,-0.717649,-0.00351059,0.377326,0.00318623
0,0.36085,0.000127368,-0.714493,-0.00280795,0.370574,0.0026552
0,0.361024,0.000127272,-0.714678,-0.00284402,0.381531,0.00235991
0,0.361931,0.000132575,-0.715693,-0.00354382,0.384079,0.00230117
0,0.36139,0.000132575,-0.715033,-0.00473613,0.381108,0.00259703
0,0.361931,0.000132575,-0.717198,-0.00684343,0.384079,0.00291442
0,0.36139,0.000137878,-0.7217,-0.00755037,0.376246,0.00327004
0,0.363113,0.000132575,-0.724131,-0.00688977,0.373275,0.00377586
0,0.366792,0.000132575,-0.725482,-0.00589459,0.379217,0.00380284
0,0.365172,0.000132575,-0.728183,-0.00590395,0.376801,0.00342225
0,0.363011,0.000127368,-0.733045,-0.00664859,0.379217,0.00321814
-5.29498e-06,0.364632,0.000124619,-0.732745,-0.00723512,0.38167,0.00306789
-5.29503e-06,0.366252,0.000127272,-0.736286,-0.00755225,0.378136,0.00294989
-5.29498e-06,0.364091,0.000127272,-0.739265,-0.00708675,0.375436,0.00324484
-5.29498e-06,0.365172,0.000124621,-0.737429,-0.00635821,0.384079,0.00358959
-7.94254e-06,0.3675,0.00012462,-0.739527,-0.00569589,0.385969,0.00423933
-1.32376e-05,0.367873,0.00012462,-0.740607,-0.00523227,0.389751,0.00468082
-1.32374e-05,0.364632,0.00012462,-0.736826,-0.00553274,0.394208,0.00465614
-1.85464e-05,0.366421,0.00012462,-0.738176,-0.00579234,0.385969,0.00430334
-1.85184e-05,0.367873,0.000127272,-0.737096,-0.00643713,0.38786,0.00392585
-2.64749e-05,0.365712,0.000127272,-0.735205,-0.00664859,0.394612,0.00362335
-2.64549e-05,0.365881,0.000127272,-0.736758,-0.00606352,0.393532,0.00343437
-3.71209e-05,0.368953,0.000127272,-0.737033,-0.00502978,0.393532,0.00357694
-4.24239e-05,0.368953,0.000132576,-0.734665,-0.0037764,0.395423,0.00377518
-4.24239e-05,0.368128,0.000127272,-0.735475,-0.00335318,0.385969,0.00389386
-4.50409e-05,0.36804,0.000124715,-0.735746,-0.00382166,0.392722,0.00437181
-5.03784e-05,0.370034,0.00012462,-0.736619,-0.00427192,0.397583,0.00480743
-5.56393e-05,0.371278,0.000119408,-0.741418,-0.00486956,0.396503,0.00490731
-5.83323e-05,0.373275,0.000114014,-0.744659,-0.00487083,0.397583,0.00465548
-6.35877e-05,0.370574,0.000119317,-0.743904,-0.00382166,0.394208,0.00445433
-6.89389e-05,0.372194,0.000114013,-0.746287,-0.00271071,0.38678,0.0044537
-6.89382e-05,0.370574,0.000108711,-0.751411,-0.00191083,0.398094,0.00468082
-6.36359e-05,0.368953,0.000114014,-0.75065,-0.00206062,0.403256,0.00526603
-6.88867e-05,0.370198,0.000114013,-0.752492,-0.00241891,0.401365,0.00568805
-7.42426e-05,0.370034,0.000114014,-0.756273,-0.00276,0.404736,0.00577692
-7.68352e-05,0.366252,0.000114014,-0.756813,-0.00310173,0.402445,0.00509024
-8.21963e-05,0.367873,0.000108548,-0.757353,-0.00361684,0.401365,0.00462154
-8.21342e-05,0.366792,0.000113756,-0.756813,-0.00336325,0.410424,0.0044759
-8.21963e-05,0.36085,0.000113842,-0.755959,-0.0027437,0.410008,0.00490731
-8.74332e-05,0.361931,0.000113842,-0.756273,-0.00188793,0.41595,0.00579234
-9.54548e-05,0.363011,0.000113842,-0.755816,-0.0013571,0.41487,0.00670178
-0.000100681,0.35923,0.000119137,-0.752269,-0.00106208,0.407499,0.00702073
-0.000108711,0.358689,0.000119137,-0.753032,-0.00122334,0.412979,0.00635821
-0.000119227,0.357259,0.000119137,-0.752492,-0.00141305,0.414381,0.00609328
-0.000127272,0.356529,0.000119137,-0.750601,-0.00155607,0.416338,0.00582981
-0.000132474,0.353469,0.000119137,-0.751459,-0.00165589,0.419285,0.00607645
-0.000140529,0.353828,0.000124432,-0.753572,-0.00174053,0.411088,0.00606352
-0.000151021,0.355448,0.000119137,-0.753572,-0.00170894,0.408513,0.00660158
-0.00015909,0.354368,0.000119137,-0.755463,-0.00174868,0.41595,0.00649032
-0.000169567,0.351748,0.000113843,-0.757572,-0.00179708,0.413016,0.00639201
-0.000179411,0.352207,0.000113842,-0.757935,-0.00180425,0.41676,0.00553163
-0.000204471,0.354908,0.000113842,-0.759865,-0.00168563,0.415523,0.00457423
-0.000244365,0.354908,0.000105901,-0.763295,-0.0015525,0.409593,0.0042338
-0.000272784,0.351311,0.0001059,-0.76359,-0.00139309,0.41595,0.00436099
-0.000273662,0.353287,0.0001059,-0.76576,-0.00120284,0.413789,0.00450284
-0.000286399,0.352565,0.000100606,-0.768157,-0.000989091,0.420542,0.00513308
-0.000300775,0.350587,0.000100529,-0.767887,-0.000895133,0.420158,0.00550938
-0.000306479,0.350046,0.000100605,-0.768998,-0.000891575,0.411899,0.00579234
-0.000308197,0.351311,0.000100605,-0.770858,-0.00089656,0.418651,0.00524454
-0.000328507,0.349506,0.000100605,-0.768157,-0.000808205,0.426907,0.00456366
-0.000336277,0.346265,0.000108547,-0.76663,-0.000770284,0.427294,0.00421261
-0.000348415,0.347886,0.000108547,-0.766537,-0.000770284,0.43082,0.00408828
-0.000362416,0.348966,0.000108548,-0.765345,-0.00073588,0.421195,0.0042388
-0.000378146,0.346265,0.000113842,-0.765996,-0.000745983,0.423513,0.00437127
-0.000393325,0.344295,0.000119138,-0.762872,-0.000714745,0.432156,0.00468082
-0.000402753,0.346805,0.000119137,-0.761675,-0.000716867,0.428375,0.00465481
-0.000423484,0.347565,0.000127079,-0.761619,-0.000718297,0.428375,0.00422784
-0.000442122,0.346265,0.000127079,-0.760594,-0.000743532,0.421793,0.0039686
-0.000454071,0.347064,0.000127079,-0.76359,-0.000719655,0.422432,0.00390765
-0.00049335,0.346805,0.000127079,-0.764411,-0.000731007,0.430265,0.00404061
-0.000551776,0.34907,0.000124432,-0.763122,-0.000742005,0.429455,0.00437181
-0.000604973,0.347345,0.000126982,-0.766537,-0.000743965,0.429528,0.0044537
-0.000728414,0.347893,0.000127079,-0.769859,-0.000784188,0.421622,0.00430334
-0.000890186,0.347886,0.000126983,-0.770318,-0.000790914,0.420869,0.00377486
-0.000984125,0.348067,0.000127081,-0.772367,-0.000823305,0.429455,0.00362386
-0.00102671,0.346805,0.000126983,-0.775666,-0.000874411,0.426306,0.00351069
-0.00105983,0.344644,0.000127079,-0.77518,-0.000872569,0.433236,0.00365827
-0.00102665,0.347533,0.000126985,-0.776915,-0.000895005,0.426306,0.00395329
-0.000963056,0.344644,0.000127079,-0.77572,-0.000896757,0.420812,0.00421238
-0.000944017,0.34255,0.000126983,-0.773559,-0.000967436,0.421622,0.00417309
-0.000866618,0.343216,0.000132374,-0.772209,-0.000996752,0.432156,0.00394542
-0.000767014,0.34255,0.000132274,-0.771939,-0.0010586,0.432576,0.00364272
-0.000690357,0.337082,0.000132374,-0.767853,-0.00109292,0.437654,0.00334659
-0.000634262,0.335528,0.000132273,-0.767077,-0.00110186,0.427294,0.00336325
-0.000602226,0.336001,0.000132374,-0.764646,-0.00113024,0.427294,0.00348087
-0.000560479,0.337033,0.000137565,-0.761945,-0.00113784,0.434317,0.00377628
-0.000501509,0.334582,0.000137878,-0.761443,-0.00114279,0.430909,0.00434665
-0.000457258,0.332206,0.000137773,-0.762838,-0.00117932,0.432576,0.00460532
-0.000427781,0.33384,0.000137878,-0.761405,-0.00114275,0.427294,0.00450284
-0.000410675,0.333021,0.000140423,-0.763808,-0.00116724,0.424152,0.00430334
-0.000391474,0.33168,0.000140528,-0.76495,-0.00117936,0.428375,0.00433034
-0.000373989,0.331516,0.000137773,-0.766348,-0.00117932,0.425554,0.00445433
-0.000357983,0.33222,0.000137878,-0.769778,-0.00124907,0.427294,0.00473179
-0.000356807,0.33276,0.000137775,-0.774099,-0.00134318,0.425404,0.0051338
-0.000342238,0.330599,0.000137878,-0.77626,-0.00139576,0.421622,0.00533254
-0.000336773,0.330059,0.000140529,-0.779639,-0.00156541,0.429455,0.00535353
-0.000334346,0.331344,0.000137879,-0.781932,-0.00171127,0.430265,0.00488817
-0.00033341,0.33222,0.000137878,-0.782147,-0.0018946,0.433579,0.00473919
-0.000346505,0.330059,0.000137878,-0.784633,-0.00215911,0.435765,0.00488443
-0.000350202,0.328979,0.000137878,-0.785984,-0.00245217,0.427309,0.00513308
-0.000342496,0.328106,0.000137878,-0.784363,-0.00277583,0.433236,0.0055103
-0.000331198,0.330599,0.000137878,-0.783823,-0.0035108,0.440851,0.00552905
-0.000345437,0.328979,0.000137878,-0.78141,-0.00538316,0.44296,0.00524454
-0.000363169,0.323037,0.000137878,-0.782202,-0.0106632,0.447822,0.005178
-0.000363169,0.323491,0.000137773,-0.781932,-0.0135132,0.445661,0.00524367
-0.000369168,0.326278,0.000137876,-0.778711,-0.0171649,0.445114,0.00605563
-0.000387799,0.323249,0.000132575,-0.779138,-0.0149828,0.451603,0.00765918
-0.000387905,0.320336,0.000132575,-0.780041,-0.0120935,0.452386,0.00874253
-0.000416721,0.321416,0.000127174,-0.777904,-0.00918331,0.454923,0.00738266
-0.000426706,0.320876,0.000132575,-0.783823,-0.0074085,0.451383,0.00561589
-0.000449031,0.318175,0.00012462,-0.787604,-0.0078096,0.448177,0.00561589
-0.000480017,0.316554,0.00012462,-0.784917,-0.00781724,0.455897,0.00670178
-0.00050802,0.316014,0.000119316,-0.789419,-0.00708675,0.460246,0.00877817
-0.000529883,0.317094,0.000114014,-0.794087,-0.00589459,0.457891,0.00842384
-0.000531155,0.316014,0.000114013,-0.794897,-0.00589605,0.458224,0.00737329
-0.000546459,0.313667,0.000108711,-0.801109,-0.00606352,0.468889,0.00781529
-0.000565118,0.312773,0.00010606,-0.800029,-0.00627627,0.470191,0.008875
-0.000568288,0.312959,0.000106059,-0.801649,-0.00553163,0.473751,0.0096555
-0.000585089,0.311377,0.00010606,-0.802961,-0.0047338,0.472949,0.00947682
-0.000607226,0.308656,0.000108711,-0.800569,-0.00457423,0.479423,0.00877483
-0.000626202,0.306831,0.00010598,-0.7997,-0.00503635,0.489643,0.00789995
-0.000649024,0.305938,0.00010606,-0.797868,-0.00609951,0.491037,0.00754635
-0.00067352,0.30359,0.000108629,-0.793933,-0.00755225,0.495899,0.00794776
-0.000730907,0.297913,0.000108711,-0.791123,-0.00755225,0.493048,0.00874471
-0.000808298,0.293029,0.000113927,-0.788667,-0.00662313,0.500761,0.0100066
-0.000890956,0.293624,0.000119317,-0.787604,-0.00543097,0.501571,0.0102602
-0.00104536,0.291705,0.000119227,-0.78641,-0.00523358,0.508323,0.00947994
-0.00112906,0.284683,0.000124619,-0.784363,-0.0057933,0.503543,0.00912582
-0.00128345,0.280361,0.000124526,-0.785407,-0.00723367,0.506433,0.00877483
-0.00153884,0.280861,0.000119137,-0.786267,-0.00870844,0.513323,0.00842661
-0.00153884,0.27712,0.000113756,-0.787413,-0.00912582,0.518047,0.00737329
-0.00180842,0.271076,0.000119137,-0.789225,-0.00801018,0.515346,0.00728544
-0.0021194,0.264696,0.000113756,-0.791182,-0.00781217,0.512665,0.00715298
-0.00241591,0.263307,0.000113843,-0.792466,-0.00781529,0.524858,0.00715476
-0.00272109,0.261729,0.000108465,-0.795939,-0.00708675,0.529661,0.00715298
-0.00319953,0.258793,0.000108547,-0.79652,-0.00635979,0.528306,0.00702052
-0.00377233,0.254432,0.000108464,-0.795438,-0.00627627,0.524799,0.00781529
-0.00473997,0.25065,0.0001059,-0.796247,-0.00633961,0.536414,0.008875
-0.00579139,0.247409,0.00010582,-0.79519,-0.00702092,0.546662,0.00900325
-0.00783283,0.244248,0.000100605,-0.791386,-0.00769778,0.5537,0.00852613
-0.0091026,0.239306,0.00010053,-0.789921,-0.00781529,0.550938,0.00865151
-0.0102637,0.236503,0.0001059,-0.785984,-0.00741031,0.555861,0.00861007
-0.0110338,0.232824,0.0001059,-0.782664,-0.00635979,0.561533,0.00861007
-0.0118843,0.228486,0.0001059,-0.781122,-0.00543097,0.570176,0.00930439
-0.0120256,0.226882,0.0001059,-0.776881,-0.00523227,0.562947,0.00947682
-0.0135049,0.223685,0.00010582,-0.773559,-0.00537698,0.568285,0.00912582
-0.0129647,0.22202,0.000105901,-0.773019,-0.0056607,0.570176,0.00912582
-0.0124245,0.217699,0.00010582,-0.770318,-0.00590395,0.58179,0.0100066
-0.0115353,0.211216,0.0001059,-0.771891,-0.00553163,0.569365,0.0101788
-0.0102637,0.210144,0.000108465,-0.773019,-0.00494655,0.575038,0.0100066
-0.0095292,0.205814,0.000105901,-0.770862,-0.00420191,0.578774,0.0102637
-0.00864312,0.20563,0.00010582,-0.770887,-0.00443946,0.578232,0.0103577
-0.00832238,0.203653,0.0001059,-0.774875,-0.0056607,0.573257,0.0109803
-0.00810292,0.197711,0.000105821,-0.773019,-0.00819107,0.579899,0.011411
-0.00774738,0.19393,0.000100605,-0.77164,-0.00823461,0.584169,0.0115828
-0.00789735,0.189068,0.00010053,-0.773559,-0.00616104,0.588542,0.0135049
-0.00823159,0.183666,0.000100605,-0.771398,-0.00450373,0.58287,0.0129974
-0.00864312,0.181505,9.52376e-05,-0.768427,-0.0047338,0.589623,0.0135049
-0.00918331,0.178805,9.00155e-05,-0.767077,-0.00596787,0.598005,0.0135239
-0.0113441,0.170875,8.20102e-05,-0.761405,-0.00920844,0.599076,0.0140451
-0.0115353,0.16692,8.20102e-05,-0.757665,-0.0102602,0.594262,0.014817
-0.0124245,0.160438,7.67192e-05,-0.754562,-0.00974006,0.602047,0.0148554
-0.0129647,0.15272,8.2011e-05,-0.74871,-0.00693212,0.607993,0.0140451
-0.0129647,0.150714,7.67772e-05,-0.743831,-0.00473841,0.603938,0.0140372
-0.0120369,0.148554,7.67192e-05,-0.741418,-0.00533152,0.605788,0.0140451
-0.0118843,0.146393,7.67772e-05,-0.738262,-0.00610052,0.612581,0.0132638
-0.0095292,0.140451,7.40737e-05,-0.734395,-0.00781724,0.612878,0.014044
-0.00810292,0.136129,6.35397e-05,-0.733559,-0.00755037,0.612581,0.013498
-0.00651998,0.134912,6.34917e-05,-0.730614,-0.00662313,0.60988,0.014044
-0.00621224,0.129107,6.35397e-05,-0.729736,-0.00635821,0.611771,0.0135049
-0.00441911,0.120463,5.82008e-05,-0.731424,-0.00749227,0.616817,0.0124775
-0.00324117,0.117763,6.35403e-05,-0.729627,-0.00939216,0.611771,0.0116142
-0.00315998,0.116564,5.55553e-05,-0.727372,-0.00938907,0.616389,0.0116142
-0.0030474,0.112361,5.55973e-05,-0.726727,-0.00842384,0.617443,0.0137772
-0.00238433,0.109837,5.02648e-05,-0.724401,-0.00816328,0.617443,0.0135049
-0.00145709,0.103177,4.50077e-05,-0.724131,-0.00801399,0.616362,0.0130037
-0.000945341,0.102314,4.49733e-05,-0.722241,-0.00947108,0.62341,0.0124775
-0.000927238,0.0983518,4.50073e-05,-0.715192,-0.0118843,0.632028,0.0126946
-0.000957398,0.0958855,4.23282e-05,-0.713598,-0.0120935,0.626921,0.0135049
-0.00096539,0.0881334,4.24239e-05,-0.710356,-0.0120132,0.629867,0.0135173
-0.000839392,0.0847597,4.50754e-05,-0.703431,-0.0120935,0.632438,0.0135049
-0.000679474,0.0799489,4.24235e-05,-0.701443,-0.0120193,0.639591,0.0132638
-0.000603977,0.0777382,4.24239e-05,-0.69839,-0.0129974,0.6377,0.0150843
-0.000463677,0.0713057,4.24239e-05,-0.694527,-0.0129647,0.640022,0.013768
-0.000397437,0.0680646,4.23918e-05,-0.689112,-0.013914,0.643368,0.0140451
-0.00035107,0.0652974,4.24239e-05,-0.687668,-0.013498,0.640671,0.0140372
-0.000236017,0.061042,4.23918e-05,-0.685507,-0.013914,0.646999,0.0148554
-0.000211153,0.060686,4.50759e-05,-0.681726,-0.0129647,0.645533,0.0148242
-0.000159566,0.0588216,4.50754e-05,-0.681087,-0.0135173,0.641752,0.0145853
-9.61777e-05,0.0518587,4.50754e-05,-0.680646,-0.0153956,0.6377,0.0119576
0,0.0459166,4.50754e-05,-0.676573,-0.0162546,0.64598,0.011074
0,0.0448362,4.24239e-05,-0.678485,-0.0139072,0.646343,0.009878
3.5283e-05,0.0432156,4.23918e-05,-0.678078,-0.0135049,0.638781,0.00918331
3.31198e-05,0.0383538,4.50754e-05,-0.676324,-0.0144341,0.640671,0.00936268
6.2413e-05,0.0334582,5.03403e-05,-0.672002,-0.0153878,0.646732,0.0096555
5.87538e-05,0.0340323,4.50754e-05,-0.673083,-0.0149904,0.643372,0.00972022
0.000111441,0.0329519,5.03403e-05,-0.670922,-0.0144341,0.634729,0.0100066
0.000132476,0.0295907,5.56814e-05,-0.667411,-0.0144502,0.641752,0.0106202
0.000151538,0.023252,5.82888e-05,-0.663533,-0.0144271,0.647424,0.0107053
0.000161139,0.0162058,5.56814e-05,-0.664306,-0.0159358,0.641752,0.00936338
0.000176631,0.0113441,5.82882e-05,-0.656763,-0.0167748,0.639591,0.00842384
0.000190332,0.00701491,5.83329e-05,-0.655256,-0.0174125,0.63689,0.00810019
0.000204113,0.00378136,5.83329e-05,-0.652888,-0.0171649,0.640671,0.00781724
0.000183161,0,6.36359e-05,-0.646613,-0.0163409,0.637955,0.00794973
0.000196124,-0.000702218,6.36359e-05,-0.641215,-0.0180663,0.632028,0.00847761
0.000189246,-0.000943083,6.36359e-05,-0.639321,-0.020563,0.634791,0.00877772
0.000201124,-0.00120795,6.36365e-05,-0.63645,-0.0202573,0.630948,0.00877772
0.000176854,-0.00146263,6.36359e-05,-0.630948,-0.0202573,0.626921,0.00947682
0.000187907,-0.0017312,6.89389e-05,-0.629057,-0.0191769,0.624195,0.0101822
0.000182579,-0.00278206,6.36359e-05,-0.627707,-0.0183666,0.621655,0.00930132
0.000165594,-0.0042388,6.36359e-05,-0.623115,-0.018348,0.616362,0.00877483
0.000160669,-0.00456291,6.36359e-05,-0.619246,-0.0183666,0.619785,0.00895033
0.000171626,-0.00509108,5.83329e-05,-0.619063,-0.0183666,0.616362,0.00983105
0.000171626,-0.00558201,5.83335e-05,-0.61689,-0.0164759,0.614742,0.0100033
0.000176631,-0.00729263,5.83329e-05,-0.610961,-0.0149904,0.613053,0.0122888
0.000186275,-0.00728208,5.56398e-05,-0.60961,-0.0129647,0.615552,0.0126946
0.000203709,-0.00783283,5.56814e-05,-0.607719,-0.0135239,0.611875,0.0124775
0.000219813,-0.00805837,5.56814e-05,-0.604786,-0.0129581,0.604405,0.0124245
0.000265186,-0.00891322,5.56819e-05,-0.599886,-0.0130037,0.609869,0.0130037
0.000277469,-0.0105323,5.56814e-05,-0.598835,-0.0129581,0.61069,0.0140379
0.000318074,-0.0108039,5.56814e-05,-0.595295,-0.0130037,0.607361,0.0130037
0.000349926,-0.0115353,5.56814e-05,-0.591257,-0.0140451,0.597186,0.0135049
0.000391989,-0.0135049,5.56814e-05,-0.587732,-0.0120935,0.602847,0.0135049
0.000441977,-0.015533,5.03784e-05,-0.585294,-0.0106634,0.605018,0.0140372
0.000559869,-0.0183666,5.03779e-05,-0.583359,-0.0103577,0.595265,0.0135049
0.000796009,-0.0225692,5.56808e-05,-0.580278,-0.0103543,0.589353,0.0142971
0.000923155,-0.0270097,5.03023e-05,-0.576118,-0.0103543,0.593067,0.0153956
0.000914517,-0.0315968,5.55973e-05,-0.574221,-0.0100066,0.599076,0.0145642
0.000914517,-0.0329519,5.55967e-05,-0.574227,-0.0103543,0.588542,0.0124245
0.000835851,-0.0330703,5.82447e-05,-0.569244,-0.012197,0.585571,0.0135173
0.000727334,-0.0351127,5.55973e-05,-0.565314,-0.0124836,0.583681,0.0138
0.000640819,-0.0381168,5.55978e-05,-0.565044,-0.0125595,0.584761,0.0124245
0.000587431,-0.0432156,5.56393e-05,-0.562073,-0.0120876,0.579899,0.0127436
0.000501484,-0.0416276,5.55973e-05,-0.556377,-0.0125384,0.58349,0.0124182
0.000391621,-0.0378136,5.55973e-05,-0.553446,-0.0125011,0.58071,0.014044
0.000362202,-0.0375799,5.55973e-05,-0.551539,-0.0111592,0.581281,0.013775
0.000335657,-0.0405146,5.55973e-05,-0.549108,-0.0102679,0.575038,0.013498
0.000317942,-0.0432156,5.55973e-05,-0.542086,-0.00958846,0.580529,0.014044
0.000328333,-0.0432156,5.03018e-05,-0.539655,-0.0103577,0.576928,0.0145853
0.000345297,-0.0421352,5.03023e-05,-0.535333,-0.0122444,0.569365,0.0142971
0.000381815,-0.0437558,5.03023e-05,-0.534253,-0.0120876,0.565314,0.014044
0.000393348,-0.0475372,5.03028e-05,-0.528581,-0.0115733,0.573957,0.0143152
0.00045419,-0.0459166,5.03023e-05,-0.52507,-0.0106578,0.571256,0.0159277
0.000495192,-0.0426754,4.50073e-05,-0.524799,-0.00918331,0.560452,0.0163847
0.000546459,-0.0437558,5.03028e-05,-0.521558,-0.00832238,0.556671,0.0166448
0.000639963,-0.0475372,5.03023e-05,-0.516982,-0.00769778,0.562914,0.0172775
0.000816921,-0.0475372,4.50073e-05,-0.513574,-0.00754635,0.563423,0.0172862
0.00118578,-0.0464568,5.03023e-05,-0.512645,-0.00781529,0.552694,0.0172862
0.00146956,-0.0480286,5.03028e-05,-0.511295,-0.00828097,0.543166,0.0175563
0.00150105,-0.0523989,5.55973e-05,-0.509967,-0.00854384,0.549918,0.016746
0.0014707,-0.0507783,5.55973e-05,-0.504812,-0.00854384,0.55478,0.0160492
0.00135591,-0.0475372,5.82453e-05,-0.503462,-0.00801598,0.548028,0.0145853
0.00139558,-0.0496522,6.35397e-05,-0.501269,-0.00781529,0.540195,0.0129581
0.00126464,-0.0540195,6.88354e-05,-0.500221,-0.00801399,0.540534,0.0124836
0.00121053,-0.054115,7.41304e-05,-0.494278,-0.00801598,0.540615,0.0126946
0.0012014,-0.0561803,7.40737e-05,-0.49054,-0.00755037,0.536645,0.0143041
0.00119508,-0.0621906,7.67772e-05,-0.488876,-0.00708675,0.530742,0.0129581
0.00117654,-0.061042,7.67192e-05,-0.486716,-0.0073535,0.532131,0.0122235
0.0012145,-0.0594214,8.20721e-05,-0.484285,-0.00816838,0.528851,0.0116083
0.00113851,-0.0626626,8.20102e-05,-0.476992,-0.00900746,0.527121,0.0112355
0.00113246,-0.063743,8.7368e-05,-0.475372,-0.00936338,0.523989,0.0108844
0.00109377,-0.0621224,8.73011e-05,-0.47543,-0.00877483,0.521018,0.00930132
0.00105849,-0.0653636,8.73671e-05,-0.472671,-0.00842384,0.522379,0.00895033
0.00105849,-0.0681449,8.73671e-05,-0.46997,-0.00828097,0.518589,0.00895328
0.00109295,-0.0680646,8.73671e-05,-0.464637,-0.00938907,0.510484,0.00912883
0.0010937,-0.0697136,8.73671e-05,-0.463169,-0.00974006,0.505048,0.00982781
0.00116434,-0.0680646,8.7368e-05,-0.462381,-0.00939216,0.515346,0.0110599
0.00132835,-0.0657013,8.73671e-05,-0.460679,-0.00936021,0.513185,0.0107053
0.00163384,-0.0659038,8.73671e-05,-0.45481,-0.00974327,0.509404,0.00972351
0.00200593,-0.0611299,8.7368e-05,-0.451383,-0.00999361,0.501537,0.0096555
0.00227363,-0.0626626,8.73671e-05,-0.448902,-0.0100066,0.507513,0.0101788
0.00234041,-0.0667044,8.73671e-05,-0.445749,-0.00999023,0.510776,0.0103543
0.0023659,-0.0636784,8.73011e-05,-0.444851,-0.00974327,0.506433,0.0110599
0.00226491,-0.0663398,9.00146e-05,-0.438343,-0.0103577,0.49887,0.0100066
0.0023659,-0.066444,9.52376e-05,-0.433506,-0.0109685,0.49779,0.0100033
0.00272065,-0.0621906,9.53816e-05,-0.433328,-0.0113233,0.502952,0.0100066
0.00319133,-0.0653636,0.000100757,-0.433236,-0.0113195,0.501841,0.0096555
0.00351116,-0.0662029,0.00010606,-0.42902,-0.0115828,0.49887,0.00947994
0.00357649,-0.0653636,0.000108629,-0.428375,-0.0124836,0.486762,0.0100066
0.00344403,-0.0690749,0.000114014,-0.423799,-0.0129647,0.491037,0.0108844
0.003511,-0.0675244,0.000113928,-0.420812,-0.0106578,0.491037,0.0112318
0.00357649,-0.0669842,0.00012462,-0.419846,-0.0106175,0.489957,0.0103543
0.00364539,-0.0717731,0.000127175,-0.419191,-0.010621,0.482394,0.00825106
0.00384237,-0.0718459,0.000132575,-0.418282,-0.00999023,0.481314,0.00684437
0.00384142,-0.0712182,0.000137878,-0.414059,-0.0103543,0.486175,0.00755037
0.00384142,-0.0729263,0.000140529,-0.409254,-0.0108939,0.484485,0.00874471
0.00397487,-0.0672693,0.000140529,-0.407847,-0.0115828,0.485365,0.00842384
0.00438742,-0.066444,0.000145832,-0.407248,-0.0116142,0.474831,0.00810019
0.00486175,-0.0687106,0.000145832,-0.406767,-0.0115866,0.479423,0.00794973
0.00544219,-0.0706938,0.000151135,-0.405242,-0.0113195,0.476452,0.00793227
0.00594014,-0.0734665,0.000151135,-0.398124,-0.0115828,0.474258,0.00768283
0.00676193,-0.0713057,0.000156438,-0.399349,-0.0115866,0.474831,0.00688806
0.00810292,-0.0679956,0.00015909,-0.398124,-0.0120876,0.468889,0.00609328
0.00858245,-0.0702152,0.000164393,-0.396214,-0.011074,0.473751,0.00567205
0.0102637,-0.0686048,0.000169696,-0.396371,-0.0113233,0.471194,0.00574553
0.0108039,-0.0723128,0.000169696,-0.392703,-0.0125532,0.472671,0.00560011
0.0113441,-0.0756273,0.000171509,-0.38786,-0.0135239,0.464925,0.00535265
0.0108039,-0.0737259,0.000180592,-0.388325,-0.0135049,0.463217,0.00542142
0.0108039,-0.0772479,0.000178741,-0.389481,-0.0120935,0.469439,0.00561589
0.0102533,-0.0767077,0.00019311,-0.384769,-0.0130037,0.463687,0.00579234
0.0102637,-0.0772479,0.000203385,-0.383657,-0.013914,0.458976,0.00561682
0.00902766,-0.0782398,0.000235785,-0.379757,-0.0140451,0.453494,0.00551121
0.00918331,-0.0761675,0.000346354,-0.377596,-0.0144271,0.457275,0.00588011
0.00972351,-0.0782398,0.000428268,-0.375976,-0.0140451,0.464637,0.00638265
0.00864312,-0.0772479,0.000576245,-0.373815,-0.0135173,0.460411,0.00659672
0.0105323,-0.0797444,0.000919172,-0.373005,-0.0125659,0.457891,0.00618243
0.0102637,-0.0777881,0.00143445,-0.367531,-0.0120876,0.453714,0.00606352
0.0110338,-0.0777382,0.00175523,-0.363821,-0.0125595,0.454304,0.00648903
0.0118843,-0.0787886,0.00174063,-0.360605,-0.0135173,0.455145,0.00755037
0.0130277,-0.0772479,0.00156362,-0.36031,-0.0144502,0.450523,0.00767032
0.0156657,-0.0788685,0.00137487,-0.358348,-0.0148242,0.451145,0.00741975
0.0165507,-0.0777881,0.00112096,-0.35923,-0.0149828,0.438908,0.00688806
0.018926,-0.0821096,0.000965337,-0.356007,-0.0130037,0.438092,0.00675559
0.0195599,-0.0827536,0.000957398,-0.352207,-0.0140451,0.439989,0.00680952
0.0172862,-0.084185,0.000985822,-0.348966,-0.0140379,0.438908,0.00723512
0.015533,-0.0826498,0.00102052,-0.350046,-0.0153444,0.443321,0.00789735
0.0135049,-0.0783283,0.00101461,-0.349506,-0.0144502,0.43082,0.00867937
0.01304,-0.0836454,0.00100575,-0.345185,-0.0139072,0.427294,0.00912582
0.0129515,-0.0853508,0.00105849,-0.344644,-0.0125595,0.430415,0.00930439
0.0130277,-0.0882705,0.00109377,-0.341597,-0.0120935,0.426484,0.0100033
0.0129647,-0.0821096,0.00113477,-0.336001,-0.0125532,0.428375,0.0103577
0.0147814,-0.0827536,0.00125245,-0.333522,-0.0135239,0.422004,0.00990357
0.0153956,-0.0815694,0.00142213,-0.33168,-0.0140451,0.42104,0.0100033
0.0160492,-0.0837302,0.00170715,-0.32951,-0.0135173,0.419731,0.0108002
0.0162058,-0.0853508,0.00238462,-0.327898,-0.0140451,0.41889,0.0103577
0.0155476,-0.0848106,0.00315946,-0.325692,-0.0144341,0.421622,0.0112318
0.0143152,-0.085891,0.00421305,-0.321956,-0.0149904,0.41676,0.0119377
0.01304,-0.0864312,0.00482775,-0.316554,-0.0151316,0.406227,0.0124836
0.0110628,-0.088772,0.00513185,-0.317313,-0.0156484,0.412013,0.0126946
0.0095292,-0.0864312,0.00561589,-0.317094,-0.0134369,0.411088,0.0114377
0.00890419,-0.0881875,0.00588107,-0.315744,-0.0140451,0.408869,0.0121544
0.00892227,-0.0880518,0.00634729,-0.315744,-0.0144271,0.408532,0.0118843
0.00783283,-0.0945341,0.00648234,-0.316014,-0.0144502,0.394208,0.0116976
0.00780223,-0.0944383,0.00647905,-0.310072,-0.013914,0.393802,0.0118843
0.00796384,-0.0942889,0.00676193,-0.30598,-0.0129581,0.401772,0.0117033
0.00741212,-0.0945341,0.00676193,-0.309262,-0.0124836,0.396503,0.0110684
0.00715758,-0.0962045,0.00607411,-0.307944,-0.0116142,0.396503,0.010663
0.00726317,-0.0966949,0.00533152,-0.304901,-0.0115677,0.397181,0.00972351
0.0077511,-0.0993043,0.00517886,-0.303144,-0.0106689,0.38678,0.0107053
0.00798948,-0.0973338,0.00456442,-0.30359,-0.00884253,0.391228,0.0112355
0.00862858,-0.0967056,0.00369008,-0.295656,-0.00864312,0.388936,0.0103543
0.00895791,-0.0950743,0.00298443,-0.291975,-0.00842384,0.38786,0.00990023
0.00918331,-0.0998058,0.00228146,-0.288885,-0.00837019,0.390703,0.0096555
0.00902766,-0.102097,0.00210596,-0.287632,-0.00801598,0.385159,0.00983105
0.00917401,-0.10166,0.00172244,-0.285375,-0.00828097,0.375799,0.0103543
0.00852613,-0.100578,0.00128296,-0.283602,-0.00939216,0.378136,0.0102602
0.00891322,-0.102097,0.00112593,-0.281098,-0.00900325,0.381108,0.00947994
0.00727229,-0.104258,0.000927238,-0.280361,-0.0078096,0.377056,0.00972022
0.00769388,-0.102097,0.000794973,-0.277099,-0.00675244,0.378136,0.0100033
0.00676193,-0.102637,0.000844319,-0.271982,-0.00708675,0.374355,0.0102637
0.00634729,-0.103717,0.000833746,-0.271988,-0.00708675,0.363821,0.0105298
0.00558887,-0.104258,0.000839392,-0.270638,-0.00688977,0.366151,0.0115203
0.00494141,-0.102815,0.000766971,-0.26807,-0.00675244,0.368413,0.0110599
0.00418439,-0.106418,0.000739107,-0.265776,-0.00589459,0.364617,0.0110563
0.00405009,-0.108731,0.000697288,-0.265564,-0.00590395,0.365341,0.0110563
0.00359887,-0.108039,0.000750684,-0.262265,-0.00590395,0.36085,0.0115242
0.00324007,-0.108834,0.000734778,-0.257133,-0.00606473,0.357069,0.0115828
0.0027202,-0.111167,0.000758534,-0.253351,-0.0056912,0.362862,0.0135239
0.00264991,-0.11435,0.000778266,-0.252286,-0.00494754,0.36085,0.0140451
0.0022283,-0.115602,0.000778487,-0.24957,-0.00420191,0.35977,0.0121544
0.00158955,-0.113742,0.000781808,-0.248762,-0.0037764,0.361931,0.0111777
0.00125839,-0.11128,0.000766197,-0.247428,-0.00456366,0.35559,0.0105338
0.00105996,-0.112344,0.000755112,-0.244248,-0.00557131,0.345455,0.0107053
0.000662313,-0.112901,0.000704786,-0.244552,-0.00920615,0.353082,0.0103543
0.000331157,-0.114243,0.000688874,-0.24043,-0.00999361,0.351127,0.0096555
0.000265997,-0.113981,0.000606154,-0.237686,-0.00816059,0.345455,0.00900325
0.00015718,-0.113849,0.000568269,-0.231203,-0.00639015,0.348426,0.00912582
0.000133314,-0.118008,0.000494608,-0.231744,-0.00662478,0.345455,0.00864312
8.77628e-05,-0.118363,0.000410181,-0.233215,-0.00664859,0.33276,0.00807284
7.54864e-05,-0.121004,0.000337796,-0.231203,-0.00702075,0.340544,0.00884037
0,-0.121004,0.000253336,-0.229043,-0.00708851,0.344374,0.00982781
0,-0.118843,0.000242504,-0.227962,-0.00676028,0.340593,0.00864312
0,-0.115855,0.000184166,-0.223684,-0.00635821,0.339783,0.00719536
0,-0.120463,0.000115478,-0.224451,-0.00606473,0.343216,0.00741791
3.3277e-05,-0.121004,0.000103589,-0.22256,-0.00664859,0.33195,0.00755225
3.12047e-05,-0.119383,9.93511e-05,-0.219859,-0.00812534,0.326278,0.00675559
2.95005e-05,-0.118303,7.72763e-05,-0.214727,-0.00912883,0.331516,0.00659541
4.17926e-05,-0.121544,9.54538e-05,-0.212297,-0.0086402,0.33276,0.00659672
6.64893e-05,-0.124119,9.15805e-05,-0.211756,-0.00877772,0.324996,0.00702092
6.3138e-05,-0.123705,0.000102052,-0.2117,-0.00877772,0.324117,0.00702052
8.44452e-05,-0.124381,8.85e-05,-0.210136,-0.00816328,0.327088,0.00688977
0.000115104,-0.123579,9.46262e-05,-0.210896,-0.00754884,0.322226,0.00635979
0.000132474,-0.122375,9.14233e-05,-0.207495,-0.00781529,0.309802,0.00622574
0.000142459,-0.123164,8.84272e-05,-0.206633,-0.00854384,0.313265,0.00585076
0.000157339,-0.12087,8.56239e-05,-0.208245,-0.00801399,0.320336,0.00576442
0.000160865,-0.121004,9.93562e-05,-0.204685,-0.00735168,0.317365,0.00553163
0.000173698,-0.120463,9.63982e-05,-0.203653,-0.00755225,0.314464,0.00561682
0.000167594,-0.120463,9.38228e-05,-0.202573,-0.00827891,0.317365,0.00595368
0.000179378,-0.122624,9.09886e-05,-0.198522,-0.00854384,0.310612,0.00649679
0.000173873,-0.122624,7.37513e-05,-0.197441,-0.00781724,0.303049,0.00659541
0.000168702,-0.117763,7.37513e-05,-0.200142,-0.00708675,0.301969,0.00660028
0.000171244,-0.117643,7.17911e-05,-0.195352,-0.00688806,0.307911,0.00563801
0.000163824,-0.122084,6.9793e-05,-0.195666,-0.00691594,0.30386,0.00502978
0.000158886,-0.118303,6.8035e-05,-0.19474,-0.00708675,0.298998,0.00446875
0.000161917,-0.115602,6.62379e-05,-0.194914,-0.00735168,0.30494,0.00498281
0.000154553,-0.114521,5.82933e-05,-0.19366,-0.0073535,0.300889,0.00559917
0.000157617,-0.116682,5.81871e-05,-0.192089,-0.00708675,0.282792,0.00634086
0.000153239,-0.115746,5.68256e-05,-0.188528,-0.00635821,0.282115,0.00624743
0.000149383,-0.114521,4.41977e-05,-0.184477,-0.00589605,0.290061,0.00600407
0.000172219,-0.115353,3.15698e-05,-0.182046,-0.00643713,0.294653,0.00573
0.000168096,-0.114521,3.08486e-05,-0.180965,-0.00728269,0.285493,0.00590395
0.000172449,-0.113347,1.80954e-05,-0.183666,-0.00801399,0.284605,0.00643713
0.000186669,-0.116682,1.80647e-05,-0.182046,-0.00801399,0.286573,0.00686135
0.000195673,-0.114243,1.76708e-05,-0.180695,-0.00735168,0.283118,0.00688806
0.00020975,-0.112901,2.8175e-05,-0.181505,-0.00616104,0.268207,0.00635821
0.000217094,-0.11128,1.69319e-05,-0.178264,-0.00616104,0.271178,0.00589459
0.000239475,-0.11128,1.65592e-05,-0.177184,-0.00654919,0.272258,0.00597286
0.000245493,-0.112361,3.71209e-05,-0.178264,-0.00735168,0.275845,0.00643584
0.000260218,-0.11182,3.63515e-05,-0.177454,-0.00801598,0.265236,0.00728269
0.000274265,-0.109548,4.59236e-05,-0.170972,-0.00755037,0.268207,0.00801598
0.000282615,-0.106418,6.00104e-05,-0.169081,-0.00662313,0.269824,0.00735168
0.000282967,-0.10966,5.89184e-05,-0.168541,-0.00635979,0.263345,0.00589459
0.000287312,-0.113441,7.56997e-05,-0.161746,-0.00618243,0.253892,0.00523358
0.000301687,-0.108039,7.90463e-05,-0.162974,-0.00664859,0.250768,0.00523358
0.000312261,-0.108579,8.52944e-05,-0.162599,-0.00707124,0.257673,0.00530965
0.000314231,-0.10966,8.54053e-05,-0.161518,-0.00753243,0.259564,0.00555473
0.000330051,-0.108579,9.27315e-05,-0.161518,-0.00801399,0.252811,0.00579234
0.000343258,-0.108039,0.000102623,-0.159898,-0.00854384,0.250921,0.00590395
0.000357007,-0.106959,0.000107763,-0.159898,-0.00842661,0.254702,0.0056912
0.00037251,-0.106418,0.000114166,-0.157197,-0.00854596,0.254702,0.00531888
0.000376968,-0.101016,0.000116483,-0.156657,-0.00854384,0.249587,0.00510612
0.00037398,-0.101557,0.000122692,-0.156116,-0.00854384,0.240387,0.00494655
0.000373338,-0.101557,0.000128435,-0.152875,-0.00844055,0.239306,0.00487083
0.000365188,-0.102097,0.000130307,-0.150444,-0.00900746,0.242843,0.00462231
0.000368931,-0.0999361,0.000136333,-0.150984,-0.0100033,0.246059,0.00456758
0.000368931,-0.0976762,0.000146886,-0.147473,-0.0113233,0.239233,0.00456758
0.000368923,-0.0983155,0.000148691,-0.143189,-0.0113195,0.234445,0.0047179
0.000368931,-0.0999361,0.000158771,-0.143422,-0.0106175,0.238006,0.00445433
0.000377546,-0.0993959,0.000165042,-0.144232,-0.00877772,0.239306,0.0040391
0.000388757,-0.0966949,0.000169594,-0.140451,-0.00816059,0.231961,0.00351012
0.000397424,-0.0945341,0.000175363,-0.13937,-0.00854384,0.22094,0.00324638
0.000411921,-0.0902126,0.000183918,-0.13721,-0.00828097,0.222181,0.00309538
0.00042077,-0.0897751,0.000188124,-0.13829,-0.00828097,0.223641,0.0031795
0.000454951,-0.0912929,0.000193129,-0.138424,-0.00801399,0.225801,0.00329959
0.000528784,-0.0912929,0.00020382,-0.135049,-0.00827891,0.222974,0.00340483
0.000715296,-0.0907527,0.000232077,-0.133033,-0.00854596,0.226882,0.00329959
0.00102556,-0.0869714,0.000275943,-0.132888,-0.00801399,0.22202,0.00300922
0.00126458,-0.0891322,0.000319986,-0.133968,-0.00735168,0.22202,0.00274498
0.00133158,-0.0875116,0.000329118,-0.130457,-0.00688977,0.220716,0.00247328
0.0013675,-0.0896724,0.000325147,-0.124765,-0.00627817,0.219049,0.00236714
0.0014042,-0.0880518,0.000329118,-0.123164,-0.00569589,0.221972,0.0025179
0.00145721,-0.0901212,0.000308726,-0.124381,-0.0056912,0.212297,0.00269419
0.00159804,-0.088592,0.000313359,-0.121421,-0.00553274,0.205544,0.00308843
0.00187398,-0.0896724,0.00030778,-0.119366,-0.00573248,0.205336,0.00348402
0.00254112,-0.0827337,0.000297748,-0.120463,-0.0056607,0.211951,0.00365698
0.00356365,-0.0826498,0.000292946,-0.120506,-0.00548517,0.212297,0.00348126
0.00470242,-0.08319,0.000278248,-0.118843,-0.00500248,0.208443,0.00306823
0.00649337,-0.0836454,0.000264336,-0.119366,-0.00475485,0.205544,0.00241891
0.00958846,-0.08319,0.000259536,-0.116024,-0.0049821,0.201493,0.00219419
0.0135049,-0.0797444,0.000250756,-0.113981,-0.00617686,0.206354,0.00209465
0.0153956,-0.0804891,0.000237322,-0.113981,-0.00828097,0.206145,0.00232421
0.0153956,-0.0767352,0.000242262,-0.112361,-0.00900325,0.200682,0.00255131
0.0135049,-0.0799489,0.000233452,-0.10993,-0.00912883,0.19285,0.00298369
0.011074,-0.0806715,0.000234037,-0.106689,-0.00864312,0.195622,0.00361684
0.00918331,-0.0799489,0.000226208,-0.108039,-0.0078096,0.191587,0.00356976
0.00783283,-0.0807474,0.000226627,-0.109389,-0.00738017,0.197711,0.00315638
0.00742392,-0.0785537,0.000239932,-0.105323,-0.00662478,0.195916,0.0026254
0.00650186,-0.0795148,0.00024056,-0.102699,-0.00543232,0.196901,0.00209465
0.0058071,-0.0756273,0.000240844,-0.0977077,-0.0042388,0.189068,0.00188814
0.00532892,-0.0754635,0.000253299,-0.0973528,-0.00377518,0.187178,0.00223613
0.00540195,-0.0745469,0.000265172,-0.0980505,-0.00398995,0.190149,0.00240844
0.00561774,-0.0742275,0.00027323,-0.0972351,-0.00423633,0.187988,0.00269419
0.00558013,-0.0740067,0.000282214,-0.0925336,-0.00437181,0.186097,0.00329264
0.00544039,-0.0701542,0.000291442,-0.0907527,-0.0043502,0.180884,0.00353996
0.00540195,-0.069145,0.000301692,-0.0890419,-0.00392529,0.172862,0.00327438
0.00605463,-0.0707167,0.000348601,-0.0907782,-0.00312909,0.169719,0.0031145
0.00648234,-0.0686048,0.000436613,-0.0894023,-0.0025669,0.172862,0.0028456
0.00689197,-0.0679956,0.000626607,-0.0907527,-0.00244222,0.177454,0.00255332
0.00648234,-0.0686048,0.000916834,-0.0907527,-0.00268015,0.178354,0.00247328
0.00688861,-0.0672059,0.000969437,-0.0912929,-0.00306823,0.181055,0.00274107
0.00702253,-0.067456,0.00094006,-0.0894023,-0.00321824,0.174483,0.00291442
0.00688861,-0.0712182,0.000837287,-0.0829199,-0.00483489,0.167513,0.00361684
0.00702253,-0.0680646,0.000767014,-0.0823797,-0.00658221,0.170529,0.00437181
0.00715204,-0.0692152,0.00066098,-0.0829199,-0.0073535,0.170272,0.00430334
0.00702253,-0.0648234,0.00053101,-0.084185,-0.00569589,0.168001,0.00377486
0.00649868,-0.0621224,0.000455342,-0.0815694,-0.00404011,0.162846,0.00312909
0.00634729,-0.066444,0.000383507,-0.0810292,-0.00331239,0.157197,0.0025669
0.0055916,-0.0653636,0.000323146,-0.0758205,-0.00361684,0.153972,0.00244222
0.00553419,-0.0675244,0.00033434,-0.0764376,-0.00445433,0.15326,0.0026254
0.00544219,-0.0669842,0.00035232,-0.0761675,-0.00524705,0.149458,0.00285685
0.00468169,-0.0605018,0.00034986,-0.0777881,-0.00627627,0.154496,0.00310173
0.00377318,-0.0605018,0.000375342,-0.0804891,-0.00510612,0.151679,0.00351046
0.00324117,-0.061042,0.000381815,-0.0764376,-0.00298643,0.158277,0.00368777
0.00315998,-0.0583411,0.000402053,-0.0772479,-0.00170204,0.156386,0.00356976
0.00329836,-0.0583411,0.000444728,-0.0734665,-0.00201854,0.149482,0.00348087
0.0032977,-0.0605018,0.000468664,-0.0727229,-0.00261646,0.148554,0.00327474
0.00319196,-0.0582819,0.000513341,-0.0729263,-0.00319368,0.152335,0.00315638
0.00255306,-0.0572607,0.000547736,-0.0697136,-0.00398956,0.15249,0.00335463
0.00212755,-0.0599616,0.000627833,-0.0702253,-0.00524705,0.149634,0.0038298
0.00175558,-0.0578009,0.000731812,-0.068209,-0.0049326,0.147703,0.00483099
0.00177781,-0.0556401,0.000808298,-0.0648234,-0.00421261,0.144772,0.00648793
0.00177418,-0.0599616,0.000877658,-0.0667044,-0.00333284,0.135049,0.00749331
0.00165599,-0.0588813,0.000944017,-0.0642832,-0.00250124,0.135049,0.00615951
0.00135774,-0.0540195,0.00094407,-0.0621321,-0.00191083,0.131653,0.00450373
0.000960354,-0.0561803,0.000881306,-0.063743,-0.0018869,0.130055,0.00357649
0.000563036,-0.0588813,0.00086716,-0.061042,-0.00211967,0.135415,0.0037764
0.000328056,-0.0572607,0.000794017,-0.0620595,-0.00255306,0.136939,0.00430273
0.000298078,-0.0588813,0.000727296,-0.063743,-0.00300274,0.136167,0.00498281
0.000206515,-0.061631,0.00065475,-0.0629327,-0.00388317,0.133968,0.00627504
0.000147511,-0.0594214,0.000573445,-0.0628689,-0.00471857,0.129107,0.00643584
0.000147495,-0.0596829,0.000501511,-0.0623925,-0.00423572,0.124515,0.00606473
7.97911e-05,-0.0604405,0.00043358,-0.0578009,-0.00298171,0.126406,0.00510612
5.31941e-05,-0.0561721,0.000390043,-0.0576767,-0.0021751,0.126406,0.00457423
5.27881e-05,-0.0550999,0.000363648,-0.061042,-0.00162319,0.125198,0.00436148
4.84211e-05,-0.0591257,0.000367542,-0.0601844,-0.0019646,0.127486,0.00445433
4.80889e-05,-0.0583411,0.000353573,-0.0609802,-0.00223642,0.124515,0.00450284
0,-0.0551691,0.000349845,-0.0626921,-0.00255698,0.123435,0.00456693
3.77486e-05,-0.0593612,0.000392626,-0.0605018,-0.0028046,0.121544,0.00476927
3.54615e-05,-0.0586246,0.000425527,-0.0548666,-0.00336527,0.114791,0.0051338
4.6807e-05,-0.0567205,0.000462167,-0.0561803,-0.00321792,0.10993,0.00555566
7.37513e-05,-0.0571752,0.000504126,-0.0549183,-0.00265944,0.109335,0.00548517
6.96543e-05,-0.0562373,0.000573662,-0.0518062,-0.00180842,0.108039,0.00537698
8.83974e-05,-0.0506552,0.000708,-0.0543656,-0.00122334,0.107329,0.00530965
8.41555e-05,-0.0501872,0.00107713,-0.0564504,-0.00084461,0.11182,0.00537698
0.000115478,-0.054115,0.00174424,-0.0551691,-0.000851105,0.11182,0.00530965
0.000132474,-0.0561803,0.00247425,-0.05537,-0.00102207,0.10844,0.00506592
0.000127272,-0.054166,0.00289617,-0.0579275,-0.00115757,0.11101,0.00487083
0.000121402,-0.0572607,0.00292597,-0.0550999,-0.00118133,0.11182,0.00471857
0.000118,-0.0581783,0.00313814,-0.0519091,-0.001126,0.102097,0.00430334
0.000117341,-0.0529391,0.00351046,-0.052669,-0.00110777,0.0993959,0.0040391
0.000117346,-0.0516097,0.00437235,-0.0514075,-0.00116527,0.101287,0.00362386
9.43714e-05,-0.0561803,0.00573736,-0.0464568,-0.00120284,0.100476,0.00354382
9.41179e-05,-0.0561721,0.00675863,-0.0461414,-0.00123196,0.100307,0.00365658
8.20669e-05,-0.0540195,0.00741212,-0.0480774,-0.00121231,0.100476,0.00356976
6.36641e-05,-0.0576225,0.00810292,-0.0471001,-0.00115413,0.103066,0.00356976
4.55927e-05,-0.0567205,0.00952024,-0.0437558,-0.00107366,0.102097,0.00348126
4.39916e-05,-0.0531629,0.00972351,-0.0448876,-0.000985866,0.0955176,0.00353957
2.63949e-05,-0.0534793,0.0102533,-0.0482985,-0.000904811,0.0945341,0.00356976
2.55614e-05,-0.0571752,0.00917401,-0.0461414,-0.000901666,0.0940382,0.00377401
2.55623e-05,-0.0550999,0.00918331,-0.0432156,-0.000872118,0.088772,0.00380578
1.65986e-05,-0.054115,0.00902766,-0.0405863,-0.00086969,0.0797444,0.00380578
0,-0.0578009,0.00837302,-0.0432156,-0.00086969,0.0772479,0.00348087
0,-0.0536645,0.00755507,-0.0423799,-0.000803873,0.0799489,0.00315638
0,-0.0502381,0.00702253,-0.0378136,-0.000806333,0.0791386,0.00253719
1.3554e-05,-0.0511568,0.00649868,-0.0341045,-0.00081364,0.0769859,0.00209465
1.32723e-05,-0.0540195,0.005537,-0.0361931,-0.000786214,0.0761675,0.00188814
0,-0.0513185,0.00442126,-0.0386183,-0.000760195,0.0779791,0.00179943
0,-0.0521598,0.00429123,-0.038315,-0.000734594,0.0772479,0.00188814
1.20228e-05,-0.0561803,0.00418651,-0.0367333,-0.000713739,0.0799489,0.00198545
1.77001e-05,-0.0581783,0.00377442,-0.0340323,-0.000678934,0.0773263,0.00196503
1.72369e-05,-0.0528855,0.00342123,-0.0345725,-0.000690875,0.0762336,0.00195941
2.82204e-05,-0.0518587,0.00298344,-0.0378136,-0.00066941,0.0761675,0.00188752
3.86991e-05,-0.0561234,0.00261006,-0.0394342,-0.000684447,0.0772479,0.00184676
4.8758e-05,-0.0540195,0.00228221,-0.0385848,-0.000696543,0.0723861,0.00158975
4.75838e-05,-0.0518587,0.00218618,-0.0361931,-0.000688857,0.0686048,0.00143091
4.6807e-05,-0.0540743,0.00192071,-0.0351127,-0.000717641,0.0647577,0.00117568
4.58568e-05,-0.0572026,0.00164885,-0.036696,-0.000703365,0.0636784,0.00101009
4.50713e-05,-0.0544039,0.00148958,-0.0364155,-0.000702112,0.0618523,0.000943855
4.41888e-05,-0.0545597,0.00127653,-0.0321416,-0.000729865,0.063743,0.000943855
4.33999e-05,-0.0567205,0.00101059,-0.027083,-0.00076092,0.0636784,0.000998814
4.25811e-05,-0.0523989,0.000744643,-0.0236017,-0.000759826,0.0618523,0.000951029
4.19029e-05,-0.0501537,0.000531888,-0.0245789,-0.000736282,0.0578009,0.000940578
4.1848e-05,-0.0507783,0.000533254,-0.0259294,-0.000743626,0.0563698,0.000900835
4.11398e-05,-0.0507269,0.000452983,-0.0285607,-0.000759826,0.0550999,0.000893383
4.48918e-05,-0.0464568,0.000343437,-0.0286303,-0.000794848,0.0578009,0.000909282
4.42136e-05,-0.0420925,0.000298078,-0.0275845,-0.000813054,0.0558535,0.000905236
4.34475e-05,-0.0442511,0.000231838,-0.0261995,-0.000833461,0.0521288,0.000877651
4.27597e-05,-0.0456399,0.000206515,-0.0251191,-0.000833995,0.0511568,0.000877651
4.20428e-05,-0.0437558,0.0002164,-0.0260799,-0.00087434,0.0501872,0.0008433
4.14474e-05,-0.0415529,0.00019871,-0.0275096,-0.000848789,0.0511568,0.000844454
4.07729e-05,-0.044296,0.000244926,-0.0285876,-0.000850437,0.0491577,0.000842144
4.01665e-05,-0.0459166,0.000248214,-0.0273338,-0.000827974,0.0473952,0.000747547
3.95785e-05,-0.0425905,0.000282264,-0.0253892,-0.000808155,0.0464568,0.000722244
4.74935e-05,-0.0378136,0.000266216,-0.0218779,-0.000782275,0.0403737,0.000650781
4.68077e-05,-0.0381168,0.000296444,-0.0186367,-0.000787824,0.0375055,0.000621657
5.37725e-05,-0.0394342,0.000250755,-0.016746,-0.000769878,0.0341045,0.000601325
5.30759e-05,-0.0415884,0.0002647,-0.0167291,-0.000776783,0.0307911,0.00054664
5.89391e-05,-0.0378136,0.000278199,-0.0183666,-0.000759843,0.0288711,0.000546273
5.8146e-05,-0.036696,0.000265192,-0.0199872,-0.000759826,0.0289004,0.000530479
6.08976e-05,-0.0383538,0.000228422,-0.0218557,-0.000759843,0.0280901,0.000514474
6.01005e-05,-0.0410548,0.000219409,-0.0218779,-0.000735046,0.0295628,0.000500456
6.63033e-05,-0.038894,0.000184158,-0.0198107,-0.000720552,0.0280901,0.00047103
5.85674e-05,-0.0351127,0.000161139,-0.018348,-0.000697495,0.0268322,0.00046906
5.85098e-05,-0.0345725,0.000115478,-0.0160492,-0.000712046,0.0269824,0.00043525
5.78297e-05,-0.0361564,0.000103589,-0.0135049,-0.000696724,0.0251191,0.000424048
5.7055e-05,-0.038894,7.75237e-05,-0.0130277,-0.000699995,0.0232284,0.000432902
5.63548e-05,-0.0366122,5.51973e-05,-0.0124245,-0.00069671,0.0221256,0.00041261
5.56195e-05,-0.0340323,5.30299e-05,-0.01304,-0.000684086,0.0213377,0.000385554
5.23961e-05,-0.0324117,3.06157e-05,-0.0135049,-0.000686516,0.0191769,0.00039293
5.17213e-05,-0.0329519,2.03512e-05,-0.0129647,-0.000662874,0.0191575,0.000366481
4.52979e-05,-0.0341045,1.96124e-05,-0.0135049,-0.000669919,0.0188076,0.000347831
4.47617e-05,-0.0318715,0,-0.0124245,-0.000669906,0.019447,0.000347839
3.78837e-05,-0.0255784,0,-0.0118843,-0.000658238,0.0160492,0.000339737
3.7446e-05,-0.0210676,0,-0.011074,-0.000669919,0.0164676,0.000306872
3.74465e-05,-0.0180383,0,-0.00918331,-0.000673533,0.0166448,0.000282316
4.27004e-05,-0.0172862,0,-0.00756273,-0.000685498,0.0153956,0.000275578
4.8214e-05,-0.0172862,0,-0.00651998,-0.000697771,0.0149904,0.000234037
5.06616e-05,-0.0183666,0,-0.00513185,-0.000714013,0.014817,0.000228567
6.11799e-05,-0.019447,0,-0.00441911,-0.000713169,0.0144502,0.00022895
6.27398e-05,-0.0178264,0,-0.00378136,-0.000728605,0.0129974,0.000206504
6.77276e-05,-0.0178084,0,-0.00247071,-0.000705496,0.0116142,0.00020221
7.81985e-05,-0.0156657,0,-0.00188972,-0.000726901,0.00883821,0.000180031
8.01001e-05,-0.0145853,0,-0.0010403,-0.00071206,0.00823797,0.000159573
8.39081e-05,-0.0129515,0,-0.000540195,-0.00072862,0.00789995,0.000156387
8.83668e-05,-0.0118843,-9.81973e-06,0,-0.000703245,0.0069344,0.000134816
9.01508e-05,-0.0113441,-9.64442e-06,0,-0.000726332,0.00535265,0.000131978
