-4.10003e-09,1.38708e-07,-3.65011e-09,1.11388e-07,7.87045e-09,-2.50096e-07,-9.57033e-09
-8.92002e-05,0.00301773,-7.94118e-05,0.00242336,0.000171229,-0.00544109,-0.000208212
-0.00017293,0.00585072,-0.000153952,0.00469815,0.000331973,-0.0105489,-0.00040367
-0.000251645,0.00851473,-0.000224021,0.00683667,0.000483119,-0.0153514,-0.000587449
-0.000338267,0.0114474,-0.000301123,0.00918997,0.000649488,-0.0206373,-0.000789728
-0.000421209,0.0142573,-0.000374937,0.0114432,0.000808868,-0.0257005,-0.000983489
-0.000496634,0.0168146,-0.000442047,0.0134921,0.00095389,-0.0303068,-0.00115977
-0.000583865,0.0197736,-0.000519654,0.0158617,0.00112166,-0.0356352,-0.0013637
-0.000661982,0.0224277,-0.000589124,0.0179834,0.00127208,-0.0404111,-0.00154649
-0.00074582,0.0252779,-0.00066367,0.0202604,0.00143359,-0.0455383,-0.00174273
-0.000832694,0.0282355,-0.000740887,0.0226197,0.00160112,-0.0508552,-0.00194624
-0.000907305,0.0307822,-0.000807162,0.0246455,0.00174527,-0.0554277,-0.00212129
-0.000992992,0.0337066,-0.000883278,0.0269719,0.00191079,-0.0606784,-0.00232229
-0.00107287,0.0364413,-0.000954174,0.0291401,0.00206545,-0.0655813,-0.00251001
-0.00115767,0.0393475,-0.00102943,0.031442,0.00222976,-0.0707894,-0.00270942
-0.00123501,0.0420072,-0.00109799,0.0335404,0.00237998,-0.0755476,-0.00289163
-0.0013137,0.0447162,-0.00116774,0.0356753,0.00253294,-0.0803914,-0.00307713
-0.00140055,0.0477102,-0.0012447,0.0380316,0.00270193,-0.0857417,-0.00328204
-0.00147871,0.0504197,-0.00131386,0.0401511,0.00285462,-0.0905707,-0.00346703
-0.00156278,0.0533333,-0.00138824,0.0424307,0.00301882,-0.0957638,-0.00366596
-0.00163452,0.0558379,-0.00145161,0.044375,0.00315969,-0.100213,-0.00383644
-0.00172016,0.0588167,-0.00152732,0.0466966,0.0033274,-0.105513,-0.00403952
-0.00180653,0.06184,-0.00160355,0.0490367,0.00349731,-0.110876,-0.00424506
-0.00188466,0.0645923,-0.00167239,0.0511525,0.00365172,-0.115745,-0.00443168
-0.00196721,0.0674988,-0.00174514,0.0533882,0.0038148,-0.120887,-0.00462879
-0.00204418,0.0702284,-0.00181285,0.0554715,0.00396765,-0.1257,-0.00481334
-0.00212217,0.0729973,-0.00188143,0.0575821,0.00412265,-0.130579,-0.00500044
-0.00220215,0.0758466,-0.0019517,0.0597461,0.004282,-0.135592,-0.00519271
-0.00228782,0.0789059,-0.00202692,0.0620634,0.00445298,-0.140969,-0.00539893
-0.00237028,0.0818761,-0.00209916,0.0642927,0.0046186,-0.146168,-0.00559841
-0.00244548,0.0846043,-0.00216491,0.0663244,0.00477041,-0.150928,-0.00578108
-0.00252138,0.0873576,-0.00223128,0.068375,0.00492363,-0.155732,-0.00596544
-0.00259968,0.0902075,-0.00229968,0.0704899,0.00508207,-0.160697,-0.006156
-0.00268463,0.0933068,-0.00237386,0.0727843,0.00525428,-0.16609,-0.00636304
-0.00276658,0.0963303,-0.00244518,0.0749955,0.00542176,-0.171325,-0.00656405
-0.00284406,0.0992091,-0.0025125,0.0770852,0.00558092,-0.176293,-0.00675489
-0.0029245,0.102197,-0.00258239,0.0792549,0.00574614,-0.181451,-0.00695299
-0.00299744,0.104946,-0.00264551,0.0812198,0.00589753,-0.186164,-0.00713411
-0.00307719,0.107931,-0.00271466,0.0833697,0.00606223,-0.191299,-0.00733138
-0.00315081,0.110734,-0.00277818,0.0853516,0.00621622,-0.196084,-0.00751533
-0.00323095,0.113768,-0.00284745,0.0875105,0.00638313,-0.201277,-0.00771489
-0.00330899,0.116765,-0.00291463,0.0896103,0.00654734,-0.206373,-0.00791082
-0.00338399,0.119668,-0.00297905,0.0916275,0.00670612,-0.211293,-0.00810004
-0.00346874,0.122925,-0.00305199,0.0939082,0.00688459,-0.216831,-0.00831295
-0.003546,0.125971,-0.003118,0.0959836,0.00705041,-0.221953,-0.00851002
-0.00362288,0.129001,-0.00318369,0.098049,0.00721534,-0.227048,-0.00870605
-0.00369931,0.132034,-0.00324886,0.100101,0.00738014,-0.232133,-0.00890173
-0.00377623,0.135105,-0.00331434,0.102166,0.00754675,-0.237269,-0.00909938
-0.00385463,0.138254,-0.00338097,0.104271,0.00771733,-0.242522,-0.00930156
-0.00392412,0.141113,-0.00343958,0.106132,0.00787129,-0.247243,-0.0094834
-0.0039928,0.143926,-0.0034976,0.107974,0.0080229,-0.251897,-0.00966259
-0.00406684,0.146947,-0.00356023,0.109959,0.00818589,-0.256903,-0.00985533
-0.00414519,0.150173,-0.00362632,0.112059,0.00835956,-0.262229,-0.0100604
-0.00422138,0.153371,-0.00369019,0.114099,0.00853091,-0.267467,-0.0102622
-0.00429259,0.156407,-0.00374961,0.116004,0.00869293,-0.272408,-0.0104526
-0.00436309,0.159415,-0.00380842,0.11789,0.00885342,-0.277301,-0.0106411
-0.00443609,0.162533,-0.00386928,0.119844,0.00901978,-0.282373,-0.0108366
-0.0045115,0.165783,-0.00393199,0.121861,0.00919276,-0.28764,-0.0110395
-0.00458983,0.169187,-0.00399696,0.123956,0.0093736,-0.293139,-0.0112514
-0.0046582,0.172278,-0.00405291,0.12578,0.00953623,-0.298053,-0.0114409
-0.00473116,0.175503,-0.00411309,0.12773,0.00970686,-0.303228,-0.0116403
-0.00479561,0.17847,-0.00416551,0.129449,0.00986232,-0.307913,-0.011821
-0.00487054,0.181796,-0.00422722,0.131452,0.0100381,-0.313243,-0.0120264
-0.00494003,0.185027,-0.00428356,0.133305,0.010207,-0.318326,-0.0122224
-0.0050024,0.187989,-0.00433374,0.134967,0.0103611,-0.32295,-0.0124008
-0.00512709,0.193269,-0.00443807,0.138312,0.0106434,-0.331574,-0.0127326
-0.00518555,0.196638,-0.00448141,0.139854,0.0108117,-0.336485,-0.0129225
-0.00524472,0.199555,-0.00452837,0.141429,0.0109622,-0.340977,-0.0130958
-0.00530904,0.202643,-0.00457995,0.143146,0.0111225,-0.345782,-0.0132809
-0.00537314,0.205798,-0.00463086,0.144854,0.0112853,-0.350645,-0.0134684
-0.00545308,0.2096,-0.00469518,0.146989,0.011483,-0.356582,-0.0136971
-0.0055161,0.21296,-0.00474368,0.148665,0.0116535,-0.361617,-0.0138913
-0.00558519,0.216443,-0.00479807,0.150507,0.0118322,-0.366941,-0.0140964
-0.00565539,0.220058,-0.00485288,0.152378,0.0120169,-0.372427,-0.0143077
-0.00571679,0.223397,-0.00489975,0.154012,0.0121856,-0.377399,-0.0144994
-0.00578406,0.226911,-0.00495199,0.155805,0.0123646,-0.382707,-0.0147038
-0.00584429,0.230251,-0.0049976,0.157409,0.0125327,-0.387651,-0.0148942
-0.00590954,0.233757,-0.0050477,0.159149,0.0127101,-0.392896,-0.0150961
-0.00597542,0.237387,-0.00509773,0.160906,0.012893,-0.398282,-0.0153034
-0.00603205,0.240719,-0.00513948,0.162414,0.0130587,-0.403122,-0.0154897
-0.00609665,0.244296,-0.00518848,0.164139,0.0132386,-0.408423,-0.0156936
-0.0061509,0.247598,-0.00522782,0.165584,0.0134017,-0.41317,-0.0158761
-0.00621774,0.251324,-0.00527839,0.16737,0.0135888,-0.418682,-0.016088
-0.00627036,0.254694,-0.00531558,0.168773,0.0137537,-0.423454,-0.0162714
-0.00633616,0.258467,-0.00536475,0.170533,0.0139421,-0.428987,-0.0164839
-0.00639657,0.262252,-0.00540798,0.172147,0.0141279,-0.434385,-0.0166912
-0.00644713,0.265645,-0.00544284,0.173498,0.0142925,-0.439129,-0.0168732
-0.00651027,0.269436,-0.00548905,0.17519,0.0144801,-0.444612,-0.0170835
-0.00655757,0.272813,-0.00552048,0.176455,0.0146421,-0.449254,-0.0172613
-0.00662268,0.276749,-0.00556801,0.178202,0.0148365,-0.454937,-0.0174792
-0.00667818,0.280625,-0.00560546,0.179692,0.0150231,-0.460301,-0.0176845
-0.00673272,0.28442,-0.00564235,0.181157,0.0152058,-0.465561,-0.0178857
-0.00678601,0.288187,-0.00567809,0.182591,0.0153867,-0.470761,-0.0180845
-0.00683297,0.29172,-0.00570834,0.183856,0.0155545,-0.475558,-0.0182677
-0.00688682,0.295472,-0.0057448,0.185307,0.015735,-0.480761,-0.0184664
-0.00694161,0.299447,-0.00578102,0.186787,0.015925,-0.486215,-0.0186745
-0.0069845,0.303042,-0.00580655,0.187948,0.0160929,-0.490971,-0.0188555
-0.00704007,0.30701,-0.0058437,0.189452,0.0162829,-0.496442,-0.019064
-0.00708263,0.310712,-0.00586832,0.19061,0.0164547,-0.501301,-0.0192486
-0.00713568,0.314713,-0.00590259,0.19205,0.0166445,-0.506743,-0.0194556
-0.00717675,0.318456,-0.00592542,0.193173,0.0168171,-0.511608,-0.01964
-0.00722791,0.322491,-0.00595751,0.194568,0.017007,-0.517037,-0.0198461
-0.0072746,0.326603,-0.00598437,0.195847,0.0171973,-0.522428,-0.0200503
-0.00731753,0.330594,-0.00600788,0.197029,0.0173806,-0.5276,-0.0202458
-0.00736243,0.334653,-0.00603317,0.198265,0.0175677,-0.532894,-0.0204458
-0.00740032,0.338508,-0.0060521,0.199316,0.0177425,-0.5378,-0.0206306
-0.00744256,0.342463,-0.00607518,0.200485,0.0179237,-0.542924,-0.0208237
-0.0074858,0.346623,-0.00609822,0.201686,0.0181136,-0.548284,-0.0210255
-0.00752055,0.35056,-0.00611343,0.202664,0.0182895,-0.553197,-0.0212097
-0.0075638,0.354759,-0.00613633,0.20387,0.0184808,-0.558602,-0.0214128
-0.00759657,0.358763,-0.00614911,0.204802,0.0186581,-0.563538,-0.0215971
-0.00763535,0.3629,-0.00616765,0.205895,0.0188441,-0.568767,-0.0217928
-0.00766089,0.366618,-0.00617436,0.206638,0.0190056,-0.573228,-0.0219585
-0.00770088,0.370714,-0.00619451,0.207766,0.0191906,-0.578451,-0.0221538
-0.00774066,0.375257,-0.00621199,0.208902,0.0193929,-0.584129,-0.0223653
-0.00776784,0.379503,-0.00621769,0.209708,0.0195758,-0.58918,-0.0225519
-0.00780244,0.383862,-0.00623076,0.21071,0.0197676,-0.594541,-0.0227507
-0.00782746,0.388,-0.00623487,0.211463,0.0199447,-0.599431,-0.0229307
-0.00785482,0.392069,-0.0062419,0.212277,0.0201205,-0.604313,-0.0231105
-0.00788696,0.39645,-0.00625239,0.213224,0.0203112,-0.609641,-0.023307
-0.00791255,0.400843,-0.00625588,0.214007,0.0204983,-0.614816,-0.0234966
-0.00793734,0.405192,-0.00625884,0.21477,0.020683,-0.619928,-0.0236835
-0.0079606,0.409511,-0.00626038,0.215497,0.0208655,-0.624972,-0.0238674
-0.00798316,0.413838,-0.00626121,0.216208,0.0210477,-0.63001,-0.0240507
-0.0080027,0.418092,-0.0062593,0.216843,0.021225,-0.634897,-0.0242277
-0.00802775,0.422622,-0.00626182,0.217629,0.0214164,-0.640214,-0.0244209
-0.0080469,0.427222,-0.00625779,0.218271,0.0216066,-0.645455,-0.0246097
-0.00805828,0.431457,-0.00624756,0.218707,0.0217776,-0.650125,-0.0247764
-0.00808246,0.436072,-0.00624891,0.219481,0.0219711,-0.655513,-0.0249711
-0.00809115,0.440457,-0.00623522,0.21986,0.0221458,-0.660276,-0.0251397
-0.00810997,0.44504,-0.00623124,0.220503,0.0223344,-0.665502,-0.0253268
-0.00812198,0.449692,-0.00621982,0.22098,0.0225211,-0.67063,-0.0255085
-0.00812949,0.454132,-0.00620485,0.221339,0.0226965,-0.675428,-0.0256771
-0.00814355,0.458781,-0.00619577,0.221872,0.0228839,-0.680609,-0.0258604
-0.00814673,0.463225,-0.00617643,0.222128,0.0230562,-0.685308,-0.0260237
-0.00815899,0.467902,-0.0061655,0.222622,0.0232431,-0.690479,-0.0262057
-0.00815815,0.472324,-0.00614225,0.222781,0.0234114,-0.695059,-0.026363
-0.00816974,0.477076,-0.00613041,0.223266,0.0236003,-0.700295,-0.0265463
-0.00817131,0.481922,-0.00610775,0.223507,0.0237858,-0.705382,-0.0267211
-0.00816912,0.486553,-0.00608236,0.223649,0.0239604,-0.710153,-0.0268835
-0.0081723,0.491329,-0.00606194,0.223932,0.0241438,-0.715212,-0.0270571
-0.008166,0.495918,-0.00603271,0.223974,0.0243134,-0.719842,-0.0272126
-0.00816791,0.500724,-0.00601104,0.224231,0.0244965,-0.724904,-0.0273852
-0.00816155,0.505559,-0.00598078,0.224286,0.0246747,-0.729793,-0.0275487
-0.00815269,0.510213,-0.00594892,0.224273,0.0248441,-0.734434,-0.0277025
-0.00814989,0.515115,-0.00592226,0.224423,0.0250266,-0.739485,-0.0278719
-0.00813467,0.519783,-0.00588402,0.224258,0.0251914,-0.743987,-0.0280179
-0.00813039,0.524717,-0.00585591,0.224376,0.0253734,-0.749038,-0.028186
-0.00810952,0.529289,-0.0058126,0.22407,0.0255299,-0.753304,-0.0283212
-0.00810616,0.534292,-0.00578536,0.224216,0.0257144,-0.758451,-0.0284921
-0.00808455,0.539198,-0.00573999,0.22391,0.0258821,-0.763051,-0.0286372
-0.00806491,0.543802,-0.0056982,0.223639,0.0260394,-0.767384,-0.0287738
-0.008054,0.548776,-0.00566376,0.223601,0.0262163,-0.772318,-0.0289334
-0.00802778,0.553571,-0.00561466,0.223179,0.0263751,-0.776691,-0.0290677
-0.00801006,0.558453,-0.00557397,0.222971,0.0265429,-0.781365,-0.029215
-0.00798533,0.563337,-0.00552629,0.222591,0.0267052,-0.785868,-0.0293533
-0.00796238,0.568312,-0.00548017,0.22226,0.0268716,-0.790511,-0.0294965
-0.00793308,0.573168,-0.0054283,0.221767,0.0270285,-0.794874,-0.0296272
-0.00790621,0.577996,-0.0053792,0.221332,0.0271856,-0.799266,-0.0297595
-0.00788189,0.583184,-0.00533121,0.220977,0.0273574,-0.804099,-0.0299069
-0.00784557,0.588306,-0.00527159,0.220324,0.0275171,-0.808566,-0.0300364
-0.00781094,0.593272,-0.00521457,0.219704,0.0276718,-0.812913,-0.0301621
-0.00777715,0.598252,-0.00515852,0.219105,0.027827,-0.817292,-0.0302888
-0.00773906,0.60311,-0.00509887,0.218393,0.0279739,-0.821438,-0.0304053
-0.00770851,0.608376,-0.00504517,0.217885,0.0281409,-0.826194,-0.0305447
-0.0076595,0.613333,-0.00497458,0.216907,0.0282816,-0.830173,-0.0306494
-0.00762584,0.618558,-0.00491835,0.216316,0.0284434,-0.834807,-0.0307823
-0.00757866,0.623857,-0.00484854,0.215395,0.0285965,-0.839184,-0.0308995
-0.0075293,0.628892,-0.00477793,0.214405,0.0287375,-0.843229,-0.0310043
-0.00748552,0.633977,-0.00471287,0.213552,0.0288841,-0.84746,-0.0311173
-0.00743207,0.638701,-0.00463999,0.212441,0.0290091,-0.851072,-0.0312049
-0.00738957,0.643455,-0.00457802,0.211599,0.0291436,-0.854984,-0.0313073
-0.00733567,0.647798,-0.00450674,0.210453,0.0292532,-0.85818,-0.0313802
-0.0072972,0.652361,-0.00444989,0.209697,0.0293831,-0.861986,-0.0314805
-0.00724846,0.657174,-0.00438211,0.208693,0.0295125,-0.865796,-0.0315748
-0.00720056,0.662476,-0.00431334,0.207728,0.0296593,-0.870132,-0.0316857
-0.00713602,0.667643,-0.00422911,0.206338,0.0297861,-0.873908,-0.0317689
-0.00707826,0.672746,-0.00415202,0.205109,0.0299157,-0.877782,-0.0318583
-0.00701831,0.677927,-0.00407276,0.203823,0.0300452,-0.881677,-0.0319465
-0.00695314,0.682933,-0.0039894,0.202393,0.030163,-0.885253,-0.0320209
-0.00689775,0.688465,-0.00391366,0.201223,0.0303071,-0.889614,-0.0321252
-0.00682214,0.693988,-0.00381872,0.199537,0.0304316,-0.893451,-0.0322001
-0.00674665,0.699,-0.00372627,0.197826,0.0305372,-0.896751,-0.0322574
-0.00668473,0.704192,-0.00364643,0.196456,0.0306606,-0.900573,-0.0323388
-0.00661036,0.70933,-0.00355517,0.19476,0.0307694,-0.904015,-0.0323998
-0.00654152,0.714658,-0.00346876,0.193203,0.030889,-0.907786,-0.0324739
-0.0064594,0.719569,-0.00337163,0.191282,0.0309805,-0.910775,-0.0325144
-0.00639357,0.724683,-0.0032895,0.189776,0.0310934,-0.914383,-0.0325839
-0.00631587,0.729987,-0.0031957,0.187961,0.0312003,-0.917873,-0.0326413
-0.00623182,0.734961,-0.00309749,0.185961,0.0312885,-0.920846,-0.0326777
-0.00615913,0.740134,-0.00300956,0.184248,0.0313935,-0.924306,-0.0327361
-0.00607113,0.74486,-0.00290924,0.182112,0.0314668,-0.926896,-0.0327565
-0.00599998,0.749648,-0.00282482,0.180405,0.0315579,-0.929976,-0.0328028
-0.00591756,0.754164,-0.00273115,0.178383,0.0316274,-0.932471,-0.0328227
-0.00584742,0.758969,-0.00264816,0.17668,0.031718,-0.935573,-0.0328691
-0.00576349,0.763835,-0.00255242,0.174604,0.0317954,-0.938362,-0.0328956
-0.00568326,0.769092,-0.00245901,0.172623,0.0318886,-0.941638,-0.032939
-0.00558783,0.77432,-0.00235203,0.170221,0.0319634,-0.944465,-0.0329569
-0.0054943,0.77931,-0.00224807,0.167845,0.0320307,-0.947078,-0.0329688
-0.00540692,0.784509,-0.00214938,0.165622,0.0321101,-0.950054,-0.0329954
-0.00530805,0.789521,-0.00204125,0.163066,0.0321693,-0.95251,-0.0329969
-0.00521809,0.794783,-0.00194075,0.160737,0.032245,-0.955444,-0.0330187
-0.00511376,0.79973,-0.00182872,0.157988,0.0322926,-0.957641,-0.0330065
-0.00502247,0.804835,-0.00172838,0.155579,0.0323585,-0.960338,-0.0330185
-0.00492093,0.809983,-0.00161903,0.152866,0.0324125,-0.962773,-0.0330138
-0.00481641,0.814694,-0.00150896,0.150037,0.0324468,-0.964656,-0.0329892
-0.00472775,0.819952,-0.00141164,0.147639,0.032516,-0.967515,-0.0330058
-0.00461437,0.82494,-0.0012936,0.144515,0.0325454,-0.96938,-0.0329719
-0.00451422,0.829951,-0.00118773,0.141738,0.0325893,-0.971614,-0.0329587
-0.00440876,0.835074,-0.00107722,0.138785,0.0326287,-0.973783,-0.0329385
-0.00429789,0.839927,-0.00096334,0.135641,0.0326507,-0.975494,-0.0328991
-0.00419604,0.844965,-0.000857228,0.132732,0.0326878,-0.977623,-0.0328788
-0.00408283,0.84967,-0.000742766,0.129455,0.0326979,-0.979051,-0.0328271
-0.00398221,0.854589,-0.000639037,0.12652,0.0327288,-0.981036,-0.0328018
-0.003871,0.859658,-0.000526085,0.12324,0.032749,-0.982825,-0.0327608
-0.00375495,0.864577,-0.000409978,0.119776,0.0327558,-0.984281,-0.0327047
-0.00364323,0.869553,-0.000297939,0.116405,0.0327678,-0.985886,-0.0326558
-0.00352522,0.874052,-0.000182593,0.112799,0.0327538,-0.986781,-0.0325793
-0.00342309,0.878805,-8.04583e-05,0.109647,0.032767,-0.988381,-0.0325369
-0.00330709,0.883192,3.17805e-05,0.106023,0.0327475,-0.989145,-0.0324564
-0.00320579,0.888126,0.00013286,0.102824,0.0327635,-0.990881,-0.0324171
-0.00313873,0.909172,0.000255942,0.100688,0.033338,-1.00979,-0.0329196
-0.0024911,0.916247,0.000814663,0.0795541,0.0326203,-0.995736,-0.0319006
-0.00236523,0.920531,0.000930146,0.0752082,0.0325615,-0.995675,-0.0317786
-0.00225485,0.924832,0.00103255,0.0713376,0.0325242,-0.996106,-0.0316851
-0.00214082,0.928972,0.00113686,0.0672878,0.0324735,-0.996197,-0.0315771
-0.00203178,0.933476,0.00123774,0.0633561,0.0324394,-0.99677,-0.0314875
-0.00190907,0.937553,0.00134764,0.0588787,0.0323669,-0.996371,-0.0313547
-0.00179986,0.94191,0.0014471,0.0548248,0.0323223,-0.996675,-0.0312552
-0.00168026,0.946326,0.00155434,0.050324,0.0322592,-0.996591,-0.031133
-0.00155748,0.950284,0.00166203,0.0456373,0.0321731,-0.995864,-0.0309876
-0.00144813,0.954589,0.00175971,0.0413839,0.0321175,-0.995916,-0.0308779
-0.0013258,0.958085,0.00186438,0.036571,0.032011,-0.994601,-0.0307138
-0.0012281,0.962533,0.00195243,0.0326365,0.0319743,-0.995114,-0.0306281
-0.00110096,0.966869,0.00206201,0.0274617,0.0318781,-0.994277,-0.0304712
-0.000975391,0.970657,0.00216801,0.0222631,0.0317636,-0.992868,-0.0302981
-0.000865,0.97468,0.00226261,0.0175948,0.0316806,-0.992224,-0.0301626
-0.000746997,0.978276,0.00236098,0.0125298,0.0315664,-0.990756,-0.0299938
-0.000640267,0.982173,0.00245127,0.00785065,0.0314793,-0.989974,-0.0298565
-0.000524563,0.985686,0.00254637,0.00270092,0.0313592,-0.988339,-0.0296835
-0.000418311,0.989285,0.0026342,-0.00212721,0.0312566,-0.987111,-0.029532
-0.000309723,0.993233,0.00272414,-0.00715956,0.0311563,-0.986027,-0.0293814
-0.000190458,0.996635,0.00281943,-0.0127773,0.0310129,-0.983813,-0.029185
-8.42054e-05,1.0001,0.00290494,-0.0178995,0.0308943,-0.98216,-0.0290186
2.30554e-05,1.00335,0.00298988,-0.0231703,0.0307627,-0.980142,-0.0288395
0.000125384,1.00695,0.00307174,-0.0283146,0.0306482,-0.978591,-0.028679
0.000236547,1.01029,0.00315831,-0.0340097,0.0305019,-0.976239,-0.0284843
0.000343235,1.01355,0.00324082,-0.0396034,0.0303582,-0.973904,-0.0282942
0.000447674,1.01688,0.00332134,-0.0452089,0.0302174,-0.971637,-0.0281081
0.000554159,1.01988,0.00340151,-0.0510514,0.0300562,-0.968794,-0.0279018
0.000653283,1.02296,0.0034763,-0.0566292,0.02991,-0.966293,-0.0277134
0.000753088,1.02576,0.00355004,-0.0623752,0.0297488,-0.963349,-0.0275105
0.000847258,1.02889,0.00362041,-0.0679404,0.0296067,-0.960913,-0.0273285
0.000948001,1.03174,0.00369349,-0.0740348,0.029434,-0.95767,-0.0271144
0.0010444,1.03449,0.00376275,-0.0800261,0.0292637,-0.95443,-0.0269048
0.00113838,1.03773,0.00383125,-0.0860337,0.0291095,-0.951664,-0.0267115
0.00124164,1.03986,0.00390138,-0.0928068,0.028889,-0.947025,-0.0264512
0.00132506,1.04266,0.00396058,-0.0984577,0.0287386,-0.944173,-0.0262668
0.00141609,1.04501,0.00402235,-0.104791,0.0285467,-0.940194,-0.0260395
0.00150125,1.04767,0.00408081,-0.1109,0.0283752,-0.936743,-0.0258344
0.00159059,1.05015,0.00414046,-0.117506,0.0281791,-0.932624,-0.0256039
0.00167789,1.05229,0.00419703,-0.12418,0.0279709,-0.928085,-0.025363
0.00175847,1.05465,0.00424969,-0.13055,0.0277842,-0.92408,-0.0251457
0.0018396,1.05623,0.00429946,-0.137193,0.0275634,-0.919014,-0.024896
0.0019083,1.05847,0.00434375,-0.143,0.0273989,-0.915447,-0.0247055
0.0019831,1.06048,0.00438996,-0.149542,0.0271993,-0.910918,-0.0244787
0.00205647,1.06222,0.0044338,-0.156205,0.0269884,-0.906002,-0.024242
0.00212563,1.06424,0.00447555,-0.162717,0.026794,-0.901509,-0.0240227
0.0021962,1.06573,0.00451553,-0.169649,0.0265684,-0.896066,-0.0237732
0.00226046,1.06761,0.00455287,-0.176202,0.026372,-0.891393,-0.0235543
0.00233212,1.07162,0.00459989,-0.183696,0.0262076,-0.887915,-0.0233612
0.00242784,1.07136,0.00464268,-0.194664,0.0257807,-0.876688,-0.0229081
0.00248319,1.07252,0.00467062,-0.201347,0.0255647,-0.871166,-0.0226747
0.0025351,1.07391,0.00469708,-0.207883,0.0253633,-0.866015,-0.0224565
0.00258702,1.07496,0.00472163,-0.214781,0.0251404,-0.860176,-0.022218
0.00263702,1.07669,0.00474689,-0.221678,0.0249406,-0.855009,-0.0220017
0.00269022,1.07731,0.00476849,-0.229638,0.0246704,-0.847665,-0.021717
0.00273517,1.07823,0.00478717,-0.236739,0.0244436,-0.841489,-0.0214774
0.00278084,1.08031,0.00480929,-0.244166,0.0242429,-0.836142,-0.0212616
0.00283082,1.08012,0.0048231,-0.253502,0.0239089,-0.826614,-0.0209168
0.00286841,1.08095,0.00483584,-0.260893,0.0236777,-0.820053,-0.0206757
0.00290376,1.08127,0.0048449,-0.268562,0.0234244,-0.812707,-0.0204145
0.00293528,1.08196,0.00485343,-0.27585,0.0231983,-0.806114,-0.0201806
0.00296456,1.08206,0.00485791,-0.283494,0.0229451,-0.798572,-0.0199219
0.00299006,1.08249,0.00486197,-0.290662,0.0227205,-0.791834,-0.019692
0.0030146,1.08307,0.00486524,-0.298197,0.022491,-0.784876,-0.0194573
0.00304041,1.08426,0.00486955,-0.306694,0.0222514,-0.777567,-0.0192113
0.00306115,1.08292,0.00485973,-0.316723,0.0218921,-0.7662,-0.018853
0.00307663,1.08322,0.00485648,-0.324377,0.0216609,-0.758853,-0.0186199
0.0030885,1.08268,0.00484727,-0.332626,0.0213895,-0.750059,-0.0183494
0.0030982,1.08272,0.00483983,-0.340289,0.0211566,-0.742439,-0.0181167
0.00310402,1.08205,0.00482707,-0.348394,0.0208928,-0.733666,-0.0178557
0.00310901,1.08218,0.00481731,-0.35609,0.0206676,-0.726098,-0.0176316
0.00310936,1.0814,0.00480035,-0.364728,0.0203917,-0.716678,-0.0173603
0.00310658,1.08056,0.00478237,-0.372888,0.0201318,-0.707677,-0.0171056
0.00310269,1.08018,0.00476598,-0.380742,0.0198973,-0.699445,-0.0168754
0.00309399,1.07911,0.00474397,-0.389071,0.0196332,-0.690051,-0.0166184
0.00308519,1.07874,0.00472495,-0.397093,0.0194008,-0.681657,-0.0163913
0.00307039,1.07762,0.00469885,-0.406012,0.0191261,-0.671616,-0.0161253
0.00305187,1.07613,0.00467017,-0.414661,0.0188527,-0.661481,-0.0158619
0.00303444,1.07543,0.00464585,-0.422766,0.0186193,-0.652673,-0.0156362
0.00301007,1.07386,0.00461404,-0.431571,0.0183471,-0.642299,-0.0153753
0.00298544,1.07266,0.00458431,-0.439943,0.0181001,-0.632726,-0.0151385
0.00295579,1.07085,0.00455,-0.448417,0.0178375,-0.622442,-0.0148883
0.00292807,1.06965,0.00452004,-0.45625,0.0176109,-0.61341,-0.0146722
0.00289655,1.06839,0.00448748,-0.464582,0.0173738,-0.603825,-0.0144463
0.0028579,1.06634,0.00444823,-0.473369,0.017108,-0.592988,-0.0141948
0.00282126,1.06491,0.00441318,-0.48167,0.016874,-0.583257,-0.0139729
0.00277706,1.06254,0.004371,-0.490296,0.0166109,-0.572257,-0.0137255
0.00273934,1.06151,0.00433792,-0.498272,0.0164015,-0.563248,-0.0135271
0.00268796,1.05928,0.00429244,-0.507682,0.0161318,-0.55161,-0.0132737
0.00263315,1.05668,0.00424478,-0.516895,0.0158614,-0.539803,-0.0130206
0.0025811,1.05449,0.00420117,-0.525435,0.0156199,-0.529068,-0.0127946
0.00252715,1.05226,0.00415703,-0.533906,0.0153823,-0.518362,-0.0125727
0.00247131,1.05005,0.00411254,-0.542392,0.0151487,-0.507675,-0.0123546
0.00241145,1.04765,0.00406567,-0.551065,0.0149095,-0.496597,-0.0121318
0.00234924,1.0453,0.00401826,-0.559856,0.0146729,-0.48546,-0.0119115
0.00228092,1.04257,0.00396681,-0.568993,0.0144235,-0.473593,-0.0116799
0.00220992,1.03958,0.00391396,-0.577981,0.0141743,-0.461612,-0.0114492
0.00214203,1.03714,0.00386531,-0.586641,0.0139485,-0.450507,-0.0112397
0.00206557,1.03396,0.0038104,-0.595701,0.0137009,-0.438272,-0.0110109
0.0019933,1.0317,0.00376121,-0.604633,0.0134812,-0.427083,-0.0108069
0.00190184,1.02761,0.00369691,-0.614523,0.013204,-0.413102,-0.0105518
0.00182464,1.02482,0.00364518,-0.623158,0.0129839,-0.401668,-0.0103485
0.00174001,1.02139,0.00358842,-0.632064,0.0127477,-0.389338,-0.0101309
0.00165943,1.01852,0.00353615,-0.640644,0.0125332,-0.377883,-0.0099328
0.0015707,1.01522,0.00347906,-0.649742,0.0123031,-0.365483,-0.00972065
0.00147772,1.01184,0.00342033,-0.659106,0.0120701,-0.352739,-0.00950584
0.00137728,1.00782,0.00335688,-0.668663,0.0118232,-0.339166,-0.00927879
0.00128219,1.00426,0.00329831,-0.677689,0.0115987,-0.326576,-0.00907188
0.00118417,1.0004,0.00323829,-0.686639,0.011372,-0.313772,-0.00886339
0.00109043,0.997059,0.00318256,-0.6953,0.0111642,-0.301766,-0.0086716
0.000988297,0.993075,0.00312173,-0.704271,0.0109405,-0.28881,-0.00846566
0.000890209,0.989527,0.0030648,-0.712947,0.0107338,-0.276584,-0.00827472
0.000785867,0.985892,0.00300539,-0.722127,0.0105204,-0.26377,-0.00807741
0.000668903,0.981223,0.0029381,-0.731739,0.0102818,-0.249487,-0.00785755
0.000561787,0.977554,0.00287892,-0.740876,0.0100744,-0.236681,-0.00766524
0.000439194,0.972477,0.00280972,-0.750436,0.0098345,-0.222043,-0.00744404
0.000335153,0.968881,0.00275366,-0.758994,0.00964227,-0.209889,-0.00726542
0.00021762,0.964675,0.00269071,-0.768403,0.00942834,-0.196272,-0.00706662
9.05031e-05,0.959748,0.00262248,-0.778113,0.00919856,-0.181635,-0.00685343
-3.08692e-05,0.955331,0.00255896,-0.787476,0.00898668,-0.167854,-0.00665601
-0.000159221,0.95079,0.00249297,-0.797343,0.0087685,-0.153444,-0.00645211
-0.0003009,0.945472,0.00242028,-0.807831,0.00852993,-0.137638,-0.00622925
-0.000444007,0.939923,0.00234738,-0.818123,0.0082925,-0.121796,-0.00600724
-0.000580472,0.934488,0.00227839,-0.827684,0.00806932,-0.106799,-0.00579831
-0.000704347,0.930157,0.00221814,-0.836751,0.00787606,-0.0934005,-0.00561584
-0.000844382,0.924532,0.00214887,-0.84629,0.0076545,-0.0782354,-0.00540751
-0.000969426,0.919925,0.00208885,-0.855054,0.00746386,-0.0648637,-0.005227
-0.00110105,0.915187,0.00202666,-0.864281,0.00726729,-0.0508972,-0.00504014
-0.00124564,0.910027,0.00195924,-0.874358,0.00705512,-0.0356592,-0.00483776
-0.00140681,0.903711,0.00188354,-0.885013,0.00681723,-0.0186872,-0.0046112
-0.00155973,0.897675,0.0018125,-0.894982,0.00659474,-0.00267992,-0.00439861
-0.001703,0.891945,0.00174652,-0.904177,0.00638859,0.012246,-0.00420109
-0.00183476,0.887042,0.00168745,-0.91287,0.00620476,0.0258425,-0.00402361
-0.00197418,0.881502,0.00162465,-0.921716,0.00600924,0.0402284,-0.00383494
-0.00210507,0.876376,0.00156647,-0.930024,0.00582839,0.0536647,-0.00365966
-0.00223319,0.871748,0.00151107,-0.938436,0.00565663,0.0667048,-0.00349182
-0.00237821,0.86598,0.00144757,-0.947464,0.00545928,0.0815022,-0.00329942
-0.00251742,0.860845,0.00138825,-0.956418,0.00527526,0.0955929,-0.00311846
-0.00267116,0.854518,0.00132168,-0.965713,0.00506794,0.111216,-0.00291522
-0.00281009,0.849325,0.00126345,-0.97451,0.00488688,0.125207,-0.00273587
-0.00296333,0.843318,0.00119908,-0.983944,0.00468615,0.140648,-0.00253687
-0.00311773,0.836757,0.00113355,-0.992987,0.00448085,0.156253,-0.00233357
-0.00325099,0.831851,0.0010794,-1.0014,0.0043115,0.169574,-0.00216351
-0.0034046,0.825435,0.00101557,-1.01044,0.00411057,0.18503,-0.00196268
-0.00354569,0.820043,0.00095868,-1.01914,0.00393136,0.199126,-0.00178167
-0.003701,0.813497,0.000895036,-1.0282,0.00372953,0.214728,-0.00157836
-0.00384395,0.807942,0.000838073,-1.03692,0.00354857,0.229004,-0.00139421
-0.00400184,0.801703,0.000775369,-1.04646,0.00334835,0.244782,-0.00118982
-0.00416963,0.794274,0.00070729,-1.05592,0.00312905,0.26168,-0.000966792
-0.00431133,0.788484,0.000651393,-1.06433,0.00294839,0.275876,-0.000781108
-0.00445851,0.782452,0.000593648,-1.07305,0.0027607,0.290635,-0.000587441
-0.00461147,0.775909,0.00053334,-1.08191,0.00256323,0.306033,-0.000383453
-0.00476006,0.769792,0.000475673,-1.09073,0.00237336,0.320972,-0.000185912
-0.00491658,0.762777,0.000413893,-1.09957,0.00216803,0.33683,2.72686e-05
-0.00505611,0.756682,0.000359475,-1.10761,0.00198599,0.350971,0.00021745
-0.00519329,0.751054,0.000307067,-1.11586,0.00180974,0.364844,0.000403158
-0.00534615,0.744149,0.000247409,-1.12456,0.00160707,0.380449,0.000616015
-0.00548987,0.738027,0.000192404,-1.13309,0.00141896,0.395105,0.000815257
-0.00564665,0.731272,0.000132419,-1.14239,0.00121202,0.411163,0.00103512
-0.00581397,0.723462,6.71983e-05,-1.15189,0.000984409,0.428477,0.00127656
-0.00596808,0.716348,7.46846e-06,-1.16079,0.000773936,0.444488,0.00150096
-0.00611659,0.709196,-5.06786e-05,-1.1692,0.00056683,0.460052,0.00172196
-0.00625245,0.703075,-0.000102823,-1.17732,0.000379674,0.474287,0.00192338
-0.00640025,0.696296,-0.00015979,-1.18613,0.000173192,0.489882,0.00214609
-0.00655539,0.688542,-0.000221062,-1.19497,-5.16972e-05,0.50648,0.00238804
-0.00669601,0.68181,-0.000275939,-1.20334,-0.000255035,0.521575,0.00260829
-0.00683939,0.674547,-0.000332882,-1.21166,-0.000468515,0.537159,0.00283936
-0.00697333,0.667847,-0.00038597,-1.21961,-0.000669548,0.551814,0.00305788
-0.00710678,0.661116,-0.000439116,-1.22761,-0.000872888,0.566546,0.00327945
-0.00724098,0.654176,-0.000493118,-1.23565,-0.00108178,0.581525,0.00350735
-0.00737342,0.64727,-0.000546737,-1.24367,-0.00129143,0.596458,0.00373661
-0.00750965,0.640515,-0.0006013,-1.25235,-0.00150673,0.611889,0.00397351
-0.00765989,0.631688,-0.000665088,-1.26106,-0.00176258,0.629433,0.00425267
-0.00778209,0.624876,-0.000716429,-1.26861,-0.00197062,0.643791,0.00448114
-0.00790302,0.618237,-0.000767304,-1.27631,-0.00217881,0.658134,0.00471054
-0.0080275,0.610781,-0.000821579,-1.28397,-0.00240383,0.673251,0.0049577
-0.00814269,0.60432,-0.000871117,-1.29156,-0.00261097,0.687297,0.00518669
-0.00826472,0.59663,-0.000926167,-1.2992,-0.00284441,0.702631,0.00544346
-0.00837442,0.59003,-0.000975348,-1.30649,-0.00305487,0.716523,0.00567612
-0.0084904,0.583109,-0.00102771,-1.31445,-0.00328116,0.731405,0.00592686
-0.00861165,0.574637,-0.00108633,-1.32222,-0.00353861,0.747647,0.00621009
-0.00871269,0.567982,-0.00113474,-1.32921,-0.0037531,0.761285,0.00644734
-0.00881441,0.561079,-0.00118462,-1.33634,-0.00397651,0.775322,0.00669445
-0.00891404,0.553862,-0.00123539,-1.3433,-0.00420665,0.789499,0.00694851
-0.00900861,0.547305,-0.00128345,-1.35033,-0.00442625,0.80309,0.00719189
-0.00910675,0.539736,-0.00133626,-1.35748,-0.00467083,0.817803,0.00746184
-0.00919712,0.532699,-0.0013859,-1.36431,-0.00490306,0.831676,0.00771843
-0.00928342,0.525628,-0.00143516,-1.37095,-0.00513613,0.845384,0.00797564
-0.00936515,0.518903,-0.00148271,-1.37751,-0.00536318,0.858669,0.00822647
-0.00944684,0.511939,-0.00153187,-1.38426,-0.00560027,0.872383,0.00848828
-0.00952562,0.504522,-0.00158248,-1.39079,-0.0058475,0.886334,0.00876037
-0.00959932,0.497921,-0.00162968,-1.39738,-0.00607965,0.899523,0.00901672
-0.00967243,0.490237,-0.00168138,-1.40384,-0.00633773,0.913671,0.00930007
-0.00973873,0.483638,-0.00172804,-1.4102,-0.00657214,0.926627,0.0095583
-0.0097692,0.481571,-0.0017479,-1.41625,-0.00671775,0.934749,0.00973533
-0.00974592,0.484293,-0.00173359,-1.42039,-0.00675214,0.936163,0.00980833
-0.00973402,0.4867,-0.00172374,-1.42449,-0.00678292,0.937859,0.00987072
-0.00971965,0.489153,-0.00171315,-1.42858,-0.00681412,0.939491,0.00993459
-0.00970627,0.491607,-0.00170297,-1.43273,-0.00684533,0.941186,0.00999807
-0.00969244,0.494116,-0.00169264,-1.43698,-0.00687721,0.942928,0.0100628
-0.00967761,0.49666,-0.00168206,-1.44127,-0.00690946,0.944672,0.0101285
-0.00965956,0.49906,-0.001671,-1.44514,-0.00693964,0.946137,0.0101911
-0.00965174,0.501584,-0.00166278,-1.44975,-0.0069719,0.948225,0.0102544
-0.00963277,0.504356,-0.00165085,-1.45433,-0.00700675,0.95004,0.0103259
-0.0096192,0.507194,-0.00164048,-1.45933,-0.00704272,0.952194,0.0103977
-0.00959687,0.510033,-0.00162775,-1.46393,-0.00707819,0.953957,0.010471
-0.00957804,0.512562,-0.00161686,-1.4681,-0.00710983,0.955596,0.0105359
-0.00956522,0.515114,-0.00160775,-1.47261,-0.00714203,0.957551,0.0106
-0.00954552,0.517716,-0.00159672,-1.47691,-0.00717449,0.959255,0.0106664
-0.00953137,0.520316,-0.00158738,-1.48149,-0.00720721,0.961228,0.0107316
-0.00951561,0.523188,-0.00157716,-1.48655,-0.00724332,0.963418,0.0108034
-0.00949169,0.526024,-0.00156492,-1.49119,-0.00727848,0.965219,0.0108755
-0.00947194,0.528552,-0.00155458,-1.49541,-0.00730989,0.966913,0.0109394
-0.00946563,0.531556,-0.0015471,-1.50121,-0.00734814,0.969715,0.0110121
-0.00943004,0.53465,-0.00153171,-1.50592,-0.00738591,0.971321,0.0110917
-0.00941448,0.537243,-0.00152279,-1.51051,-0.00741834,0.973321,0.0111558
-0.00939477,0.539958,-0.00151267,-1.51518,-0.00745209,0.97528,0.0112233
-0.00937492,0.542655,-0.00150267,-1.51983,-0.0074856,0.977231,0.0112902
-0.00935599,0.54539,-0.00149299,-1.52461,-0.00751963,0.979278,0.0113577
-0.00933222,0.548001,-0.00148239,-1.52895,-0.0075518,0.981003,0.0114229
-0.00931674,0.550576,-0.00147412,-1.53358,-0.00758395,0.983061,0.0114857
-0.00929913,0.553517,-0.00146481,-1.5389,-0.00762068,0.985432,0.0115573
-0.00926973,0.556363,-0.00145282,-1.54353,-0.00765552,0.987218,0.0116282
-0.00925266,0.559017,-0.00144437,-1.54831,-0.00768859,0.989339,0.0116926
-0.00922922,0.561745,-0.00143435,-1.55298,-0.00772226,0.991288,0.0117595
-0.0092079,0.564357,-0.00142515,-1.55752,-0.00775456,0.993217,0.0118232
-0.00918738,0.566952,-0.00141629,-1.56208,-0.00778669,0.995175,0.0118862
-0.00916626,0.569554,-0.00140739,-1.56664,-0.00781888,0.997132,0.0119494
-0.0091462,0.572224,-0.00139877,-1.5714,-0.00785199,0.999219,0.0120137
-0.00912444,0.575025,-0.00138967,-1.57638,-0.00788671,1.0014,0.0120812
-0.00910061,0.577886,-0.00138013,-1.58141,-0.00792209,1.00357,0.0121502
-0.00907885,0.580894,-0.00137101,-1.58686,-0.00795948,1.00601,0.0122221
-0.00904973,0.583923,-0.00136029,-1.59207,-0.00799673,1.0082,0.0122951
-0.00902267,0.586645,-0.00135059,-1.59675,-0.00803019,1.01015,0.0123607
-0.00900227,0.589313,-0.00134261,-1.60158,-0.00806333,1.01231,0.0124241
-0.00897591,0.591976,-0.00133339,-1.60619,-0.00809609,1.01425,0.0124879
-0.00895499,0.594586,-0.00132558,-1.61091,-0.00812849,1.01636,0.0125497
-0.00892992,0.597225,-0.00131691,-1.61554,-0.00816104,1.01836,0.0126125
-0.00890704,0.599799,-0.00130891,-1.62014,-0.00819291,1.02038,0.0126735
-0.00888649,0.602576,-0.0013013,-1.62527,-0.00822752,1.02273,0.0127386
-0.00885721,0.605425,-0.00129182,-1.63024,-0.00826261,1.02485,0.0128061
-0.00883261,0.608144,-0.00128361,-1.63512,-0.00829629,1.02702,0.0128701
-0.00881046,0.611111,-0.0012758,-1.64064,-0.00833333,1.02957,0.0129392
-0.00877763,0.614145,-0.00126575,-1.64593,-0.00837069,1.03182,0.0130107
-0.00875042,0.61695,-0.00125726,-1.65095,-0.00840543,1.03403,0.0130763
-0.00872259,0.61963,-0.00124888,-1.65569,-0.00843855,1.0361,0.013139
-0.00869858,0.622261,-0.00124145,-1.66048,-0.00847126,1.03826,0.0132001
-0.00867436,0.625086,-0.0012339,-1.6657,-0.00850649,1.04065,0.0132655
-0.00864234,0.627846,-0.00122492,-1.67051,-0.00854051,1.0427,0.0133299
-0.00861984,0.630548,-0.00121803,-1.67555,-0.00857429,1.04504,0.013392
-0.00858968,0.633338,-0.00120963,-1.68052,-0.00860886,1.04722,0.0134566
-0.00856431,0.636119,-0.00120231,-1.68566,-0.00864358,1.04957,0.0135205
-0.00853595,0.639083,-0.00119435,-1.6911,-0.00868055,1.05205,0.0135884
-0.00850457,0.642085,-0.00118588,-1.69654,-0.0087179,1.05449,0.0136573
-0.0084761,0.645198,-0.00117803,-1.70234,-0.00875688,1.05717,0.0137283
-0.00844002,0.648313,-0.00116883,-1.7079,-0.00879557,1.05962,0.0137996
-0.00840823,0.65116,-0.00116078,-1.71304,-0.00883102,1.06191,0.0138645
-0.00837928,0.653906,-0.00115344,-1.71806,-0.00886532,1.06419,0.0139269
-0.00835,0.656628,-0.00114615,-1.72304,-0.00889936,1.06645,0.0139886
-0.00832284,0.659461,-0.00113929,-1.72835,-0.00893495,1.06892,0.0140525
-0.00829142,0.662487,-0.00113162,-1.73396,-0.0089729,1.0715,0.0141208
-0.00825611,0.66541,-0.00112341,-1.73922,-0.00900939,1.07384,0.0141867
-0.00822821,0.66833,-0.00111666,-1.74474,-0.00904621,1.07643,0.0142521
-0.00819189,0.671267,-0.00110849,-1.75003,-0.00908292,1.07879,0.0143181
-0.00816773,0.674523,-0.00110244,-1.75644,-0.00912436,1.08195,0.0143904
-0.00812121,0.678046,-0.00109239,-1.76274,-0.0091684,1.08472,0.0144693
-0.00806087,0.679158,-0.00108127,-1.76327,-0.00918052,1.08414,0.0144959
-0.00799686,0.679161,-0.00107015,-1.76124,-0.00917807,1.08211,0.0144982
-0.00792916,0.67941,-0.00105837,-1.75966,-0.00917874,1.08027,0.014506
-0.00786386,0.679431,-0.00104721,-1.75766,-0.00917657,1.07825,0.0145085
-0.00779459,0.679537,-0.00103545,-1.75574,-0.00917541,1.07623,0.0145128
-0.0077238,0.679587,-0.00102356,-1.75367,-0.00917352,1.0741,0.0145158
-0.00765265,0.679881,-0.00101163,-1.75214,-0.00917486,1.07228,0.0145239
-0.00758627,0.67985,-0.00100072,-1.75005,-0.00917217,1.07022,0.0145247
-0.00751664,0.680029,-0.000989308,-1.74835,-0.00917218,1.06834,0.0145299
-0.00744978,0.680085,-0.00097849,-1.74647,-0.00917073,1.0664,0.0145322
-0.0073842,0.680337,-0.000967914,-1.74508,-0.00917193,1.06476,0.0145386
-0.00732272,0.680204,-0.000958198,-1.74297,-0.00916826,1.06278,0.0145365
-0.00725397,0.680158,-0.000947395,-1.74085,-0.00916556,1.06071,0.0145362
-0.00718241,0.680243,-0.000936223,-1.73895,-0.00916456,1.05873,0.0145385
-0.00711487,0.680532,-0.000925728,-1.73765,-0.00916642,1.05714,0.0145451
-0.00705428,0.680417,-0.000916488,-1.73566,-0.00916322,1.05525,0.0145428
-0.00699041,0.680548,-0.000906773,-1.73413,-0.00916321,1.0536,0.0145456
-0.0069298,0.680505,-0.000897669,-1.73232,-0.00916104,1.05183,0.0145446
-0.00686768,0.680518,-0.000888407,-1.7306,-0.00915962,1.0501,0.0145446
-0.00680537,0.680447,-0.00087921,-1.72871,-0.00915715,1.04827,0.0145427
-0.00673976,0.680298,-0.000869622,-1.72655,-0.00915361,1.04626,0.014539
-0.0066723,0.680508,-0.000859797,-1.72517,-0.00915482,1.04467,0.0145427
-0.00661264,0.680505,-0.000851214,-1.72354,-0.00915345,1.04304,0.0145418
-0.0065525,0.680328,-0.000842658,-1.7215,-0.00914981,1.04118,0.0145371
-0.00648965,0.680453,-0.000833752,-1.7201,-0.00915018,1.03965,0.0145387
-0.00643091,0.680261,-0.000825536,-1.71809,-0.00914647,1.03783,0.0145334
-0.0063691,0.680337,-0.000816932,-1.71662,-0.00914631,1.03629,0.0145337
-0.00631154,0.680266,-0.000809001,-1.71494,-0.00914431,1.03468,0.0145307
-0.00625317,0.68013,-0.000801027,-1.7131,-0.00914149,1.03298,0.0145263
-0.00619381,0.680156,-0.000792973,-1.71162,-0.00914086,1.03147,0.0145252
-0.00613632,0.679916,-0.000785252,-1.70959,-0.00913675,1.02967,0.0145183
-0.00607559,0.679988,-0.000777146,-1.7082,-0.00913682,1.02821,0.0145179
-0.00601885,0.679757,-0.000769647,-1.70622,-0.00913293,1.02647,0.014511
-0.00595573,0.679384,-0.000761373,-1.70377,-0.00912713,1.02439,0.0145008
-0.00588933,0.679761,-0.000752734,-1.70297,-0.00913133,1.02321,0.014506
-0.00583683,0.679483,-0.000745968,-1.70102,-0.00912702,1.02154,0.014498
-0.00577832,0.679249,-0.000738485,-1.69904,-0.00912327,1.01979,0.0144905
-0.00571817,0.679285,-0.000730856,-1.69764,-0.00912316,1.01836,0.0144885
-0.00565837,0.67856,-0.000723322,-1.69452,-0.00911294,1.01596,0.0144704
-0.00558422,0.678702,-0.000714086,-1.69305,-0.00911423,1.01434,0.0144696
-0.00552207,0.678776,-0.000706421,-1.69173,-0.00911478,1.01295,0.0144678
-0.00546448,0.678293,-0.000699355,-1.68924,-0.00910797,1.01095,0.0144545
-0.00539807,0.678159,-0.000691295,-1.68736,-0.00910582,1.0092,0.0144478
-0.00533585,0.678246,-0.000683826,-1.6861,-0.00910673,1.00785,0.0144458
-0.00528079,0.677939,-0.000677247,-1.68411,-0.00910242,1.00617,0.0144359
-0.00522392,0.677993,-0.000670531,-1.68292,-0.009103,1.00492,0.0144333
-0.00517135,0.677459,-0.000664322,-1.68048,-0.00909575,1.00302,0.0144187
-0.00510958,0.677358,-0.000657129,-1.67884,-0.00909434,1.00147,0.0144123
-0.0050473,0.676606,-0.000649874,-1.67569,-0.00908424,0.999077,0.0143922
-0.00497465,0.676907,-0.000641611,-1.67475,-0.00908837,0.997838,0.0143931
-0.00491638,0.676371,-0.000634958,-1.67222,-0.00908128,0.995836,0.0143775
-0.00485286,0.676555,-0.00062786,-1.67124,-0.00908394,0.994672,0.0143762
-0.00480078,0.676174,-0.000622022,-1.66921,-0.00907902,0.993028,0.0143641
-0.00474388,0.67588,-0.000615705,-1.66729,-0.00907534,0.991401,0.0143532
-0.00468738,0.675855,-0.00060952,-1.66601,-0.00907533,0.990145,0.0143478
-0.00463759,0.67567,-0.000604087,-1.66451,-0.00907316,0.988831,0.0143396
-0.00458908,0.675452,-0.000598825,-1.66297,-0.00907057,0.987506,0.0143307
-0.00453972,0.675056,-0.000593479,-1.661,-0.00906563,0.985936,0.014318
-0.0044853,0.674688,-0.000587635,-1.659,-0.00906113,0.984302,0.0143053
-0.00442966,0.674629,-0.00058176,-1.6577,-0.00906088,0.983058,0.0142987
-0.0043788,0.674169,-0.000576359,-1.65558,-0.00905522,0.981393,0.0142842
-0.00432376,0.674055,-0.000570624,-1.65417,-0.0090543,0.980104,0.0142763
-0.00427254,0.673626,-0.000565267,-1.65213,-0.00904912,0.978485,0.0142622
-0.00421605,0.673135,-0.000559396,-1.64983,-0.00904323,0.976684,0.0142462
-0.00415724,0.673183,-0.000553443,-1.64876,-0.00904471,0.975558,0.0142409
-0.00410746,0.672697,-0.000548336,-1.64663,-0.00903888,0.973913,0.0142255
-0.00405249,0.672391,-0.000542784,-1.64482,-0.0090356,0.972411,0.014213
-0.00399807,0.672064,-0.000537322,-1.64298,-0.00903209,0.970899,0.0142001
-0.00394322,0.671645,-0.000531839,-1.64093,-0.00902737,0.969263,0.0141852
-0.00388679,0.67138,-0.000526277,-1.63921,-0.00902483,0.96781,0.0141731
-0.00383353,0.671164,-0.000521075,-1.63767,-0.00902293,0.96649,0.0141622
-0.00378343,0.67081,-0.000516181,-1.63588,-0.00901914,0.965055,0.0141488
-0.0037326,0.670463,-0.000511253,-1.6341,-0.0090155,0.963621,0.0141354
-0.00363842,0.666105,-0.000534789,-1.63398,-0.00916122,0.967859,0.0142554
-0.00353281,0.660022,-0.000567777,-1.63346,-0.00934955,0.973419,0.01441
-0.00341539,0.65361,-0.000604379,-1.63361,-0.00956214,0.979975,0.0145867
-0.00330577,0.647472,-0.000636745,-1.63274,-0.00974743,0.985244,0.0147359
-0.00317987,0.640885,-0.000674148,-1.63283,-0.00996676,0.991923,0.0149162
-0.00306695,0.634761,-0.000705706,-1.63171,-0.0101486,0.996924,0.01506
-0.0029353,0.62808,-0.000742671,-1.63148,-0.0103668,1.00337,0.0152364
-0.0028154,0.621993,-0.00077504,-1.63079,-0.0105576,1.00877,0.0153876
-0.00269458,0.615867,-0.000806534,-1.62972,-0.0107431,1.01382,0.0155322
-0.00256447,0.609478,-0.00083988,-1.62883,-0.010942,1.01932,0.0156875
-0.00243475,0.603117,-0.000871916,-1.62754,-0.0111332,1.02439,0.015834
-0.00229614,0.596475,-0.00090533,-1.62623,-0.0113347,1.02973,0.0159877
-0.00215309,0.589674,-0.000938625,-1.62461,-0.0115365,1.0349,0.0161392
-0.0020007,0.582742,-0.000973565,-1.62342,-0.0117525,1.04065,0.0163026
-0.00185896,0.576386,-0.00100499,-1.62218,-0.0119487,1.04576,0.0164493
-0.00172533,0.570298,-0.0010332,-1.62033,-0.0121246,1.04999,0.0165766
-0.00158068,0.563937,-0.00106323,-1.6187,-0.0123154,1.05473,0.0167155
-0.00143938,0.55788,-0.00109185,-1.61725,-0.0125002,1.05934,0.0168496
-0.00130838,0.552098,-0.0011169,-1.61507,-0.0126614,1.06293,0.0169615
-0.00116196,0.545893,-0.00114454,-1.61313,-0.0128435,1.0672,0.0170894
-0.00101757,0.539726,-0.00117056,-1.61074,-0.0130161,1.07097,0.0172072
-0.000862192,0.533334,-0.00119803,-1.60861,-0.013203,1.07523,0.0173357
-0.000713039,0.527449,-0.00122393,-1.60703,-0.0133839,1.07954,0.0174615
-0.000588326,0.522215,-0.00124386,-1.60447,-0.0135222,1.08221,0.0175503
-0.000444345,0.516394,-0.00126656,-1.60197,-0.0136838,1.08554,0.0176558
-0.000296233,0.510644,-0.00128952,-1.59989,-0.0138522,1.0892,0.0177672
-0.000163071,0.505292,-0.00130877,-1.5972,-0.0139944,1.09186,0.0178559
-1.77064e-05,0.499701,-0.00132955,-1.59484,-0.0141528,1.09509,0.0179569
0.000118994,0.494354,-0.00134796,-1.5921,-0.0142954,1.0977,0.018044
0.00026276,0.488937,-0.00136697,-1.58966,-0.0144475,1.10067,0.0181385
0.000396299,0.483827,-0.00138359,-1.58694,-0.0145831,1.10307,0.0182193
0.000533556,0.478509,-0.00139968,-1.58375,-0.0147174,1.10519,0.0182959
0.000686563,0.472954,-0.00141767,-1.58117,-0.0148741,1.10816,0.0183902
0.000820379,0.467856,-0.0014319,-1.57795,-0.015001,1.11004,0.01846
0.000968749,0.462531,-0.00144769,-1.57524,-0.0151478,1.11265,0.0185452
0.0011005,0.457547,-0.0014602,-1.57184,-0.0152679,1.11424,0.0186079
0.0012495,0.451982,-0.00147369,-1.56804,-0.0154028,1.116,0.0186776
0.00141448,0.44617,-0.00148851,-1.56475,-0.0155585,1.11852,0.0187628
0.00156266,0.440889,-0.00150066,-1.56139,-0.0156933,1.12045,0.018833
0.00170614,0.435682,-0.00151127,-1.55768,-0.0158182,1.12194,0.0188939
0.00185963,0.430402,-0.0015225,-1.55446,-0.0159573,1.124,0.0189658
0.0019943,0.425567,-0.00153095,-1.55084,-0.016071,1.12521,0.0190183
0.00213825,0.420607,-0.00153974,-1.54749,-0.0161961,1.12682,0.0190788
0.0022705,0.415789,-0.00154629,-1.54343,-0.0163012,1.12758,0.019122
0.00242352,0.410418,-0.00155357,-1.53925,-0.0164263,1.12877,0.0191761
0.00258186,0.405134,-0.00156087,-1.53565,-0.0165609,1.13045,0.0192387
0.00271621,0.400278,-0.00156511,-1.53125,-0.016662,1.13091,0.019275
0.00287397,0.394855,-0.00156997,-1.52685,-0.0167866,1.13193,0.0193249
0.00303242,0.389731,-0.00157476,-1.52332,-0.0169186,1.13353,0.0193836
0.00315641,0.385376,-0.00157668,-1.51932,-0.0170099,1.13388,0.019414
0.00329325,0.380754,-0.0015786,-1.51541,-0.0171144,1.13459,0.0194523
0.00342453,0.376202,-0.00157931,-1.51117,-0.0172094,1.1349,0.0194822
0.00356511,0.371475,-0.00157971,-1.507,-0.0173139,1.13546,0.0195175
0.00370091,0.366928,-0.00157932,-1.50294,-0.0174137,1.13595,0.01955
0.00382946,0.362431,-0.00157756,-1.49837,-0.0175009,1.13587,0.0195712
0.00397475,0.357697,-0.00157585,-1.49425,-0.0176083,1.13648,0.0196062
0.00410084,0.353389,-0.00157291,-1.48993,-0.017694,1.13647,0.0196269
0.00423304,0.349041,-0.00156962,-1.48587,-0.0177877,1.13676,0.0196532
0.00435308,0.344947,-0.00156542,-1.48163,-0.0178671,1.13661,0.0196696
0.00447628,0.340621,-0.00155996,-1.47679,-0.0179437,1.1361,0.01968
0.00461884,0.336009,-0.00155417,-1.47242,-0.018043,1.13634,0.0197054
0.00474071,0.331839,-0.00154761,-1.46785,-0.0181198,1.13594,0.0197164
0.00486813,0.327505,-0.00154008,-1.46309,-0.0181998,1.13551,0.0197273
0.00499923,0.323118,-0.00153176,-1.45836,-0.0182832,1.13517,0.0197396
0.00512251,0.318606,-0.00152165,-1.45255,-0.0183487,1.13387,0.0197343
0.00528509,0.313632,-0.00151099,-1.44808,-0.0184639,1.13438,0.0197637
0.00539135,0.30968,-0.00150046,-1.44275,-0.0185165,1.13299,0.0197537
0.00553211,0.30498,-0.00148776,-1.43741,-0.0186019,1.13235,0.01976
0.00566694,0.300607,-0.00147515,-1.43267,-0.0186867,1.13199,0.0197695
0.00577851,0.296623,-0.00146241,-1.42746,-0.0187446,1.13076,0.0197614
0.00590867,0.29236,-0.00144833,-1.42263,-0.0188236,1.13019,0.0197661
0.00601932,0.288472,-0.00143445,-1.41759,-0.0188817,1.12904,0.0197583
0.00613971,0.284466,-0.00141954,-1.41281,-0.0189514,1.12827,0.0197575
0.00624555,0.28069,-0.00140457,-1.40771,-0.0190041,1.12695,0.0197456
0.00636067,0.276604,-0.00138761,-1.4022,-0.0190615,1.12552,0.0197324
0.00648402,0.272334,-0.00136906,-1.39663,-0.0191259,1.12421,0.0197215
0.00660515,0.268153,-0.00134997,-1.39114,-0.019189,1.12291,0.0197101
0.00672012,0.264068,-0.0013304,-1.38551,-0.0192447,1.12136,0.0196934
0.00684227,0.260052,-0.00131031,-1.38059,-0.0193137,1.12046,0.0196879
0.00693586,0.256548,-0.00129205,-1.37534,-0.0193526,1.11871,0.0196653
0.00704705,0.252782,-0.00127164,-1.37043,-0.0194112,1.11756,0.0196541
0.00713849,0.249329,-0.00125232,-1.36515,-0.0194477,1.11574,0.0196294
0.00724238,0.245496,-0.00123011,-1.35944,-0.0194919,1.11386,0.0196044
0.00735514,0.241598,-0.00120657,-1.35412,-0.0195481,1.11244,0.0195874
0.00744756,0.23796,-0.00118406,-1.34821,-0.0195797,1.11017,0.0195543
0.00756145,0.233897,-0.00115781,-1.34237,-0.019632,1.10839,0.0195304
0.00766202,0.230017,-0.00113207,-1.33618,-0.0196686,1.10608,0.0194963
0.00777443,0.225921,-0.00110376,-1.33008,-0.0197172,1.10408,0.0194677
0.00788089,0.222135,-0.00107656,-1.3246,-0.0197662,1.10238,0.0194438
0.00796653,0.218685,-0.00105144,-1.31879,-0.0197925,1.10002,0.019407
0.00806661,0.214942,-0.0010231,-1.31299,-0.0198326,1.09797,0.0193758
0.00815825,0.211368,-0.000995379,-1.30716,-0.0198646,1.09571,0.0193405
0.00824946,0.207726,-0.000966442,-1.30107,-0.0198937,1.09326,0.0193013
0.00834365,0.203938,-0.000935516,-1.29467,-0.0199231,1.09065,0.0192594
0.00844574,0.200161,-0.0009033,-1.28888,-0.0199657,1.08863,0.0192275
0.00852514,0.196838,-0.000874774,-1.28303,-0.0199866,1.08612,0.0191859
0.0086132,0.193377,-0.000843979,-1.27733,-0.0200171,1.08387,0.0191492
0.00869256,0.190145,-0.000814672,-1.2718,-0.0200412,1.08158,0.019111
0.00876517,0.186912,-0.000785137,-1.26579,-0.0200545,1.0788,0.019064
0.00885345,0.18346,-0.000752078,-1.26015,-0.0200864,1.07661,0.0190273
0.00892557,0.180449,-0.000722902,-1.25488,-0.0201065,1.07435,0.0189889
0.00899104,0.177507,-0.000694186,-1.24939,-0.0201184,1.0718,0.0189449
0.0090604,0.174369,-0.000662974,-1.2435,-0.0201305,1.06905,0.0188974
0.0091367,0.171129,-0.000629638,-1.23776,-0.0201509,1.06655,0.0188542
0.00920038,0.168019,-0.000597783,-1.23159,-0.0201554,1.06349,0.0188006
0.00927765,0.164599,-0.000561356,-1.22532,-0.0201725,1.06064,0.0187508
0.00935298,0.161405,-0.00052626,-1.21971,-0.0201939,1.05823,0.0187082
0.00940957,0.158554,-0.000495309,-1.21396,-0.0201962,1.05533,0.0186568
0.00947641,0.155489,-0.000460807,-1.20821,-0.0202087,1.05264,0.0186092
0.00953782,0.152606,-0.000427862,-1.20272,-0.0202185,1.05003,0.0185626
0.00958747,0.149737,-0.000395678,-1.19645,-0.02021,1.04663,0.0185018
0.00966065,0.146437,-0.000356247,-1.1904,-0.0202269,1.04389,0.0184523
0.00971294,0.143523,-0.000322067,-1.1842,-0.0202222,1.0406,0.0183931
0.00977442,0.140324,-0.000283401,-1.17771,-0.0202242,1.0373,0.0183335
0.00983634,0.137152,-0.00024418,-1.17135,-0.0202283,1.03412,0.0182758
0.0098933,0.134119,-0.000206226,-1.16515,-0.0202291,1.03095,0.018218
0.00994943,0.13118,-0.000168653,-1.15922,-0.020232,1.02796,0.0181633
0.00999261,0.128344,-0.000133117,-1.15273,-0.0202173,1.02431,0.0180969
0.0100542,0.125175,-9.10454e-05,-1.14647,-0.0202234,1.02122,0.0180398
0.0101017,0.122407,-5.44157e-05,-1.14057,-0.020219,1.01809,0.0179823
0.0101476,0.119696,-1.80471e-05,-1.13477,-0.020214,1.01499,0.0179253
0.0101904,0.117045,1.78055e-05,-1.12897,-0.0202063,1.01184,0.0178672
0.0102324,0.114397,5.40625e-05,-1.12315,-0.020198,1.00867,0.0178085
0.0102734,0.111775,9.04504e-05,-1.11736,-0.0201893,1.00551,0.01775
0.0103122,0.109193,0.000126571,-1.11157,-0.0201786,1.0023,0.0176906
0.0103456,0.106575,0.000162922,-1.1053,-0.0201586,0.998648,0.0176231
0.010391,0.103739,0.00020418,-1.0992,-0.0201528,0.995389,0.0175622
0.0104253,0.101188,0.00024093,-1.09327,-0.0201373,0.992005,0.0174993
0.0104622,0.0986155,0.000278848,-1.08748,-0.0201261,0.988791,0.0174393
0.0104929,0.0961795,0.000314641,-1.08172,-0.020109,0.985465,0.0173773
0.0105189,0.0936576,0.000351329,-1.07536,-0.0200824,0.981628,0.0173062
0.0105605,0.0909049,0.000393912,-1.06942,-0.0200759,0.978435,0.0172459
0.0105831,0.0885689,0.000428652,-1.06347,-0.0200499,0.974828,0.0171789
0.0106157,0.0860218,0.000468208,-1.05759,-0.0200352,0.971497,0.0171162
0.0106353,0.0836436,0.000503973,-1.05135,-0.0200043,0.96763,0.0170444
0.0106757,0.0810494,0.000546443,-1.04596,-0.0200027,0.964834,0.0169908
0.0106914,0.0791461,0.000575827,-1.041,-0.0199789,0.961786,0.016934
0.0107165,0.0771174,0.00060877,-1.03636,-0.0199678,0.959165,0.0168843
0.0107231,0.0753157,0.000635814,-1.03109,-0.019932,0.9557,0.0168203
0.0107435,0.0729976,0.000672875,-1.02522,-0.0199066,0.952154,0.0167538
0.0107636,0.0706906,0.000710146,-1.01939,-0.0198815,0.948632,0.0166876
0.0107859,0.0684549,0.000747157,-1.01399,-0.0198625,0.945461,0.0166276
0.0108015,0.0664604,0.000779837,-1.00887,-0.0198389,0.94234,0.016569
0.0108109,0.0644753,0.00081165,-1.00334,-0.0198054,0.938795,0.0165029
0.0108305,0.0622825,0.000848694,-0.997951,-0.0197846,0.935598,0.0164423
0.0108381,0.060318,0.000880572,-0.992409,-0.0197497,0.932021,0.0163756
0.0108557,0.0581559,0.000917536,-0.987018,-0.0197273,0.928793,0.0163145
0.0108655,0.056243,0.000949607,-0.981846,-0.0196983,0.925534,0.0162533
0.0108767,0.0543192,0.000982392,-0.976771,-0.0196719,0.922383,0.0161939
0.0108797,0.0524562,0.00101308,-0.971291,-0.0196335,0.918767,0.0161265
0.0108936,0.0503588,0.00104976,-0.965938,-0.0196087,0.915511,0.0160648
0.0108999,0.0485219,0.00108118,-0.960837,-0.0195775,0.912247,0.0160036
0.0109074,0.0466789,0.00111318,-0.955828,-0.0195485,0.909082,0.015944
0.0109066,0.0448906,0.00114308,-0.950386,-0.0195072,0.905429,0.0158759
0.0109164,0.0428549,0.00117929,-0.945026,-0.019479,0.902104,0.015813
0.0109201,0.0410644,0.00121055,-0.939959,-0.0194461,0.898828,0.0157515
0.0109227,0.0392913,0.00124159,-0.934891,-0.0194124,0.895534,0.0156896
0.0109196,0.0375093,0.00127203,-0.929394,-0.0193692,0.891819,0.0156204
0.0109261,0.035529,0.00130787,-0.924053,-0.0193385,0.888459,0.0155568
0.0109263,0.033801,0.00133846,-0.919012,-0.019303,0.885147,0.0154947
0.0109301,0.0320973,0.00136948,-0.914334,-0.0192745,0.882172,0.0154385
0.0109203,0.0305734,0.00139509,-0.909177,-0.0192269,0.87854,0.0153712
0.0109225,0.0286865,0.00142958,-0.903901,-0.0191931,0.87515,0.0153072
0.0109197,0.0270127,0.00145955,-0.898877,-0.0191551,0.871801,0.0152445
0.0109162,0.0253475,0.00148947,-0.893856,-0.0191168,0.868445,0.0151816
0.0109068,0.0236864,0.00151847,-0.888424,-0.0190689,0.864676,0.0151115
0.010906,0.02183,0.00155284,-0.883112,-0.0190324,0.86122,0.0150464
0.0109007,0.0202002,0.00158241,-0.87812,-0.0189928,0.857858,0.0149834
0.010894,0.0186024,0.00161135,-0.873142,-0.018952,0.854479,0.0149203
0.0108818,0.0170007,0.00163955,-0.867762,-0.0189022,0.850701,0.0148501
0.0108827,0.0152216,0.00167369,-0.862901,-0.018872,0.847619,0.0147916
0.0108689,0.0138567,0.00169744,-0.858095,-0.0188243,0.844178,0.0147279
0.0108572,0.0122408,0.00172656,-0.852775,-0.0187762,0.840475,0.014659
0.0108446,0.0105522,0.00175712,-0.847221,-0.0187259,0.83661,0.014587
0.0108331,0.00881605,0.00178901,-0.841645,-0.0186771,0.83277,0.0145154
0.0108237,0.00712814,0.00182054,-0.836383,-0.0186331,0.829197,0.0144485
0.0108122,0.00559073,0.00184893,-0.831398,-0.0185886,0.82575,0.0143842
0.0107995,0.0041078,0.00187616,-0.826484,-0.0185432,0.822319,0.0143203
0.0107806,0.00263959,0.00190214,-0.821168,-0.018488,0.818472,0.0142492
0.0107694,0.000977389,0.00193356,-0.81594,-0.0184432,0.814906,0.0141825
0.0107552,-0.000482256,0.00196052,-0.811045,-0.0183968,0.811471,0.0141186
0.0107397,-0.0018996,0.00198654,-0.806184,-0.0183493,0.808028,0.0140547
0.0107239,-0.00331223,0.00201254,-0.801334,-0.0183017,0.804591,0.0139909
0.0107126,-0.00470731,0.00203911,-0.796879,-0.0182622,0.801532,0.0139337
0.0104669,-0.00577625,0.00201661,-0.775588,-0.0178267,0.781311,0.0135788
0.0105557,-0.0152093,0.00222599,-0.758727,-0.0178552,0.773885,0.0134235
0.0104809,-0.0165136,0.00224021,-0.749891,-0.0177115,0.766354,0.0132887
0.0104757,-0.0196456,0.00230589,-0.741918,-0.0176661,0.761514,0.0131957
0.0104517,-0.0210789,0.00233235,-0.736665,-0.0176088,0.757695,0.0131253
0.0104236,-0.0224017,0.00235583,-0.7314,-0.0175463,0.753753,0.013053
0.0104009,-0.0237975,0.00238193,-0.726384,-0.0174925,0.750133,0.0129861
0.0103731,-0.0250053,0.00240317,-0.721455,-0.0174324,0.746412,0.012918
0.0103437,-0.0262796,0.00242562,-0.716264,-0.0173692,0.742496,0.0128463
0.0103192,-0.0276186,0.00245044,-0.711315,-0.0173141,0.738886,0.0127798
0.0102866,-0.0287718,0.00246984,-0.706203,-0.0172472,0.734928,0.0127077
0.0102625,-0.0301241,0.00249518,-0.701292,-0.0171933,0.731369,0.0126421
0.0102377,-0.0312428,0.00251536,-0.696889,-0.0171409,0.728086,0.0125819
0.0102071,-0.032268,0.0025325,-0.692271,-0.0170795,0.724494,0.0125166
0.0101742,-0.0334223,0.00255212,-0.687207,-0.0170133,0.720584,0.0124454
0.0101471,-0.0346816,0.00257514,-0.682359,-0.0169564,0.716996,0.0123796
0.0101192,-0.0357656,0.00259421,-0.677863,-0.0168999,0.713584,0.0123173
0.0100903,-0.0368009,0.00261205,-0.673407,-0.0168423,0.710164,0.012255
0.0100532,-0.0378073,0.00262785,-0.668423,-0.0167713,0.706187,0.0121832
0.0100249,-0.0390639,0.00265081,-0.66357,-0.0167136,0.70259,0.0121173
0.00999407,-0.040083,0.00266809,-0.659058,-0.0166537,0.699099,0.0120538
0.00996333,-0.0411033,0.00268545,-0.654566,-0.0165942,0.695627,0.0119908
0.00992649,-0.0420761,0.00270069,-0.649735,-0.0165249,0.69177,0.0119211
0.00989545,-0.0432219,0.00272086,-0.644985,-0.0164644,0.688165,0.0118554
0.00986306,-0.0442073,0.00273724,-0.640489,-0.0164031,0.684656,0.0117918
0.00983081,-0.0451812,0.00275341,-0.636043,-0.0163422,0.681183,0.0117289
0.00979282,-0.0461033,0.00276743,-0.631292,-0.0162722,0.677356,0.01166
0.00976146,-0.0471909,0.00278635,-0.626705,-0.0162126,0.673856,0.0115964
0.00972723,-0.0480866,0.00280049,-0.622316,-0.0161496,0.670364,0.0115334
0.00969351,-0.0490149,0.00281546,-0.617911,-0.0160874,0.666888,0.0114706
0.00965381,-0.0498859,0.0028281,-0.613194,-0.0160157,0.663042,0.0114016
0.00961451,-0.0508953,0.00284394,-0.60824,-0.0159441,0.659097,0.0113305
0.00957493,-0.0518902,0.00285942,-0.603311,-0.0158724,0.655163,0.0112597
0.00953481,-0.0528658,0.00287438,-0.598396,-0.0158001,0.651224,0.0111888
0.00949541,-0.0538356,0.00288935,-0.593561,-0.0157292,0.64736,0.0111193
0.0094506,-0.054733,0.00290174,-0.588487,-0.0156499,0.643183,0.0110446
0.00941832,-0.0558166,0.00292054,-0.583985,-0.015591,0.639766,0.0109826
0.00938159,-0.0565456,0.00293056,-0.579862,-0.0155263,0.636372,0.0109219
0.0093469,-0.0573519,0.00294269,-0.57575,-0.015465,0.633067,0.0108626
0.00930204,-0.058034,0.00295023,-0.571141,-0.0153871,0.629141,0.0107928
0.00926603,-0.0590034,0.00296579,-0.566643,-0.0153233,0.625612,0.0107293
0.00922871,-0.0597449,0.00297599,-0.562495,-0.0152582,0.622206,0.0106685
0.00919127,-0.0604859,0.00298614,-0.558352,-0.0151931,0.618804,0.0106077
0.00914886,-0.061181,0.00299438,-0.553941,-0.01512,0.615089,0.0105416
0.00910482,-0.0619682,0.0030044,-0.549249,-0.015044,0.611185,0.0104721
0.00906598,-0.0628177,0.00301672,-0.544834,-0.0149768,0.607619,0.0104083
0.00903523,-0.0635832,0.00302857,-0.541176,-0.0149234,0.604727,0.0103564
0.00898873,-0.0640243,0.00303033,-0.536977,-0.0148447,0.60097,0.0102903
0.00894449,-0.0648301,0.00304068,-0.532283,-0.014769,0.597082,0.0102211
0.00889975,-0.0655735,0.00304951,-0.527679,-0.0146928,0.593221,0.0101525
0.00886052,-0.0663488,0.00306002,-0.523429,-0.0146259,0.589747,0.0100906
0.00882172,-0.066983,0.00306742,-0.519475,-0.0145602,0.586428,0.0100317
0.0087756,-0.0675336,0.00307163,-0.515148,-0.0144825,0.582652,0.00996509
0.00873715,-0.0682946,0.0030819,-0.511013,-0.0144173,0.579278,0.00990502
0.00869133,-0.0688096,0.00308533,-0.506789,-0.0143404,0.575569,0.00983968
0.00865002,-0.0695094,0.00309367,-0.502574,-0.0142709,0.572055,0.00977737
0.00860913,-0.0700964,0.00309954,-0.498598,-0.0142024,0.568666,0.00971747
0.00856861,-0.0706628,0.003105,-0.494692,-0.0141345,0.565327,0.0096585
0.00852229,-0.0711591,0.00310784,-0.490498,-0.0140573,0.56163,0.00959348
0.00848134,-0.0718121,0.00311509,-0.486429,-0.013989,0.558214,0.00953306
0.00844036,-0.0723318,0.00311936,-0.482595,-0.0139208,0.5549,0.00947467
0.00839914,-0.0728389,0.00312327,-0.478773,-0.0138523,0.551585,0.00941632
0.00835178,-0.073284,0.00312469,-0.474622,-0.0137738,0.54788,0.00935134
0.00830818,-0.073878,0.00313005,-0.470498,-0.0137015,0.54435,0.00928916
0.00826247,-0.0743549,0.0031324,-0.466428,-0.0136259,0.540757,0.00922611
0.00822105,-0.0749029,0.00313707,-0.462553,-0.0135575,0.537431,0.00916757
0.00817974,-0.0753478,0.00313946,-0.458866,-0.0134894,0.534189,0.0091107
0.0081316,-0.0757178,0.00313894,-0.454821,-0.0134101,0.530514,0.0090465
0.00808373,-0.076216,0.00314125,-0.450591,-0.0133313,0.526783,0.00898111
0.00803583,-0.0766869,0.00314292,-0.446414,-0.0132526,0.523077,0.00891623
0.00799329,-0.0771946,0.00314633,-0.442564,-0.0131828,0.519735,0.00885762
0.00795097,-0.0775841,0.00314717,-0.438929,-0.0131135,0.51649,0.00880089
0.00790913,-0.0779674,0.00314793,-0.435344,-0.0130449,0.513288,0.00874494
0.00786041,-0.0782613,0.00314545,-0.43142,-0.0129651,0.509659,0.00868176
0.00781732,-0.0787336,0.00314786,-0.427616,-0.0128948,0.506327,0.00862348
0.00777471,-0.0790801,0.00314758,-0.424053,-0.0128252,0.503111,0.0085674
0.00773198,-0.0794119,0.00314694,-0.42051,-0.0127554,0.4999,0.00851146
0.00769493,-0.0797937,0.00314839,-0.417294,-0.0126951,0.497067,0.00846196
0.00765312,-0.080008,0.00314532,-0.41401,-0.0126269,0.493997,0.00840866
0.00760437,-0.0802369,0.00314125,-0.410219,-0.0125474,0.490435,0.00834687
0.00755062,-0.0805226,0.00313744,-0.405993,-0.0124598,0.486495,0.00827848
0.00748382,-0.0807355,0.00312958,-0.400969,-0.0123508,0.481684,0.0081952
0.0074318,-0.081321,0.00313238,-0.396418,-0.0122667,0.477719,0.00812602
0.00738184,-0.0816229,0.00312948,-0.392454,-0.0121856,0.474057,0.00806251
0.00732265,-0.0817926,0.00312198,-0.388052,-0.0120893,0.469826,0.00798936
0.00727284,-0.0822163,0.00312159,-0.383928,-0.0120088,0.466125,0.00792506
0.00722405,-0.0824559,0.00311746,-0.380159,-0.0119297,0.462596,0.00786398
0.00717437,-0.0826693,0.00311256,-0.376373,-0.0118492,0.459024,0.00780221
0.00712436,-0.0828808,0.00310751,-0.372572,-0.0117681,0.455434,0.00774016
0.00706367,-0.0829577,0.00309755,-0.368233,-0.0116695,0.451173,0.00766673
0.00702212,-0.0834255,0.00309941,-0.364651,-0.0116029,0.448059,0.00761263
0.00697332,-0.0834542,0.00309064,-0.36122,-0.0115237,0.444657,0.00755407
0.00692395,-0.0836173,0.00308455,-0.357555,-0.0114438,0.441156,0.00749368
0.00687969,-0.0838248,0.00308032,-0.354184,-0.0113724,0.437992,0.00743907
0.00684161,-0.0840134,0.00307687,-0.351272,-0.011311,0.435269,0.00739208
0.00678937,-0.0839255,0.0030649,-0.347786,-0.011226,0.431695,0.00733075
0.00673348,-0.0840183,0.00305591,-0.343788,-0.0111356,0.42779,0.00726359
0.00668444,-0.0842171,0.00305041,-0.340116,-0.0110566,0.424318,0.00720376
0.00662947,-0.0842144,0.00303955,-0.336329,-0.0109675,0.420528,0.0071387
0.00658361,-0.0844186,0.0030347,-0.332877,-0.0108937,0.417281,0.00708279
0.00653425,-0.0844132,0.00302483,-0.329488,-0.0108138,0.413886,0.00702455
0.00647869,-0.0843843,0.0030132,-0.325709,-0.0107238,0.410079,0.00695926
0.00642916,-0.0845075,0.00300584,-0.322133,-0.010644,0.406626,0.00689996
0.00637939,-0.0845142,0.00299602,-0.318708,-0.0105635,0.403209,0.00684137
0.00632864,-0.0845096,0.00298573,-0.315237,-0.0104815,0.399732,0.00678181
0.00627344,-0.084445,0.0029733,-0.311547,-0.0103921,0.395978,0.00671754
0.00622711,-0.0845501,0.00296604,-0.308231,-0.0103176,0.392768,0.00666248
0.00617632,-0.0844476,0.00295367,-0.304902,-0.0102353,0.389336,0.00660381
0.00612751,-0.084438,0.00294352,-0.301582,-0.0101565,0.386007,0.00654683
0.00607285,-0.0842992,0.00292957,-0.298045,-0.0100678,0.382332,0.00648404
0.00602003,-0.0842577,0.00291789,-0.294502,-0.00998252,0.378748,0.00642276
0.00597578,-0.0842889,0.00290938,-0.291447,-0.00991129,0.375724,0.00637104
0.00592526,-0.0841069,0.00289532,-0.288258,-0.00982926,0.372353,0.00631353
0.00587189,-0.0839694,0.00288152,-0.284818,-0.00974282,0.368776,0.00625249
0.0058219,-0.0838949,0.00286962,-0.281525,-0.00966205,0.365408,0.00619499
0.0057745,-0.0837982,0.0028578,-0.27844,-0.00958541,0.362227,0.00614072
0.00572939,-0.0836948,0.0028463,-0.275522,-0.00951245,0.359205,0.00608919
0.0056805,-0.0834993,0.00283217,-0.272473,-0.00943309,0.355961,0.00603392
0.00563805,-0.0834393,0.00282202,-0.269681,-0.00936461,0.35311,0.00598529
0.00558869,-0.0831804,0.0028065,-0.266689,-0.0092843,0.349859,0.00592996
0.00554588,-0.0831041,0.0027959,-0.263899,-0.00921521,0.346993,0.00588111
0.00549107,-0.0827469,0.00277727,-0.260673,-0.00912582,0.34341,0.00582018
0.00543605,-0.0825291,0.00276124,-0.25725,-0.00903661,0.33977,0.00575823
0.00537013,-0.0821172,0.00273909,-0.253353,-0.0089292,0.33546,0.00568496
0.00531387,-0.0819653,0.00272397,-0.249765,-0.0088383,0.331721,0.00562134
0.0052661,-0.0818037,0.00271048,-0.246764,-0.008761,0.328558,0.00556755
0.00521653,-0.0815177,0.0026942,-0.243807,-0.00868037,0.325316,0.00551246
0.00517167,-0.0813231,0.00268066,-0.241048,-0.00860764,0.322363,0.00546227
0.00512585,-0.0810482,0.00266537,-0.238332,-0.0085331,0.319372,0.00541147
0.00507105,-0.0806368,0.00264549,-0.235193,-0.00844363,0.315821,0.0053512
0.00502259,-0.0804098,0.00263045,-0.23224,-0.00836504,0.312641,0.0052972
0.00497315,-0.0800785,0.00261322,-0.229358,-0.00828449,0.309428,0.00524268
0.00492087,-0.0797077,0.00259459,-0.226339,-0.00819926,0.306039,0.00518516
0.00487185,-0.0794055,0.00257794,-0.223451,-0.00811952,0.302849,0.00513104
0.00481762,-0.0789706,0.00255762,-0.220387,-0.00803092,0.29935,0.00507171
0.00477033,-0.0786929,0.00254176,-0.217586,-0.00795406,0.296271,0.0050195
0.0047226,-0.0783231,0.00252407,-0.214875,-0.00787615,0.293191,0.00496727
0.00467058,-0.0778824,0.00250407,-0.21197,-0.0077911,0.289845,0.00491056
0.00462543,-0.0775853,0.00248827,-0.209341,-0.00771762,0.286919,0.00486097
0.00457901,-0.0771882,0.00247032,-0.206755,-0.00764172,0.283937,0.00481043
0.00453628,-0.0768618,0.00245449,-0.204326,-0.007572,0.281181,0.00476375
0.00449006,-0.0764321,0.00243596,-0.201797,-0.00749631,0.278223,0.00471364
0.00444848,-0.0761069,0.00242039,-0.199445,-0.00742845,0.275545,0.00466829
0.00440567,-0.0757082,0.00240318,-0.197105,-0.00735835,0.272807,0.00462192
0.00436008,-0.0752676,0.00238454,-0.194634,-0.0072836,0.269895,0.00457261
0.00430879,-0.0747423,0.00236302,-0.191892,-0.00719942,0.266628,0.00451729
0.00425524,-0.0742128,0.00234087,-0.189006,-0.0071116,0.263213,0.00445948
0.00420798,-0.0737962,0.00232221,-0.186397,-0.00703432,0.260187,0.00440828
0.00416207,-0.0733398,0.00230315,-0.183927,-0.00695902,0.257262,0.00435876
0.004119,-0.0729177,0.00228535,-0.181604,-0.00688842,0.254516,0.00431231
0.00407174,-0.0723907,0.00226467,-0.179135,-0.00681069,0.25152,0.00426161
0.00402685,-0.0719308,0.00224574,-0.17674,-0.00673702,0.248665,0.0042133
0.00398043,-0.0714137,0.00222541,-0.174315,-0.00666068,0.245724,0.00416353
0.00394017,-0.0710113,0.00220858,-0.172155,-0.00659465,0.243162,0.0041202
0.00389412,-0.0704502,0.00218753,-0.169811,-0.00651873,0.240256,0.00407105
0.00384741,-0.0699137,0.00216675,-0.167393,-0.00644184,0.237302,0.00402107
0.00380025,-0.069361,0.00214555,-0.164966,-0.00636417,0.234322,0.00397067
0.00375232,-0.0687877,0.00212379,-0.162514,-0.00628518,0.231297,0.0039195
0.00371171,-0.0683445,0.00210609,-0.160385,-0.00621846,0.228725,0.00387602
0.00365895,-0.0676193,0.00208046,-0.157802,-0.0061311,0.225417,0.00382005
0.00362054,-0.0672335,0.00206427,-0.155749,-0.00606813,0.222978,0.00377884
0.00357502,-0.0666096,0.00204218,-0.15352,-0.00599279,0.220125,0.00373057
0.00352978,-0.0660341,0.00202099,-0.15125,-0.0059181,0.21728,0.00368246
0.00348961,-0.0655403,0.00200246,-0.149214,-0.00585187,0.214751,0.0036397
0.00345304,-0.0650765,0.00198533,-0.147378,-0.00579149,0.212451,0.00360082
0.00340591,-0.064388,0.00196169,-0.145124,-0.00571331,0.209508,0.00355103
0.00335871,-0.0637523,0.00193892,-0.1428,-0.00563523,0.206548,0.00350099
0.00331101,-0.0630947,0.00191564,-0.140471,-0.00555628,0.203562,0.00345049
0.00326466,-0.0624564,0.00189302,-0.138207,-0.00547954,0.20066,0.00340141
0.00322072,-0.0618482,0.00187152,-0.136066,-0.0054068,0.19791,0.00335492
0.00317398,-0.0611654,0.00184802,-0.133831,-0.00532926,0.194993,0.00330558
0.0031284,-0.0605119,0.00182531,-0.131637,-0.00525372,0.192146,0.00325744
0.00308042,-0.0597963,0.00180093,-0.129361,-0.00517405,0.189154,0.00320684
0.00303503,-0.0591347,0.00177811,-0.127191,-0.00509877,0.186322,0.00315895
0.00298871,-0.0584334,0.00175437,-0.125007,-0.00502183,0.183437,0.00311016
0.00294114,-0.0577041,0.00172984,-0.122776,-0.00494277,0.180477,0.00306009
0.00289399,-0.05698,0.00170549,-0.120566,-0.00486441,0.177543,0.00301047
0.00285156,-0.0563382,0.00168373,-0.118566,-0.00479392,0.174901,0.00296579
0.00280708,-0.0556284,0.0016603,-0.116514,-0.00471989,0.172139,0.00291907
0.00276089,-0.0548867,0.00163589,-0.114388,-0.00464298,0.169272,0.00287057
0.00271279,-0.0541056,0.00161031,-0.112186,-0.00456285,0.166289,0.00282009
0.0026689,-0.0534073,0.0015872,-0.110159,-0.0044898,0.163564,0.00277399
0.00262448,-0.0526745,0.00156338,-0.108139,-0.00441574,0.160811,0.00272741
0.0025796,-0.051928,0.00153921,-0.106105,-0.00434091,0.158031,0.00268038
0.00253515,-0.0511844,0.00151519,-0.104097,-0.00426677,0.155279,0.0026338
0.00248776,-0.0503727,0.00148926,-0.101978,-0.00418764,0.152349,0.00258421
0.00244547,-0.0496666,0.00146642,-0.100066,-0.00411711,0.14973,0.0025399
0.00240512,-0.0489763,0.00144435,-0.0982607,-0.00404974,0.147235,0.00249768
0.0023573,-0.0481223,0.0014176,-0.0961651,-0.00396975,0.144285,0.00244773
0.00231293,-0.0473546,0.00139318,-0.0941909,-0.00389563,0.141543,0.00240133
0.00226405,-0.0464765,0.00136575,-0.0920548,-0.00381384,0.138529,0.00235029
0.00222569,-0.0458205,0.00134475,-0.0903393,-0.00374979,0.136158,0.00231016
0.00217336,-0.0448411,0.00131473,-0.0880989,-0.00366205,0.132938,0.00225561
0.00212961,-0.0440696,0.00129039,-0.0861701,-0.0035889,0.130238,0.00220991
0.00208688,-0.0432894,0.00126619,-0.084318,-0.00351735,0.127606,0.00216533
0.0020382,-0.0423777,0.00123824,-0.0822349,-0.00343572,0.124611,0.00211459
0.00199601,-0.0416086,0.00121436,-0.0804052,-0.00336508,0.122012,0.00207059
0.00195193,-0.0407788,0.00118898,-0.0785239,-0.00329115,0.119301,0.00202466
0.0019112,-0.040018,0.00116562,-0.0767791,-0.00322286,0.116795,0.00198222
0.00184324,-0.0386737,0.00112544,-0.0739564,-0.00310861,0.112629,0.00191157
0.00179703,-0.0378303,0.00109924,-0.0719531,-0.00303122,0.109782,0.00186337
0.00175952,-0.0371211,0.00107758,-0.0703569,-0.00296831,0.107477,0.00182432
0.00171278,-0.0361975,0.00104996,-0.0684143,-0.00288973,0.10461,0.00177572
0.00167219,-0.0354147,0.00102627,-0.0667044,-0.00282156,0.102118,0.00173348
0.00163073,-0.0345985,0.00100181,-0.0649778,-0.00275188,0.099575,0.00169038
0.00158408,-0.0336689,0.000974112,-0.0630483,-0.00267342,0.096716,0.0016419
0.00154118,-0.0328215,0.000948754,-0.0612649,-0.00260129,0.0940853,0.0015973
0.00147643,-0.0314979,0.000909771,-0.0586263,-0.00249225,0.0901231,0.00153009
0.0014329,-0.0306482,0.000884187,-0.056805,-0.00241911,0.0874521,0.00148482
0.00139294,-0.0298427,0.000860306,-0.0551628,-0.00235185,0.0850045,0.00144331
0.00134927,-0.0289502,0.000834016,-0.0533833,-0.00227831,0.0823325,0.00139799
0.00130959,-0.0281432,0.000810188,-0.0517613,-0.0022115,0.0799035,0.00135679
0.00126731,-0.0272724,0.000784624,-0.0500456,-0.00214026,0.077317,0.00131291
0.00123141,-0.026538,0.000762997,-0.0485831,-0.0020798,0.0751202,0.00127564
0.0011893,-0.0256608,0.000737383,-0.0468863,-0.00200881,0.0725463,0.00123197
0.00114648,-0.0247703,0.000711356,-0.045159,-0.00193662,0.0699285,0.00118755
0.00110536,-0.0239137,0.000686341,-0.0435024,-0.00186731,0.0674153,0.0011449
0.0010661,-0.0230926,0.000662404,-0.041924,-0.0018011,0.0650159,0.00110418
0.00102379,-0.0222012,0.000636508,-0.0402309,-0.00172973,0.0624315,0.00106032
0.000977298,-0.021218,0.00060799,-0.0383748,-0.00165129,0.0595921,0.00101212
0.000932129,-0.0202624,0.000580278,-0.0365718,-0.00157508,0.0568335,0.000965296
0.000890323,-0.0193759,0.000554596,-0.0349055,-0.00150453,0.0542808,0.000921963
0.000847637,-0.0184656,0.000528296,-0.0332101,-0.00143248,0.0516752,0.000877727
0.000810888,-0.0176826,0.000505661,-0.0317498,-0.00137045,0.0494318,0.000839642
0.000769089,-0.0167847,0.000479807,-0.0300973,-0.00129986,0.0468815,0.000796337
0.000729432,-0.0159333,0.000455282,-0.0285289,-0.0012329,0.0444617,0.000755251
0.000688012,-0.0150405,0.000429613,-0.026895,-0.00116294,0.041935,0.000712344
0.000653452,-0.0142962,0.000408204,-0.0255308,-0.00110457,0.0398266,0.000676542
0.000609091,-0.013334,0.00038062,-0.023788,-0.00102962,0.0371215,0.0006306
0.000571756,-0.0125261,0.000357432,-0.0223188,-0.000966547,0.0348445,0.00059193
0.000525461,-0.0115187,0.000328594,-0.0205037,-0.000888316,0.032022,0.00054399
0.000479165,-0.010511,0.000299751,-0.0186888,-0.000810081,0.0291995,0.00049605
0.000437557,-0.0096043,0.000273812,-0.0170589,-0.000739762,0.0266629,0.000452965
0.000400155,-0.00878784,0.000250474,-0.0155954,-0.000676546,0.024383,0.000414238
0.000355251,-0.007805,0.000222416,-0.0138415,-0.00060064,0.0216463,0.000367748
0.000313002,-0.00687994,0.000196011,-0.0121917,-0.000529221,0.0190714,0.000324008
0.000267525,-0.00588259,0.000167565,-0.0104177,-0.000452338,0.0163001,0.000276929
0.00022533,-0.00495655,0.000141161,-0.00877244,-0.000381001,0.0137288,0.000233247
0.000184427,-0.00405796,0.000115553,-0.00717866,-0.000311844,0.0112365,0.000190905
0.000144902,-0.00318902,9.07988e-05,-0.00563931,-0.000245014,0.00882824,0.00014999
0.000100355,-0.00220902,6.28901e-05,-0.00390517,-0.000169692,0.00611413,0.000103879
5.71192e-05,-0.00125751,3.57977e-05,-0.00222248,-9.65845e-05,0.00347995,5.91246e-05
1.55107e-05,-0.000341508,9.72119e-06,-0.000603474,-2.62275e-05,0.000944972,1.60552e-05
-2.83991e-05,0.000625309,-1.77991e-05,0.00110489,4.8021e-05,-0.00173018,-2.9396e-05
