9.18666e-06,-1.57078,5.23568e-05,2.40862,-0.000110788,0.610855,2.2435e-05
-0.000887898,-1.58736,0.00161085,2.40739,-0.000149137,0.610876,2.90941e-05
-0.000910268,-1.58784,0.00168478,2.40735,-0.000152865,0.61088,2.90941e-05
-0.000920921,-1.58806,0.00171967,2.40732,-0.000154463,0.610882,2.90941e-05
-0.000941694,-1.58852,0.00179039,2.40727,-0.000159257,0.610885,2.90941e-05
-0.000952879,-1.58877,0.00182529,2.40724,-0.000162453,0.610886,3.09967e-05
-0.000980576,-1.58989,0.00201953,2.40704,-0.000175769,0.610893,4.4315e-05
-0.000981641,-1.5901,0.00205948,2.40699,-0.000178432,0.610895,4.90715e-05
-0.000981641,-1.5905,0.00212652,2.40689,-0.00018216,0.610901,6.04872e-05
-0.000981641,-1.59069,0.0021582,2.40684,-0.000185889,0.610904,6.71463e-05
-0.000981109,-1.59105,0.00222341,2.40672,-0.000191748,0.610912,8.33185e-05
-0.000981109,-1.59124,0.00225601,2.40667,-0.000196541,0.610917,9.28316e-05
-0.000980576,-1.59157,0.00232718,2.40656,-0.000207727,0.610928,0.000114712
-0.000980043,-1.5919,0.00239928,2.40645,-0.000225836,0.610946,0.00013564
-0.000979511,-1.59205,0.00242912,2.40639,-0.000238087,0.610956,0.000141348
-0.000978978,-1.59236,0.00248147,2.40627,-0.000267914,0.61098,0.000147056
-0.000978445,-1.5925,0.00252555,2.40615,-0.000305198,0.611007,0.000150861
-0.000977913,-1.59277,0.00254713,2.40609,-0.000320112,0.61102,0.000155618
-0.00097738,-1.59303,0.00259351,2.40596,-0.000334493,0.611037,0.000167985
-0.000976315,-1.59327,0.00264127,2.40582,-0.000358994,0.611044,0.000181303
-0.000975782,-1.59338,0.00266744,2.40575,-0.000369647,0.611046,0.000187962
-0.000974184,-1.59361,0.00271612,2.40561,-0.000388822,0.61105,0.000200329
-0.000973119,-1.59381,0.00276158,2.40546,-0.000403735,0.611052,0.000210794
-0.000970989,-1.59402,0.00279877,2.40531,-0.000419182,0.611051,0.000220307
-0.000970456,-1.59411,0.0028153,2.40523,-0.000425573,0.61105,0.000226014
-0.000967793,-1.59428,0.00284607,2.40507,-0.000438889,0.611048,0.000241235
-0.00096726,-1.59436,0.00285892,2.40499,-0.000445813,0.611047,0.000249797
-0.000964064,-1.59451,0.00288326,2.40482,-0.000460194,0.611045,0.000268823
-0.000960869,-1.59464,0.00290806,2.40466,-0.000474043,0.611043,0.000288801
-0.000957673,-1.59475,0.00293285,2.40449,-0.000488424,0.611039,0.000310681
-0.000955542,-1.5948,0.00294525,2.4044,-0.000495348,0.611037,0.000323048
-0.000950749,-1.59489,0.0029728,2.40424,-0.000507599,0.611031,0.000343976
-0.000947553,-1.59497,0.00300035,2.40407,-0.000520914,0.611024,0.000363002
-0.000943292,-1.59503,0.00302928,2.40391,-0.000535295,0.611015,0.000379175
-0.000941161,-1.59505,0.00304352,2.40383,-0.000542752,0.61101,0.000386785
-0.000935302,-1.59511,0.00308531,2.4036,-0.000560862,0.610993,0.00041247
-0.000933172,-1.59511,0.0030977,2.40352,-0.000566721,0.610985,0.000421983
-0.000927313,-1.59512,0.0031202,2.40336,-0.000576308,0.610967,0.00044101
-0.000921454,-1.59512,0.00313903,2.40322,-0.00058483,0.610946,0.000460036
-0.00091453,-1.59511,0.00315327,2.40308,-0.00059495,0.610918,0.000481916
-0.000907605,-1.59509,0.00316475,2.40295,-0.000606668,0.610885,0.000501893
-0.000900681,-1.59506,0.00317301,2.40283,-0.000616255,0.61084,0.000522822
-0.000893757,-1.59502,0.00317806,2.40271,-0.000624778,0.610784,0.000544702
-0.000884169,-1.59497,0.00318082,2.40259,-0.000632234,0.610719,0.000567533
-0.000874049,-1.5949,0.00318173,2.40247,-0.000637028,0.61065,0.000588462
-0.000867658,-1.59486,0.00318173,2.40241,-0.000639691,0.610613,0.000597975
-0.000855407,-1.59477,0.00318173,2.40229,-0.000644485,0.610528,0.000614147
-0.000848483,-1.59472,0.00318173,2.40224,-0.000648213,0.610484,0.000620806
-0.000826113,-1.59454,0.00318128,2.40209,-0.000662594,0.610339,0.000634125
-0.00081759,-1.59447,0.00318082,2.40204,-0.000668453,0.61029,0.000641735
-0.000800014,-1.59433,0.00318036,2.40195,-0.000678041,0.610184,0.000656005
-0.000781904,-1.59417,0.0031799,2.40187,-0.000685498,0.610067,0.000672177
-0.000763262,-1.59401,0.00317944,2.4018,-0.000689226,0.609937,0.000690252
-0.000744087,-1.59383,0.00317852,2.40173,-0.000690291,0.609799,0.000707375
-0.000733967,-1.59373,0.00317806,2.40171,-0.000690291,0.609726,0.000718791
-0.000705205,-1.59343,0.00317714,2.40162,-0.00069402,0.609494,0.000753989
-0.000696683,-1.59332,0.00317714,2.4016,-0.00069615,0.609416,0.000767307
-0.000669519,-1.593,0.00317577,2.40153,-0.000699879,0.609166,0.000809165
-0.000660997,-1.59278,0.00317531,2.4015,-0.000700944,0.608991,0.000835802
-0.000634898,-1.59254,0.00317485,2.40149,-0.000700944,0.608822,0.000857682
-0.000627441,-1.59242,0.00317439,2.40148,-0.000701477,0.608739,0.000868146
-0.000610929,-1.59218,0.00317347,2.40147,-0.000701477,0.608563,0.000885269
-0.000604538,-1.59192,0.00317255,2.40147,-0.000701477,0.608383,0.00090049
-0.000591222,-1.59166,0.00317209,2.40147,-0.000701477,0.608188,0.000916663
-0.000579504,-1.59138,0.00317163,2.40148,-0.000701477,0.607976,0.000932835
-0.000574178,-1.59124,0.00317117,2.40148,-0.000701477,0.607868,0.000940445
-0.000555535,-1.5908,0.0031698,2.40149,-0.000700944,0.60752,0.000960423
-0.000544883,-1.59051,0.00316888,2.4015,-0.000700944,0.607266,0.000975643
-0.00053423,-1.59019,0.00316796,2.40151,-0.000699879,0.607015,0.000989913
-0.000523577,-1.58987,0.00316704,2.40153,-0.000699879,0.606753,0.00100323
-0.000512392,-1.58954,0.00316566,2.40155,-0.000698813,0.606475,0.0010137
-0.000500674,-1.58921,0.00316475,2.40157,-0.000697748,0.606199,0.00102321
-0.000489489,-1.58885,0.00316337,2.4016,-0.000696683,0.605916,0.00103082
-0.000477238,-1.58849,0.00316245,2.40164,-0.00069615,0.60561,0.00103748
-0.000464988,-1.58811,0.00316153,2.40169,-0.000695085,0.605302,0.00104319
-0.00045327,-1.58773,0.00315969,2.40174,-0.000692955,0.60498,0.00104794
-0.000441019,-1.58732,0.00315786,2.40182,-0.000691889,0.60464,0.0010508
-0.000434628,-1.58713,0.00315694,2.40186,-0.000691357,0.604471,0.0010527
-0.00041492,-1.58651,0.00315372,2.40199,-0.000687096,0.60395,0.00105555
-0.000408529,-1.58631,0.00315235,2.40204,-0.000686563,0.603779,0.0010565
-0.000395213,-1.58589,0.00314913,2.40213,-0.000685498,0.603409,0.0010565
-0.000381897,-1.58545,0.00314638,2.40224,-0.000682835,0.60304,0.0010565
-0.000369114,-1.58501,0.003145,2.40235,-0.000679639,0.602639,0.0010565
-0.000356331,-1.58456,0.00314133,2.40246,-0.000676976,0.602241,0.0010565
-0.000343015,-1.58412,0.00313857,2.40256,-0.00067378,0.601825,0.0010565
-0.000329167,-1.58366,0.00313536,2.40269,-0.000670051,0.601417,0.0010565
-0.000322242,-1.58344,0.00313398,2.40274,-0.000667388,0.601207,0.0010565
-0.000303068,-1.58274,0.00312939,2.40296,-0.000659931,0.600534,0.00105555
-0.000296676,-1.58251,0.00312755,2.40303,-0.000656736,0.600306,0.0010546
-0.000283893,-1.58206,0.0031248,2.40318,-0.000654072,0.599831,0.00105365
-0.000272175,-1.58159,0.00312158,2.40334,-0.000651409,0.599382,0.0010527
-0.00026099,-1.58113,0.00311791,2.4035,-0.000647148,0.598913,0.0010508
-0.000250337,-1.58066,0.00311515,2.40367,-0.00064342,0.598443,0.00104794
-0.000240217,-1.5802,0.00311194,2.40384,-0.000638093,0.597906,0.00104509
-0.000234891,-1.57997,0.00311102,2.40394,-0.000633832,0.59766,0.00104414
-0.000224771,-1.57949,0.00310872,2.40413,-0.00062531,0.59715,0.00104128
-0.000214651,-1.57904,0.00310643,2.40434,-0.000616255,0.596645,0.00103843
-0.000204531,-1.57856,0.00310413,2.40445,-0.000604538,0.596103,0.00103462
-0.000196541,-1.57809,0.00310184,2.40467,-0.000592287,0.595567,0.00102987
-0.000189617,-1.57761,0.00309908,2.40488,-0.000577906,0.595005,0.00102511
-0.000183225,-1.57714,0.00309633,2.40511,-0.000562992,0.594474,0.00102035
-0.00018003,-1.57688,0.00309541,2.40523,-0.000555003,0.594204,0.0010175
-0.000174703,-1.57641,0.00309265,2.40546,-0.000535295,0.593908,0.0010137
-0.00017204,-1.57618,0.00309127,2.40558,-0.000523577,0.593626,0.00101179
-0.000166181,-1.57544,0.00308622,2.40595,-0.000494283,0.592748,0.00100704
-0.000164583,-1.5752,0.00308485,2.40607,-0.000484695,0.592457,0.00100609
-0.00016192,-1.57469,0.00308163,2.40633,-0.000462857,0.591842,0.00100133
-0.000160855,-1.5742,0.00307842,2.40659,-0.000441019,0.591231,0.000995621
-0.000160322,-1.57369,0.00307474,2.40688,-0.000417051,0.590596,0.00098801
-0.000160322,-1.5732,0.00307061,2.40715,-0.000393615,0.589991,0.000977546
-0.00015979,-1.57293,0.00306832,2.40744,-0.000370712,0.589351,0.000964228
-0.00015979,-1.57218,0.00306097,2.40773,-0.000349407,0.588717,0.000948056
-0.000160322,-1.57191,0.00305821,2.40788,-0.000340885,0.588377,0.00093664
-0.000160322,-1.57115,0.00304903,2.40832,-0.000316384,0.587415,0.000893831
-0.000160855,-1.57063,0.0030426,2.40863,-0.000307861,0.586719,0.000859584
-0.000161388,-1.57013,0.00303571,2.40896,-0.000287621,0.586043,0.000831996
-0.000161388,-1.56986,0.0030325,2.40912,-0.000278034,0.585687,0.000820581
-0.000161388,-1.56935,0.00302423,2.40945,-0.000257261,0.585022,0.000796798
-0.00016192,-1.56883,0.00301551,2.40978,-0.000236489,0.584332,0.000773967
-0.000162453,-1.56833,0.00300495,2.41013,-0.000209857,0.583607,0.000749233
-0.000162985,-1.56782,0.00299301,2.41048,-0.000180562,0.582902,0.000720694
-0.000162985,-1.56732,0.00297831,2.41084,-0.000145941,0.582144,0.000686446
-0.000163518,-1.5668,0.00296316,2.41119,-0.000112918,0.581406,0.000650297
-0.000163518,-1.56631,0.00294525,2.41155,-7.82969e-05,0.580645,0.000611293
-0.000164051,-1.56576,0.00292459,2.4119,-5.16653e-05,0.579897,0.000576095
-0.000164051,-1.56525,0.00290071,2.41227,-2.71642e-05,0.579118,0.000542799
-0.000164051,-1.56501,0.00288785,2.41245,-1.49137e-05,0.578741,0.000526627
-0.000164051,-1.56427,0.00284469,2.41299,2.80214e-05,0.577556,0.00047811
-0.000164051,-1.56402,0.00282908,2.41317,4.2291e-05,0.577168,0.00046289
-0.000164051,-1.56352,0.00279877,2.41354,6.98789e-05,0.576394,0.000430545
-0.000164051,-1.56302,0.00276984,2.41392,0.000100321,0.575579,0.000398201
-0.000164051,-1.56253,0.00274459,2.41429,0.000131714,0.574788,0.000363002
-0.000164051,-1.56228,0.00272117,2.41468,0.000165961,0.573962,0.000332561
-0.000164051,-1.56177,0.00270188,2.41507,0.000204013,0.573151,0.000302119
-0.000164051,-1.56127,0.00268305,2.41548,0.000240163,0.572305,0.00027358
-0.000164051,-1.56103,0.00267479,2.41568,0.000259189,0.5719,0.000257408
-0.000164051,-1.56051,0.00265826,2.41608,0.000297241,0.571044,0.000224112
-0.000164051,-1.56002,0.00264356,2.41649,0.000335293,0.570207,0.000189865
-0.000164583,-1.5595,0.00262841,2.41689,0.000372394,0.56937,0.000156569
-0.000164583,-1.559,0.0026128,2.4173,0.000411398,0.568479,0.000124225
-0.000165649,-1.55847,0.00259581,2.41771,0.000447547,0.567629,0.000108052
-0.000166714,-1.55797,0.00257744,2.41813,0.0004856,0.566745,7.66594e-05
-0.000168312,-1.55744,0.00255586,2.41853,0.0005227,0.565866,4.14611e-05
-0.00016991,-1.55692,0.00253336,2.41896,0.000561704,0.564946,2.45753e-06
-0.000171508,-1.55638,0.00250673,2.41937,0.000598805,0.564047,-4.048e-05
-0.000173638,-1.55586,0.00247826,2.4198,0.00063876,0.56312,-8.89496e-05
-0.000174703,-1.5556,0.00246356,2.42001,0.000656835,0.562676,-0.000115581
-0.000177367,-1.55506,0.00243326,2.42043,0.000695838,0.561742,-0.000168844
-0.000179497,-1.55454,0.0024057,2.42087,0.000734842,0.560825,-0.000222108
-0.000181628,-1.55399,0.00238045,2.42129,0.000775748,0.55986,-0.00027324
-0.000182693,-1.55373,0.00237035,2.42151,0.000795725,0.559395,-0.000300937
-0.000184823,-1.55291,0.00234417,2.42213,0.00085756,0.557976,-0.000379767
-0.000185356,-1.55239,0.00233086,2.42257,0.000898466,0.55704,-0.000437291
-0.000186421,-1.55184,0.00231892,2.42301,0.000942226,0.556064,-0.000490554
-0.000186954,-1.5513,0.00230927,2.42343,0.000985035,0.555111,-0.00054435
-0.000187487,-1.55074,0.00230101,2.42386,0.00102975,0.554113,-0.000597613
-0.000188019,-1.55021,0.0022932,2.42431,0.00107636,0.553153,-0.000657801
-0.000188552,-1.54965,0.00228631,2.42474,0.00112393,0.552146,-0.000713727
-0.000189084,-1.54912,0.00228035,2.42519,0.00117149,0.551178,-0.000771784
-0.000189617,-1.54855,0.00227392,2.42562,0.00121525,0.550158,-0.000831972
-0.00019015,-1.54828,0.00227116,2.42583,0.00123808,0.549666,-0.000863397
-0.000191215,-1.54745,0.00226336,2.42648,0.00130658,0.548146,-0.000961934
-0.000191215,-1.5469,0.00225785,2.42692,0.00135034,0.547152,-0.00102691
-0.000191748,-1.54632,0.00225233,2.42734,0.00139315,0.546148,-0.00109349
-0.00019228,-1.54576,0.00224591,2.42778,0.00143786,0.545105,-0.00115634
-0.000192813,-1.54518,0.00223948,2.42821,0.00147876,0.544099,-0.00121973
-0.000193878,-1.54461,0.00223213,2.42865,0.00152157,0.543041,-0.00127992
-0.000194411,-1.54432,0.00222846,2.42887,0.0015425,0.542531,-0.00131294
-0.000194943,-1.54373,0.00221973,2.4293,0.00158626,0.541469,-0.00137526
-0.000196541,-1.54314,0.00221055,2.42975,0.00162907,0.540452,-0.00143491
-0.000198139,-1.54253,0.00219907,2.43018,0.00167473,0.539378,-0.00149989
-0.000198672,-1.54223,0.00219356,2.43039,0.00171564,0.538336,-0.00156328
-0.000201335,-1.54132,0.00217473,2.43104,0.00175654,0.537248,-0.00162826
-0.000201868,-1.54102,0.00216784,2.43126,0.00177557,0.536721,-0.00166021
-0.000203998,-1.54038,0.00215223,2.4317,0.00181267,0.535669,-0.00172679
-0.000205596,-1.53977,0.0021357,2.43213,0.00184977,0.534566,-0.00178592
-0.000208259,-1.53912,0.00211871,2.43257,0.00188497,0.533454,-0.00184237
-0.00021039,-1.5385,0.00209988,2.43302,0.00192017,0.532377,-0.00189564
-0.00021252,-1.53784,0.0020806,2.43345,0.00195346,0.531267,-0.00194571
-0.000214651,-1.53721,0.00206177,2.43389,0.00198486,0.530188,-0.00199364
-0.000216249,-1.53689,0.00205259,2.43412,0.00199722,0.529642,-0.00201708
-0.000219444,-1.5359,0.00203422,2.43477,0.00203528,0.527952,-0.00208845
-0.000221575,-1.53523,0.00201769,2.4352,0.00206096,0.526857,-0.00213426
-0.000224238,-1.53458,0.00200391,2.43562,0.0020914,0.525623,-0.00218166
-0.000226369,-1.53393,0.00199243,2.43606,0.00211994,0.524593,-0.00222853
-0.000227434,-1.53357,0.00198692,2.43627,0.00213516,0.523902,-0.00225197
-0.000231695,-1.53257,0.00197269,2.43692,0.00217322,0.522173,-0.00233027
-0.000234358,-1.53188,0.00196442,2.43737,0.0021989,0.521043,-0.0023814
-0.000236489,-1.53121,0.00195662,2.43781,0.00222649,0.519858,-0.002432
-0.000238619,-1.5305,0.00194973,2.43823,0.00225693,0.518708,-0.0024842
-0.000241282,-1.52981,0.0019433,2.43867,0.00228737,0.517517,-0.00253267
-0.000243946,-1.52909,0.00193733,2.43909,0.00231781,0.516937,-0.0025822
-0.000246076,-1.52838,0.0019309,2.43951,0.00235111,0.515727,-0.00262801
-0.000248207,-1.52764,0.00192539,2.43992,0.00238726,0.514557,-0.00267541
-0.00025087,-1.52693,0.00191988,2.44034,0.00242151,0.513393,-0.00271909
-0.000253533,-1.52617,0.00191437,2.44054,0.00245956,0.512174,-0.00276489
-0.000256729,-1.52544,0.0019084,2.44096,0.00249286,0.510983,-0.00280857
-0.000258327,-1.52506,0.00190519,2.44117,0.00251664,0.510338,-0.00283041
-0.000264718,-1.5239,0.00189738,2.44179,0.00257657,0.508502,-0.00289539
-0.000270045,-1.52311,0.00189187,2.4422,0.00261748,0.507294,-0.00294173
-0.000274838,-1.52234,0.00188636,2.44262,0.00265743,0.506073,-0.0029854
-0.00028123,-1.52152,0.00187993,2.44303,0.00269739,0.504797,-0.00303334
-0.000286556,-1.52073,0.00187304,2.44344,0.00273639,0.503571,-0.00307861
-0.000294013,-1.51989,0.00186524,2.44384,0.00275922,0.502269,-0.00313028
-0.000298274,-1.51949,0.00186111,2.44406,0.0027811,0.501639,-0.00315478
-0.000307329,-1.51868,0.00185192,2.44445,0.00282391,0.500329,-0.00320272
-0.000317449,-1.51782,0.00184228,2.44486,0.00286386,0.49908,-0.00325119
-0.000328634,-1.517,0.0018308,2.44525,0.00290572,0.49781,-0.00329966
-0.000341417,-1.51613,0.00181794,2.44564,0.00294663,0.496465,-0.00334813
-0.000353135,-1.51528,0.00180279,2.44605,0.00298944,0.495188,-0.00339447
-0.000368049,-1.5144,0.00178626,2.44646,0.00303225,0.493852,-0.00344134
-0.000382963,-1.51354,0.00176605,2.44685,0.00307886,0.492551,-0.00348395
-0.000400539,-1.51264,0.00174447,2.44725,0.00313118,0.491186,-0.00352762
-0.000409062,-1.5122,0.00173345,2.44746,0.00315782,0.490533,-0.00354999
-0.000427704,-1.51132,0.00170911,2.44784,0.00321394,0.489225,-0.00359527
-0.000447411,-1.5104,0.00168478,2.44824,0.00326722,0.48786,-0.00363841
-0.000468184,-1.5095,0.0016609,2.44862,0.00332239,0.48648,-0.00368475
-0.000490554,-1.50856,0.00164024,2.44901,0.00337757,0.485157,-0.00373215
-0.000514523,-1.50764,0.00162049,2.44939,0.00343084,0.483825,-0.00378382
-0.000539024,-1.50668,0.00160396,2.44979,0.00348316,0.482427,-0.00383016
-0.000564058,-1.50574,0.00158926,2.45016,0.00353644,0.481088,-0.00387969
-0.000586428,-1.50469,0.00157687,2.45055,0.00358781,0.479687,-0.00392816
-0.000598146,-1.50421,0.00157044,2.45074,0.00361349,0.479009,-0.00395213
-0.000627973,-1.50273,0.00155483,2.45132,0.0036877,0.476926,-0.00401871
-0.000637028,-1.50224,0.00154977,2.45151,0.00371148,0.476246,-0.00403895
-0.000654605,-1.50126,0.00154059,2.45189,0.0037638,0.474875,-0.00408422
-0.000670051,-1.50024,0.00153187,2.45228,0.00381612,0.473434,-0.00411884
-0.00068603,-1.49924,0.00152314,2.45265,0.00386559,0.472054,-0.0041556
-0.000700944,-1.4982,0.00151442,2.45302,0.00391601,0.470609,-0.00418915
-0.000717456,-1.49714,0.00150523,2.45338,0.00396833,0.469204,-0.0042259
-0.0007345,-1.49663,0.00149467,2.45376,0.0040178,0.467754,-0.00426053
-0.000743555,-1.49612,0.00148962,2.45394,0.00404539,0.467055,-0.00427863
-0.000770719,-1.49452,0.00147263,2.4545,0.00411959,0.464875,-0.00432604
-0.000790959,-1.49348,0.00146023,2.45486,0.00416715,0.463462,-0.00434308
-0.000811732,-1.49238,0.00144554,2.45523,0.00420996,0.461984,-0.00437451
-0.000835167,-1.49132,0.00143084,2.45559,0.00425277,0.460552,-0.00441179
-0.000846885,-1.49074,0.00142304,2.45577,0.0042737,0.459836,-0.0044299
-0.000871919,-1.48966,0.00140513,2.45615,0.00431746,0.458348,-0.00446665
-0.000900148,-1.48853,0.0013863,2.45651,0.00436027,0.456903,-0.00450607
-0.000928378,-1.48744,0.00136518,2.45688,0.00440498,0.455388,-0.00454495
-0.00094489,-1.48689,0.00135508,2.45706,0.00442591,0.454661,-0.00456785
-0.000973652,-1.48575,0.00133441,2.45742,0.00446491,0.453146,-0.0046094
-0.000996555,-1.48464,0.00131467,2.45776,0.00450392,0.451679,-0.00465521
-0.00101626,-1.48348,0.00129722,2.45812,0.00454387,0.450151,-0.00469888
-0.00103224,-1.48236,0.00128161,2.45846,0.00459144,0.448672,-0.00474256
-0.00104609,-1.48119,0.00126921,2.45881,0.004639,0.447127,-0.00478357
-0.00105248,-1.48005,0.00125865,2.45915,0.00468752,0.445638,-0.00482725
-0.00106633,-1.47886,0.00124992,2.4595,0.00473984,0.44408,-0.00487092
-0.00107272,-1.47828,0.00124625,2.45967,0.00476648,0.443323,-0.00489276
-0.0010855,-1.47708,0.00124074,2.46002,0.00482355,0.44175,-0.0049375
-0.00109882,-1.47592,0.00123661,2.46037,0.00487778,0.44024,-0.00498064
-0.0011132,-1.47475,0.00123339,2.4607,0.00493391,0.438712,-0.00502432
-0.00112066,-1.47411,0.00123202,2.46089,0.00496244,0.437884,-0.00504509
-0.00113717,-1.47293,0.00122972,2.46122,0.00502047,0.436359,-0.0050909
-0.00115581,-1.47168,0.00122834,2.46156,0.00508041,0.434766,-0.00513564
-0.00116646,-1.47108,0.00122742,2.46172,0.00510895,0.43399,-0.00515748
-0.00120481,-1.46921,0.00122513,2.46221,0.00519837,0.431614,-0.00523258
-0.00121866,-1.4686,0.00122513,2.46238,0.00522786,0.43084,-0.00525921
-0.00126447,-1.4667,0.00122375,2.46288,0.00532014,0.428445,-0.00534763
-0.00129483,-1.46545,0.00122283,2.46321,0.00538197,0.426888,-0.00540675
-0.00132359,-1.46419,0.00122237,2.46354,0.0054419,0.425276,-0.00547067
-0.00134916,-1.46288,0.00122145,2.46388,0.00550374,0.423709,-0.00553245
-0.00136141,-1.46224,0.00122145,2.46405,0.00553608,0.422928,-0.00556547
-0.00139017,-1.46026,0.00122099,2.46455,0.00562741,0.420517,-0.00566082
-0.00140562,-1.45896,0.00122054,2.46488,0.00569019,0.418885,-0.00572047
-0.00141893,-1.4576,0.00122008,2.46523,0.00575013,0.417311,-0.00577959
-0.00142958,-1.45628,0.00122008,2.46555,0.00581101,0.415668,-0.00584138
-0.00143811,-1.45491,0.00122008,2.46588,0.00586714,0.414091,-0.00590316
-0.00144556,-1.45358,0.00122008,2.4662,0.00592326,0.41244,-0.00596868
-0.00144929,-1.45292,0.00121962,2.46636,0.0059499,0.41164,-0.0060001
-0.00145409,-1.45153,0.00121962,2.46666,0.00600698,0.409978,-0.00606881
-0.00145888,-1.4502,0.00121962,2.46697,0.00606311,0.40838,-0.00613752
-0.00146367,-1.4488,0.00121962,2.46727,0.00612018,0.406772,-0.00620783
-0.00146793,-1.44745,0.00121962,2.46758,0.00617726,0.40511,-0.00627121
-0.0014722,-1.44605,0.00121962,2.46787,0.00623244,0.403443,-0.00633246
-0.00147699,-1.44469,0.00121962,2.46817,0.00628761,0.401823,-0.00639212
-0.00147965,-1.444,0.00121962,2.46832,0.00631425,0.401017,-0.00641982
-0.00148445,-1.44258,0.00121962,2.46861,0.00636943,0.39934,-0.00647681
-0.0014903,-1.44121,0.00121962,2.46891,0.00641889,0.397718,-0.00653007
-0.0014967,-1.43977,0.00121962,2.4692,0.00646836,0.396101,-0.0065844
-0.00150575,-1.43838,0.00121962,2.46952,0.00651402,0.394298,-0.0066366
-0.00151587,-1.43693,0.00121962,2.46982,0.00656159,0.392599,-0.00669199
-0.00152706,-1.43553,0.00121962,2.4701,0.0066082,0.390965,-0.00674792
-0.00154037,-1.43406,0.00121962,2.47038,0.00665672,0.389268,-0.00680811
-0.00155635,-1.43263,0.00121962,2.47067,0.00670619,0.387628,-0.00686776
-0.00157446,-1.43114,0.00121962,2.47093,0.00675375,0.385918,-0.00693168
-0.00158458,-1.43042,0.00121962,2.47106,0.00677754,0.385094,-0.0069631
-0.00160855,-1.42897,0.00121962,2.47133,0.00682415,0.383445,-0.00702595
-0.00162985,-1.42746,0.00121962,2.47146,0.00687552,0.382558,-0.00708667
-0.00163997,-1.42672,0.00121962,2.47159,0.00690501,0.38173,-0.00711703
-0.00166448,-1.42446,0.00121962,2.47197,0.00698587,0.379178,-0.00721024
-0.00167193,-1.42372,0.00121962,2.4721,0.00701156,0.37835,-0.0072406
-0.00168525,-1.42218,0.00121962,2.47234,0.00705722,0.376682,-0.00730558
-0.00169697,-1.42069,0.00121962,2.47259,0.0071124,0.37494,-0.0073695
-0.00170655,-1.41914,0.00121962,2.47284,0.00716377,0.373204,-0.00743395
-0.00171028,-1.41839,0.00121962,2.47297,0.00718755,0.372367,-0.00746537
-0.00171721,-1.41689,0.00121962,2.4732,0.00723607,0.370674,-0.00753355
-0.00172307,-1.41533,0.00121962,2.47343,0.00728649,0.368925,-0.00760599
-0.00172839,-1.41376,0.00121962,2.47367,0.00733215,0.367239,-0.00767257
-0.00173319,-1.41225,0.00121962,2.4739,0.00735783,0.365477,-0.00774234
-0.00173638,-1.41074,0.00121962,2.47413,0.0074092,0.363782,-0.00780786
-0.00173904,-1.40916,0.00121962,2.47434,0.00746248,0.362019,-0.00787071
-0.00174171,-1.40764,0.00121916,2.47455,0.0075129,0.360322,-0.00793036
-0.00174437,-1.40606,0.00121916,2.47475,0.00756902,0.358561,-0.00798735
-0.00174544,-1.40529,0.00121916,2.47486,0.00759661,0.357712,-0.00801825
-0.0017481,-1.40371,0.00121916,2.47506,0.00766035,0.355949,-0.00807417
-0.00175023,-1.40217,0.00121916,2.47525,0.00772313,0.354249,-0.00813329
-0.00175236,-1.40057,0.00121916,2.47552,0.00782302,0.351638,-0.00821852
-0.00175396,-1.39902,0.00121916,2.47561,0.00785632,0.35079,-0.00824994
-0.00175556,-1.39741,0.00121916,2.47578,0.00792291,0.349088,-0.00830906
-0.00175715,-1.39584,0.00121916,2.47595,0.0079914,0.34731,-0.00836978
-0.00175769,-1.39506,0.00121916,2.47603,0.00802565,0.346456,-0.00839961
-0.00175982,-1.39263,0.00121916,2.47627,0.00813315,0.343817,-0.00848536
-0.00176035,-1.39184,0.00121916,2.47634,0.00816644,0.342964,-0.008512
-0.00176141,-1.38939,0.00121916,2.47656,0.00827014,0.340348,-0.00858869
-0.00176141,-1.38773,0.00121916,2.4767,0.00833863,0.338633,-0.00863823
-0.00176195,-1.38613,0.00121916,2.47683,0.00841283,0.336865,-0.0086867
-0.00176195,-1.38532,0.00121916,2.47689,0.00844803,0.336015,-0.0087096
-0.00176248,-1.38364,0.00121962,2.47702,0.00852033,0.334237,-0.00875647
-0.00176248,-1.38184,0.00121962,2.47714,0.00858502,0.332535,-0.00879908
-0.00176301,-1.38021,0.00121962,2.47725,0.00864685,0.330763,-0.00884862
-0.00176301,-1.37858,0.00121962,2.47736,0.00870583,0.32905,-0.00889602
-0.00176301,-1.37688,0.00122008,2.47746,0.00876101,0.327344,-0.00894449
-0.00176301,-1.37524,0.00122008,2.47756,0.00881428,0.325577,-0.00899296
-0.00176301,-1.37353,0.00122008,2.47765,0.00886375,0.323864,-0.00904729
-0.00176355,-1.37187,0.00122008,2.47773,0.00891417,0.322082,-0.00910162
-0.00176355,-1.37014,0.00122008,2.47781,0.00896173,0.320376,-0.00915648
-0.00176355,-1.36931,0.00122008,2.47785,0.00898837,0.319454,-0.00918524
-0.00176355,-1.36758,0.00122008,2.47792,0.00903594,0.317739,-0.009214
-0.00176355,-1.36674,0.00122054,2.47798,0.0090835,0.315963,-0.0092678
-0.00176408,-1.36507,0.00122054,2.47804,0.00913392,0.31425,-0.00932213
-0.00176408,-1.36332,0.00122054,2.4781,0.00918815,0.312464,-0.00937752
-0.00176461,-1.36158,0.00122054,2.47815,0.00924142,0.310758,-0.00943185
-0.00176514,-1.35989,0.00122054,2.47818,0.00929659,0.308985,-0.00948565
-0.00176514,-1.35813,0.00122054,2.47821,0.00935082,0.30727,-0.00953731
-0.00176568,-1.35644,0.00122054,2.47822,0.00940504,0.305504,-0.00958951
-0.00176568,-1.35467,0.00122054,2.47823,0.00945737,0.303811,-0.00964118
-0.00176621,-1.35297,0.00122054,2.47823,0.00951254,0.302049,-0.00969817
-0.00176621,-1.3512,0.00122054,2.47822,0.00956581,0.300364,-0.00975622
-0.00176674,-1.34949,0.00122054,2.47822,0.0096248,0.298617,-0.00981428
-0.00176674,-1.34772,0.00122054,2.47822,0.00967997,0.296936,-0.00987234
-0.00176674,-1.34601,0.00122054,2.47821,0.00973705,0.295199,-0.00993306
-0.00176674,-1.34515,0.00122054,2.4782,0.00976464,0.294363,-0.00996076
-0.00176674,-1.34337,0.00122054,2.47819,0.00982172,0.292634,-0.0100156
-0.00176674,-1.34159,0.00122054,2.47817,0.00988355,0.290971,-0.0100726
-0.00176674,-1.33986,0.00122054,2.47815,0.00994539,0.289255,-0.0101253
-0.00176674,-1.33813,0.00122054,2.47812,0.0100101,0.287605,-0.0101765
-0.00176674,-1.33633,0.00122099,2.47809,0.010071,0.285882,-0.0102297
-0.00176674,-1.33459,0.00122099,2.47805,0.0101337,0.284231,-0.0102803
-0.00176674,-1.33277,0.00122099,2.47801,0.0101946,0.282583,-0.0103325
-0.00176674,-1.33102,0.00122099,2.47795,0.0102527,0.28087,-0.0103847
-0.00176674,-1.33008,0.00122099,2.47792,0.0102821,0.280054,-0.0104114
-0.00176674,-1.32832,0.00122099,2.47783,0.010343,0.278436,-0.0104646
-0.00176621,-1.32649,0.00122099,2.47775,0.0103973,0.27675,-0.0105179
-0.00176621,-1.32472,0.00122099,2.47765,0.0104534,0.275137,-0.0105743
-0.00176621,-1.32287,0.00122099,2.47755,0.0105086,0.273476,-0.0106276
-0.00176621,-1.32198,0.00122099,2.47749,0.0105371,0.272677,-0.0106553
-0.00176621,-1.31923,0.00122145,2.47731,0.0106123,0.270231,-0.0107368
-0.00176621,-1.31744,0.00122191,2.47718,0.0106646,0.268593,-0.0107885
-0.00176621,-1.31558,0.00122237,2.47704,0.010714,0.267008,-0.0108359
-0.00176621,-1.31378,0.00122237,2.4769,0.0107607,0.265433,-0.0108817
-0.00176621,-1.31288,0.00122283,2.47683,0.0107825,0.264591,-0.0109024
-0.00176621,-1.3101,0.00122329,2.47659,0.0108482,0.262246,-0.0109642
-0.00176621,-1.30919,0.00122375,2.4765,0.0108682,0.261402,-0.0109834
-0.00176674,-1.30639,0.00122375,2.47622,0.0109271,0.259061,-0.0110415
-0.00176674,-1.30548,0.00122421,2.47613,0.0109443,0.258286,-0.0110596
-0.00176674,-1.30359,0.00122421,2.47592,0.0109776,0.256678,-0.0110995
-0.00176674,-1.30176,0.00122467,2.4757,0.0110099,0.255066,-0.0111363
-0.00176674,-1.29986,0.00122513,2.47547,0.0110413,0.253524,-0.0111736
-0.00176674,-1.29802,0.00122559,2.47522,0.0110765,0.251932,-0.0112146
-0.00176674,-1.29711,0.00122605,2.47509,0.0110936,0.251162,-0.0112332
-0.00176674,-1.29428,0.00122651,2.47468,0.0111421,0.24886,-0.0112923
-0.00176674,-1.29336,0.00122651,2.47455,0.0111573,0.247932,-0.0113104
-0.00176674,-1.29146,0.00122696,2.47426,0.0111925,0.246547,-0.0113493
-0.00176674,-1.28962,0.00122742,2.47396,0.0112287,0.244866,-0.0113941
-0.00176674,-1.28771,0.00122788,2.47365,0.0112677,0.243378,-0.0114377
-0.00176674,-1.28679,0.00122834,2.4735,0.0112867,0.242582,-0.0114617
-0.00176674,-1.28489,0.0012288,2.4732,0.0113229,0.241111,-0.0115017
-0.00176674,-1.28305,0.0012288,2.47284,0.0113628,0.239585,-0.0115416
-0.00176674,-1.28115,0.00122926,2.47251,0.0114018,0.238135,-0.0115805
-0.00176674,-1.27931,0.00122972,2.47217,0.0114456,0.237414,-0.0116199
-0.00176674,-1.27748,0.00123018,2.47182,0.0114884,0.235926,-0.0116551
-0.00176674,-1.27557,0.00123064,2.47144,0.0115303,0.2345,-0.0116939
-0.00176674,-1.27372,0.0012311,2.47107,0.0115731,0.233029,-0.0117318
-0.00176674,-1.2718,0.00123156,2.47069,0.0116121,0.231562,-0.011769
-0.00176674,-1.27088,0.00123156,2.47047,0.0116311,0.23086,-0.0117861
-0.00176621,-1.26804,0.00123202,2.46986,0.0116948,0.228724,-0.0118415
-0.00176621,-1.26712,0.00123202,2.46963,0.0117148,0.228032,-0.0118596
-0.00176621,-1.2652,0.00123247,2.46921,0.0117538,0.226661,-0.0118958
-0.00176568,-1.26335,0.00123293,2.46899,0.0117947,0.225245,-0.0119315
-0.00176568,-1.26143,0.00123293,2.46852,0.0118138,0.223887,-0.0119677
-0.00176568,-1.26051,0.00123293,2.46829,0.0118347,0.223156,-0.0119869
-0.00176568,-1.25865,0.00123339,2.4678,0.0118746,0.221808,-0.0120247
-0.00176568,-1.25672,0.00123339,2.46731,0.0119203,0.220472,-0.0120609
-0.00176568,-1.25486,0.00123385,2.4668,0.0119641,0.219093,-0.0120971
-0.00176568,-1.25294,0.00123431,2.46627,0.0120097,0.217776,-0.0121334
-0.00176568,-1.25201,0.00123431,2.466,0.0120335,0.21708,-0.0121515
-0.00176568,-1.24915,0.00123477,2.46518,0.0121068,0.21516,-0.0122026
-0.00176568,-1.24822,0.00123523,2.46491,0.0121296,0.214471,-0.0122207
-0.00176568,-1.24544,0.00123569,2.46407,0.012199,0.21258,-0.0122702
-0.00176568,-1.24443,0.00123615,2.46379,0.0122219,0.211912,-0.0122857
-0.00176568,-1.24257,0.00123707,2.46319,0.0122685,0.210678,-0.0123134
-0.00176568,-1.24064,0.00123753,2.46261,0.0123132,0.209399,-0.0123416
-0.00176568,-1.23878,0.00123798,2.46199,0.0123531,0.208185,-0.0123683
-0.00176568,-1.23684,0.00123844,2.46138,0.012394,0.206941,-0.0123949
-0.00176568,-1.23498,0.0012389,2.46073,0.0124311,0.205754,-0.0124205
-0.00176568,-1.23305,0.00123982,2.4601,0.0124692,0.204521,-0.0124481
-0.00176568,-1.23212,0.00124028,2.45978,0.0124863,0.203934,-0.0124604
-0.00176568,-1.23027,0.0012412,2.45911,0.0125225,0.202729,-0.0124854
-0.00176568,-1.22835,0.00124212,2.45844,0.0125548,0.201582,-0.0125073
-0.00176568,-1.22651,0.00124258,2.45772,0.0125881,0.200444,-0.012528
-0.00176568,-1.22551,0.00124304,2.45737,0.0126033,0.199838,-0.0125424
-0.00176514,-1.22276,0.00124487,2.45627,0.0126509,0.19816,-0.0125797
-0.00176514,-1.22177,0.00124533,2.45591,0.0126671,0.197604,-0.012593
-0.00176514,-1.21994,0.00124625,2.45517,0.0127013,0.196467,-0.0126165
-0.00176514,-1.21804,0.00124763,2.45439,0.0127346,0.195392,-0.0126415
-0.00176461,-1.21608,0.00124855,2.45362,0.0127651,0.19429,-0.012666
-0.00176461,-1.21419,0.00124992,2.4528,0.0127955,0.193188,-0.01269
-0.00176461,-1.21237,0.0012513,2.452,0.0128278,0.192148,-0.0127118
-0.00176408,-1.21049,0.00125176,2.45116,0.0128592,0.191086,-0.0127225
-0.00176408,-1.20868,0.00125268,2.45034,0.0128887,0.190084,-0.0127443
-0.00176408,-1.2077,0.0012536,2.44947,0.0129163,0.189047,-0.012764
-0.00176355,-1.20589,0.00125452,2.44862,0.0129439,0.188059,-0.0127848
-0.00176355,-1.20402,0.00125543,2.44771,0.0129715,0.187087,-0.0128071
-0.00176355,-1.20222,0.00125635,2.44684,0.013001,0.186102,-0.0128279
-0.00176355,-1.20036,0.00125727,2.44592,0.0130276,0.185177,-0.0128471
-0.00176355,-1.19856,0.00125773,2.44501,0.0130485,0.184226,-0.0128647
-0.00176355,-1.1967,0.00125819,2.44406,0.0130704,0.183321,-0.012879
-0.00176355,-1.1949,0.00125865,2.44313,0.0130933,0.182395,-0.0128934
-0.00176355,-1.19304,0.00125911,2.44215,0.0131161,0.181498,-0.0129089
-0.00176355,-1.19125,0.00126003,2.44119,0.0131342,0.180651,-0.0129238
-0.00176355,-1.1894,0.00126049,2.44019,0.0131513,0.179818,-0.0129371
-0.00176355,-1.18761,0.00126094,2.4392,0.0131675,0.178978,-0.0129488
-0.00176355,-1.18576,0.0012614,2.43817,0.0131836,0.178167,-0.0129584
-0.00176355,-1.18398,0.00126232,2.43716,0.0131979,0.177352,-0.0129669
-0.00176355,-1.18213,0.00126278,2.43611,0.0132122,0.176601,-0.0129755
-0.00176355,-1.18035,0.00126324,2.43507,0.0132274,0.175833,-0.012985
-0.00176355,-1.1785,0.00126416,2.43399,0.0132436,0.175109,-0.0129941
-0.00176355,-1.17672,0.00126508,2.43293,0.0132597,0.174378,-0.0130021
-0.00176355,-1.17488,0.00126554,2.43183,0.013274,0.173683,-0.0130095
-0.00176355,-1.17311,0.00126645,2.43075,0.0132883,0.172986,-0.0130159
-0.00176301,-1.17128,0.00126737,2.42961,0.0133016,0.172343,-0.0130229
-0.00176248,-1.16953,0.00126875,2.42851,0.0133159,0.171685,-0.0130292
-0.00176195,-1.16777,0.00127013,2.42735,0.0133282,0.171063,-0.0130372
-0.00176141,-1.16596,0.00127105,2.42621,0.0133406,0.170448,-0.0130436
-0.00175982,-1.16422,0.00127242,2.42502,0.013353,0.169862,-0.0130506
-0.00175928,-1.16243,0.0012738,2.42386,0.0133634,0.169256,-0.0130553
-0.00175822,-1.1607,0.00127518,2.42264,0.0133739,0.168704,-0.0130601
-0.00175715,-1.15892,0.00127656,2.42146,0.0133825,0.168177,-0.0130649
-0.00175662,-1.15722,0.00127839,2.42021,0.0133948,0.167685,-0.0130692
-0.00175662,-1.15545,0.00127977,2.41899,0.0134072,0.167176,-0.0130735
-0.00175609,-1.1537,0.00128115,2.41772,0.0134205,0.166708,-0.0130772
-0.00175609,-1.15202,0.00128207,2.41647,0.0134319,0.166254,-0.0130809
-0.00175609,-1.15034,0.00128299,2.41516,0.0134414,0.165829,-0.0130857
-0.00175609,-1.14944,0.00128344,2.41453,0.0134462,0.165619,-0.0130873
-0.00175609,-1.14694,0.00128528,2.41257,0.0134624,0.165001,-0.0130932
-0.00175609,-1.14522,0.0012862,2.41127,0.0134738,0.164617,-0.0130969
-0.00175609,-1.14357,0.00128712,2.40991,0.0134861,0.164269,-0.0131006
-0.00175609,-1.14186,0.0012885,2.4086,0.0134966,0.163941,-0.0131038
-0.00175609,-1.14023,0.00128941,2.40726,0.0135061,0.163643,-0.0131065
-0.00175609,-1.13853,0.00129079,2.40587,0.0135156,0.163332,-0.0131102
-0.00175609,-1.1369,0.00129171,2.40452,0.0135242,0.163083,-0.0131139
-0.00175609,-1.13522,0.00129309,2.4031,0.0135318,0.162799,-0.0131171
-0.00175662,-1.1336,0.00129401,2.40173,0.0135385,0.162557,-0.0131209
-0.00175662,-1.13194,0.00129492,2.40029,0.0135451,0.162346,-0.0131246
-0.00175662,-1.13033,0.00129676,2.39889,0.0135527,0.162159,-0.0131273
-0.00175662,-1.12867,0.00129768,2.39743,0.0135594,0.161989,-0.0131304
-0.00175662,-1.12709,0.00129906,2.396,0.013567,0.16184,-0.0131331
-0.00175662,-1.12545,0.00130043,2.39452,0.0135727,0.161766,-0.0131363
-0.00175662,-1.12387,0.00130135,2.39306,0.0135813,0.161641,-0.01314
-0.00175662,-1.12224,0.00130273,2.39154,0.0135889,0.16153,-0.0131427
-0.00175662,-1.12067,0.00130411,2.39006,0.0136003,0.161441,-0.0131454
-0.00175662,-1.11905,0.00130549,2.38851,0.0136117,0.161372,-0.0131486
-0.00175662,-1.1175,0.00130778,2.387,0.0136241,0.161322,-0.0131523
-0.00175662,-1.1159,0.00130962,2.38531,0.0136336,0.161293,-0.013155
-0.00175662,-1.11436,0.00131146,2.38377,0.0136403,0.161285,-0.0131581
-0.00175662,-1.11278,0.00131329,2.38216,0.013645,0.161293,-0.0131608
-0.00175609,-1.11126,0.00131559,2.3806,0.0136469,0.161314,-0.0131635
-0.00175609,-1.10969,0.00131742,2.37897,0.0136526,0.161348,-0.0131656
-0.00175609,-1.10819,0.00131972,2.37739,0.0136593,0.161392,-0.0131672
-0.00175609,-1.10664,0.00132202,2.37574,0.0136669,0.161453,-0.0131683
-0.00175609,-1.10516,0.00132477,2.37495,0.0136783,0.161534,-0.0131704
-0.00175556,-1.10364,0.00132753,2.37329,0.0136897,0.161651,-0.0131715
-0.00175556,-1.10218,0.00133028,2.37169,0.0137011,0.161787,-0.0131731
-0.00175556,-1.10068,0.00133258,2.37001,0.0137088,0.161956,-0.0131752
-0.00175556,-1.09925,0.00133625,2.36839,0.0137135,0.162143,-0.0131763
-0.00175556,-1.09777,0.00134084,2.36669,0.0137164,0.162366,-0.0131768
-0.00175556,-1.09636,0.00134589,2.36504,0.0137183,0.162594,-0.0131789
-0.00175556,-1.09491,0.0013514,2.36332,0.013723,0.162848,-0.0131805
-0.00175556,-1.09353,0.00135783,2.36164,0.0137287,0.163115,-0.0131826
-0.00175609,-1.09284,0.00136105,2.3608,0.0137316,0.163257,-0.0131837
-0.00175609,-1.09073,0.00137299,2.35817,0.0137392,0.163732,-0.0131864
-0.00175609,-1.08933,0.00138355,2.35637,0.013743,0.16408,-0.0131885
-0.00175662,-1.08798,0.00139457,2.35463,0.0137459,0.164457,-0.0131901
-0.00175662,-1.08659,0.0014088,2.35279,0.0137478,0.164855,-0.0131922
-0.00175662,-1.08526,0.00142533,2.35101,0.0137487,0.165252,-0.0131933
-0.00175662,-1.08389,0.00144324,2.34914,0.0137497,0.165675,-0.0131949
-0.00175662,-1.08258,0.00146299,2.34733,0.0137516,0.166144,-0.013196
-0.00175662,-1.08122,0.00148273,2.34544,0.0137544,0.166626,-0.013197
-0.00175715,-1.07993,0.00150477,2.34361,0.0137563,0.167159,-0.0131981
-0.00175715,-1.07859,0.00152682,2.3417,0.0137601,0.167698,-0.0131986
-0.00175715,-1.07721,0.00155115,2.33986,0.013762,0.168285,-0.0131986
-0.00175715,-1.07589,0.00157411,2.33801,0.0137649,0.168883,-0.0131997
-0.00175715,-1.07463,0.00159661,2.33608,0.0137677,0.169522,-0.0132008
-0.00175715,-1.07333,0.0016159,2.33421,0.0137706,0.170138,-0.0132008
-0.00175715,-1.07209,0.00163472,2.33227,0.0137734,0.170797,-0.0132008
-0.00175715,-1.07147,0.0016508,2.33038,0.0137744,0.171472,-0.0132018
-0.00175715,-1.07081,0.00165768,2.32936,0.0137753,0.171818,-0.0132018
-0.00175715,-1.06894,0.00167697,2.3265,0.0137772,0.172905,-0.0132029
-0.00175715,-1.06773,0.00168845,2.32449,0.0137772,0.173676,-0.0132029
-0.00175715,-1.06648,0.00169809,2.32254,0.0137772,0.174425,-0.0132029
-0.00175715,-1.06529,0.00170728,2.3205,0.0137772,0.175184,-0.0132034
-0.00175715,-1.0647,0.00171141,2.31951,0.0137772,0.175603,-0.0132034
-0.00175769,-1.06289,0.00172335,2.31643,0.0137782,0.176844,-0.0132034
-0.00175769,-1.06168,0.0017307,2.31442,0.0137782,0.177678,-0.0132045
-0.00175822,-1.06053,0.0017385,2.31231,0.0137791,0.178573,-0.0132045
-0.00175822,-1.05939,0.00174631,2.31028,0.0137791,0.179446,-0.0132045
-0.00175875,-1.05821,0.00175457,2.30816,0.0137791,0.180349,-0.0132045
-0.00175982,-1.05709,0.00176284,2.30612,0.0137801,0.181318,-0.0132045
-0.00176035,-1.05593,0.00177202,2.30399,0.0137801,0.182272,-0.0132034
-0.00176141,-1.05483,0.00178121,2.30194,0.0137801,0.183292,-0.0132034
-0.00176248,-1.0537,0.00179177,2.2998,0.0137801,0.184322,-0.0132034
-0.00176408,-1.05261,0.00180325,2.29774,0.0137801,0.185337,-0.0132034
-0.00176514,-1.0515,0.00181656,2.29559,0.0137801,0.186412,-0.0132029
-0.00176674,-1.05044,0.0018308,2.29351,0.0137801,0.187465,-0.0132018
-0.00176727,-1.04934,0.00184779,2.29134,0.0137801,0.188521,-0.0132018
-0.00176834,-1.0483,0.00186524,2.28923,0.0137801,0.189641,-0.0132018
-0.00176994,-1.04723,0.00188498,2.28702,0.0137801,0.190778,-0.0132018
-0.001771,-1.04621,0.00190519,2.28488,0.0137801,0.191889,-0.0132008
-0.00177207,-1.04516,0.00192585,2.28264,0.0137791,0.193017,-0.0132008
-0.0017726,-1.04417,0.00194514,2.28047,0.0137791,0.19421,-0.0131997
-0.00177313,-1.04319,0.00196259,2.2782,0.0137791,0.195386,-0.0131986
-0.0017742,-1.04218,0.00197958,2.276,0.0137791,0.196633,-0.013197
-0.00177473,-1.04123,0.00199473,2.27371,0.0137782,0.197851,-0.013197
-0.00177526,-1.04024,0.00200851,2.27149,0.0137782,0.199142,-0.0131949
-0.0017758,-1.03927,0.00201998,2.26919,0.0137772,0.200409,-0.0131938
-0.00177633,-1.03834,0.00202963,2.26696,0.0137772,0.201747,-0.0131933
-0.00177633,-1.03743,0.00203789,2.26472,0.0137772,0.203101,-0.0131912
-0.00177633,-1.03649,0.00204386,2.26239,0.0137763,0.204433,-0.0131896
-0.00177633,-1.03559,0.00204891,2.26014,0.0137763,0.205783,-0.0131885
-0.00177686,-1.03467,0.00205351,2.25779,0.0137753,0.207191,-0.0131874
-0.00177686,-1.03379,0.00205718,2.25553,0.0137744,0.208571,-0.0131853
-0.00177739,-1.03289,0.00205993,2.25316,0.0137734,0.210027,-0.0131826
-0.00177846,-1.03204,0.00206223,2.25088,0.0137725,0.211447,-0.01318
-0.00177952,-1.03116,0.00206361,2.2485,0.0137715,0.212932,-0.0131779
-0.00178059,-1.03032,0.00206499,2.24621,0.0137706,0.214388,-0.0131763
-0.00178272,-1.02946,0.0020659,2.24382,0.0137696,0.215922,-0.013172
-0.00178485,-1.02865,0.00206636,2.24152,0.0137677,0.217416,-0.0131693
-0.00178805,-1.02781,0.00206682,2.23912,0.0137658,0.218933,-0.0131656
-0.00179231,-1.02698,0.00206682,2.2368,0.0137649,0.220524,-0.0131619
-0.00179763,-1.0262,0.00206728,2.23438,0.013763,0.222076,-0.0131581
-0.00180509,-1.02542,0.00206728,2.23205,0.0137601,0.223704,-0.013156
-0.00181308,-1.02462,0.00206728,2.22962,0.0137582,0.225277,-0.0131539
-0.00182,-1.02387,0.00206728,2.22727,0.0137554,0.226942,-0.0131523
-0.0018248,-1.02309,0.00206728,2.22482,0.0137535,0.228692,-0.0131486
-0.00183012,-1.02235,0.00206682,2.22245,0.0137516,0.230385,-0.0131454
-0.00183652,-1.02159,0.00206682,2.21998,0.0137497,0.232033,-0.0131416
-0.00184557,-1.02088,0.00206682,2.2176,0.0137468,0.233766,-0.0131379
-0.00185676,-1.02014,0.00206682,2.21512,0.013743,0.235446,-0.0131342
-0.00186954,-1.01944,0.00206682,2.21273,0.0137401,0.237215,-0.0131283
-0.00188285,-1.01872,0.00206682,2.21025,0.0137382,0.238932,-0.013123
-0.0018999,-1.01805,0.00206682,2.20785,0.0137354,0.239854,-0.0131171
-0.00192014,-1.01735,0.00206682,2.20535,0.0137335,0.241572,-0.0131102
-0.00194304,-1.01668,0.00206682,2.20294,0.0137306,0.243369,-0.0131028
-0.00196808,-1.01601,0.00206682,2.20044,0.0137287,0.245112,-0.0130932
-0.00199577,-1.01537,0.00206728,2.19802,0.0137268,0.246926,-0.0130809
-0.00202294,-1.01471,0.00206682,2.19559,0.013723,0.248744,-0.0130655
-0.00205117,-1.01408,0.00206728,2.19288,0.0137192,0.250506,-0.0130484
-0.0020778,-1.01344,0.00206728,2.19044,0.0137154,0.25227,-0.0130292
-0.00210443,-1.01284,0.00206682,2.18791,0.0137116,0.254108,-0.0130117
-0.0021284,-1.01221,0.00206682,2.18538,0.0137068,0.255891,-0.0129941
-0.0021513,-1.01162,0.00206682,2.18295,0.0137002,0.257752,-0.0129792
-0.00217314,-1.01102,0.00206682,2.18042,0.0136935,0.25956,-0.0129611
-0.00219498,-1.01044,0.00206682,2.17921,0.0136859,0.261445,-0.0129451
-0.00221682,-1.00985,0.00206682,2.17678,0.0136774,0.263265,-0.0129296
-0.00224078,-1.00927,0.00206636,2.17426,0.0136669,0.265162,-0.0129174
-0.00226582,-1.00869,0.00206636,2.17184,0.0136536,0.266991,-0.012903
-0.00229405,-1.00813,0.0020659,2.16932,0.0136345,0.268829,-0.012887
-0.00232547,-1.00755,0.0020659,2.1668,0.0136136,0.270738,-0.0128668
-0.00235956,-1.00699,0.0020659,2.16436,0.0135898,0.272574,-0.0128498
-0.00239738,-1.00641,0.00206544,2.16192,0.013568,0.27449,-0.012829
-0.00243466,-1.00586,0.00206499,2.15938,0.013548,0.27633,-0.0128125
-0.00247301,-1.00528,0.00206499,2.15693,0.013529,0.278243,-0.0127944
-0.0025071,-1.00473,0.00206453,2.15438,0.0135099,0.280095,-0.0127736
-0.00253853,-1.00416,0.00206453,2.15183,0.0134909,0.282026,-0.012748
-0.00256569,-1.00361,0.00206407,2.14938,0.0134709,0.283886,-0.0127203
-0.00259339,-1.00304,0.00206361,2.14693,0.01345,0.285819,-0.0127049
-0.00261842,-1.0025,0.00206315,2.14438,0.013431,0.287673,-0.0126814
-0.00264239,-1.00193,0.00206315,2.14194,0.0134091,0.289598,-0.0126537
-0.00266636,-1.00139,0.00206315,2.1394,0.0133872,0.291463,-0.012626
-0.00269192,-1.00078,0.00206269,2.13695,0.0133653,0.293393,-0.0125968
-0.00271802,-1.00025,0.00206269,2.13441,0.0133425,0.295248,-0.0125669
-0.00274572,-0.99969,0.00206269,2.13196,0.0133187,0.297165,-0.012535
-0.00277235,-0.999151,0.00206269,2.12942,0.0132987,0.299006,-0.0125025
-0.00280005,-0.998594,0.00206269,2.12697,0.0132807,0.300928,-0.0124673
-0.00282561,-0.998067,0.00206223,2.12443,0.0132635,0.302767,-0.0124348
-0.00284905,-0.997522,0.00206269,2.12199,0.0132426,0.304658,-0.0124018
-0.00286929,-0.996993,0.00206223,2.11945,0.0132198,0.306482,-0.012372
-0.00288793,-0.996462,0.00206269,2.11702,0.0131969,0.308372,-0.0123379
-0.00290657,-0.996176,0.00206223,2.11459,0.0131751,0.310177,-0.0123054
-0.00292362,-0.995646,0.00206269,2.11207,0.0131532,0.312039,-0.0122713
-0.00293906,-0.995095,0.00206269,2.10964,0.0131332,0.313826,-0.0122399
-0.00295398,-0.994563,0.00206269,2.10713,0.0131142,0.315674,-0.0122085
-0.00296729,-0.994005,0.00206269,2.10472,0.0130952,0.317446,-0.0121802
-0.00298061,-0.993463,0.00206223,2.10221,0.0130752,0.319269,-0.0121488
-0.00299499,-0.992899,0.00206269,2.09979,0.0130562,0.321017,-0.0121174
-0.00301044,-0.992354,0.00206223,2.09729,0.0130362,0.322832,-0.0120828
-0.00302801,-0.99178,0.00206223,2.09487,0.0130172,0.324568,-0.0120513
-0.00304612,-0.991221,0.00206223,2.09237,0.0129953,0.32636,-0.0120194
-0.00306743,-0.990634,0.00206223,2.08996,0.0129743,0.32808,-0.0119842
-0.00308927,-0.990064,0.00206223,2.08746,0.0129553,0.329857,-0.0119496
-0.0031159,-0.989468,0.00206223,2.08506,0.0129382,0.331565,-0.0119129
-0.00314413,-0.988887,0.00206223,2.08257,0.0129173,0.333319,-0.0118766
-0.00317502,-0.98827,0.00206223,2.08017,0.0128944,0.334997,-0.0118383
-0.00320538,-0.987669,0.00206223,2.07777,0.0128687,0.336742,-0.0118042
-0.00323468,-0.987044,0.00206177,2.07529,0.0128459,0.33841,-0.0117669
-0.00326131,-0.986434,0.00206177,2.0728,0.012825,0.340126,-0.0117312
-0.00328421,-0.985789,0.00206177,2.0704,0.012805,0.34177,-0.0116966
-0.00330498,-0.98516,0.00206177,2.06792,0.0127822,0.343477,-0.0116614
-0.00332309,-0.984507,0.00206177,2.06553,0.0127593,0.345115,-0.011629
-0.00334227,-0.98387,0.00206177,2.06314,0.0127346,0.346744,-0.0115949
-0.00335878,-0.983198,0.00206131,2.06067,0.0127118,0.348432,-0.0115608
-0.0033673,-0.982545,0.00206131,2.05831,0.0126899,0.35004,-0.0115267
-0.00338328,-0.981866,0.00206131,2.05585,0.012668,0.35171,-0.0114942
-0.00339979,-0.981205,0.00206085,2.0535,0.0126471,0.353324,-0.0114644
-0.00341843,-0.980508,0.00206085,2.05106,0.0126271,0.354984,-0.011433
-0.00343761,-0.979832,0.00206085,2.04872,0.0126033,0.356566,-0.0114037
-0.00345785,-0.979152,0.00206039,2.04629,0.0125805,0.358216,-0.0113722
-0.00347809,-0.978438,0.00206039,2.04396,0.0125567,0.359786,-0.0113445
-0.00350046,-0.977741,0.00206039,2.04154,0.0125348,0.361404,-0.0113152
-0.00352176,-0.977009,0.00205948,2.03921,0.0125139,0.362957,-0.0112801
-0.00354413,-0.976298,0.00205948,2.03679,0.0124939,0.364557,-0.0112439
-0.00355372,-0.97594,0.00205902,2.03563,0.0124844,0.365318,-0.0112279
-0.00358142,-0.974823,0.0020581,2.03204,0.0124568,0.367652,-0.011181
-0.00359793,-0.974059,0.00205764,2.0297,0.0124378,0.369154,-0.0111496
-0.00361178,-0.973316,0.00205718,2.02728,0.0124207,0.370705,-0.0111192
-0.00362456,-0.972534,0.00205672,2.02495,0.0124026,0.372198,-0.011091
-0.00363362,-0.971771,0.0020558,2.02254,0.0123864,0.373737,-0.0110633
-0.00364214,-0.970977,0.00205534,2.02022,0.0123693,0.375212,-0.0110345
-0.00365119,-0.970202,0.00205488,2.01782,0.012355,0.376731,-0.011009
-0.00365865,-0.969415,0.00205488,2.0155,0.0123417,0.378182,-0.0109834
-0.00366451,-0.968594,0.00205442,2.01311,0.0123294,0.37969,-0.0109594
-0.00366984,-0.967798,0.00205442,2.0108,0.0123132,0.381138,-0.0109349
-0.0036741,-0.96696,0.00205396,2.00841,0.0122961,0.382728,-0.0109136
-0.00367783,-0.966154,0.00205396,2.00611,0.0122799,0.38405,-0.0108939
-0.00368049,-0.965311,0.00205351,2.00372,0.0122656,0.385652,-0.0108769
-0.00368209,-0.964486,0.00205351,2.00141,0.0122552,0.387066,-0.0108598
-0.00368368,-0.963623,0.00205351,1.99903,0.0122475,0.38853,-0.0108433
-0.00368528,-0.96279,0.00205351,1.99674,0.0122409,0.389999,-0.0108284
-0.00368688,-0.961918,0.00205351,1.99436,0.0122371,0.3914,-0.0108151
-0.00368741,-0.961073,0.00205351,1.99207,0.0122247,0.392802,-0.0108018
-0.00368741,-0.960187,0.00205351,1.9897,0.0122104,0.393556,-0.0107885
-0.00368795,-0.959325,0.00205351,1.98742,0.0121952,0.394951,-0.0107741
-0.00368795,-0.958425,0.00205351,1.98505,0.012181,0.396386,-0.0107608
-0.00368795,-0.957554,0.00205351,1.98277,0.0121705,0.39777,-0.0107491
-0.00368795,-0.95664,0.00205351,1.9804,0.0121619,0.399209,-0.0107379
-0.00368795,-0.955752,0.00205351,1.97811,0.0121524,0.400587,-0.0107261
-0.00368795,-0.954861,0.00205351,1.97574,0.0121353,0.402014,-0.0107128
-0.00368848,-0.953922,0.00205351,1.97345,0.0121153,0.403394,-0.010699
-0.00368848,-0.953015,0.00205351,1.9709,0.0120953,0.40482,-0.0106835
-0.00368848,-0.95207,0.00205351,1.96861,0.0120801,0.406196,-0.0106702
-0.00368848,-0.951153,0.00205351,1.96623,0.0120687,0.40763,-0.010658
-0.00368901,-0.950199,0.00205351,1.96395,0.0120582,0.409005,-0.0106457
-0.00368901,-0.949272,0.00205351,1.96157,0.0120459,0.410446,-0.0106324
-0.00368901,-0.948302,0.00205351,1.95929,0.0120316,0.411836,-0.0106196
-0.00368954,-0.947331,0.00205351,1.95692,0.0120173,0.413264,-0.0106063
-0.00369008,-0.946386,0.00205351,1.95578,0.012005,0.414641,-0.0105925
-0.00369061,-0.94544,0.00205351,1.9534,0.0119926,0.41603,-0.0105781
-0.00369061,-0.944449,0.00205305,1.95111,0.0119783,0.417466,-0.0105626
-0.00369114,-0.943486,0.00205305,1.94883,0.0119631,0.418845,-0.0105456
-0.00369221,-0.94248,0.00205305,1.94645,0.011946,0.420284,-0.0105285
-0.00369327,-0.941506,0.00205259,1.94406,0.0119298,0.421675,-0.0105126
-0.00369434,-0.94049,0.00205259,1.94175,0.0119174,0.4231,-0.0104971
-0.0036954,-0.939509,0.00205213,1.93944,0.0119051,0.424486,-0.0104838
-0.00369647,-0.938483,0.00205167,1.93704,0.0118908,0.425931,-0.0104668
-0.00369753,-0.937487,0.00205121,1.93472,0.0118737,0.427318,-0.0104486
-0.00369807,-0.936452,0.00205075,1.93232,0.0118556,0.428705,-0.0104284
-0.00369913,-0.935446,0.00205029,1.93001,0.0118394,0.430152,-0.0104076
-0.0037002,-0.934404,0.00204983,1.92761,0.0118252,0.431596,-0.0103879
-0.00370126,-0.933395,0.00204983,1.9253,0.0118109,0.432981,-0.0103703
-0.00370126,-0.932343,0.00204983,1.9229,0.0117966,0.434375,-0.0103517
-0.00370126,-0.931327,0.00204937,1.92059,0.0117824,0.43582,-0.0103288
-0.00370179,-0.930268,0.00204891,1.91819,0.0117671,0.437207,-0.010308
-0.00370233,-0.929248,0.00204891,1.91588,0.0117557,0.438649,-0.0102974
-0.00370286,-0.928186,0.00204845,1.91347,0.0117453,0.440033,-0.0102782
-0.00370286,-0.927159,0.00204845,1.91115,0.0117348,0.441469,-0.0102622
-0.00370339,-0.926015,0.002048,1.90873,0.0117215,0.442857,-0.0102452
-0.00370339,-0.924984,0.00204754,1.90639,0.0117063,0.444295,-0.0102271
-0.00370392,-0.923912,0.00204708,1.90395,0.011691,0.445677,-0.0102058
-0.00370446,-0.92288,0.00204662,1.9016,0.0116806,0.447126,-0.0101871
-0.00370446,-0.921805,0.00204616,1.89916,0.0116749,0.448531,-0.010169
-0.00370446,-0.920772,0.00204616,1.8968,0.0116692,0.449981,-0.0101509
-0.00370499,-0.919694,0.00204616,1.89435,0.0116606,0.451379,-0.0101339
-0.00370605,-0.918661,0.0020457,1.89198,0.0116492,0.452842,-0.0101173
-0.00370659,-0.918146,0.0020457,1.88951,0.011634,0.454245,-0.0100992
-0.00370712,-0.917076,0.00204524,1.88714,0.0116206,0.455706,-0.0100806
-0.00370765,-0.916009,0.00204524,1.88466,0.0116083,0.457119,-0.0100604
-0.00370872,-0.91498,0.00204432,1.88228,0.0116007,0.45858,-0.0100433
-0.00371032,-0.913913,0.00204432,1.87979,0.011593,0.459992,-0.0100273
-0.00371138,-0.912888,0.00204386,1.8774,0.0115854,0.461468,-0.0100119
-0.00371351,-0.911823,0.0020434,1.87491,0.011575,0.462889,-0.00999697
-0.00371564,-0.910794,0.00204294,1.87252,0.0115607,0.464363,-0.00998046
-0.00371884,-0.909726,0.00204294,1.87003,0.0115483,0.465793,-0.00996235
-0.00372257,-0.908693,0.00204294,1.86764,0.0115379,0.467285,-0.00994531
-0.00372629,-0.907628,0.00204249,1.86515,0.0115293,0.468725,-0.00992826
-0.00373162,-0.906596,0.00204249,1.86276,0.0115236,0.47023,-0.00991229
-0.00373801,-0.905526,0.00204249,1.86027,0.0115169,0.471676,-0.00989577
-0.00374121,-0.90501,0.00204203,1.85907,0.0115141,0.472401,-0.0098798
-0.00375133,-0.90342,0.00204203,1.85538,0.0115046,0.474643,-0.00986169
-0.00375452,-0.902905,0.00204203,1.85417,0.0115017,0.475425,-0.00985316
-0.00376571,-0.901315,0.00204203,1.85046,0.0114884,0.477603,-0.00982547
-0.00376997,-0.900279,0.00204203,1.84804,0.011476,0.479128,-0.00980736
-0.00378009,-0.899203,0.00204203,1.84552,0.0114618,0.480592,-0.00978818
-0.00379234,-0.898166,0.00204203,1.84308,0.0114504,0.482109,-0.00976954
-0.00380726,-0.897089,0.00204203,1.84055,0.0114446,0.483587,-0.0097477
-0.00382536,-0.896049,0.00204157,1.8381,0.0114418,0.485121,-0.0097248
-0.00384667,-0.89497,0.00204203,1.83557,0.0114389,0.486599,-0.0097019
-0.00387117,-0.893929,0.00204203,1.83312,0.0114313,0.488148,-0.00968006
-0.0038962,-0.892846,0.00204203,1.83058,0.011419,0.48963,-0.00965715
-0.00392124,-0.891804,0.00204203,1.82813,0.0114018,0.491167,-0.00963532
-0.00394148,-0.890719,0.00204203,1.82558,0.0113809,0.492653,-0.00961028
-0.00396119,-0.889677,0.00204203,1.82312,0.0113657,0.494197,-0.00958472
-0.00397876,-0.888594,0.00204203,1.82056,0.0113571,0.49568,-0.00955702
-0.00399368,-0.887557,0.00204157,1.8181,0.0113495,0.497219,-0.00953039
-0.0040006,-0.887039,0.00204157,1.81687,0.0113457,0.497961,-0.00951707
-0.00401871,-0.885448,0.00204157,1.81307,0.0113248,0.500238,-0.00948032
-0.00402883,-0.884381,0.00204157,1.8105,0.0113067,0.501725,-0.00945635
-0.00403842,-0.883354,0.00204111,1.80803,0.0112886,0.503254,-0.00943665
-0.00404747,-0.882293,0.00204065,1.80547,0.0112753,0.504737,-0.00941534
-0.00405706,-0.88127,0.00204019,1.803,0.0112658,0.506289,-0.00939563
-0.00406611,-0.880208,0.00203973,1.80043,0.0112544,0.507779,-0.00937166
-0.00407517,-0.879185,0.00203927,1.79796,0.011242,0.509268,-0.00934876
-0.00408476,-0.878124,0.00203835,1.79539,0.0112258,0.510821,-0.00932799
-0.00409701,-0.877107,0.00203743,1.79291,0.0112125,0.512318,-0.00930775
-0.00410766,-0.876053,0.00203697,1.79033,0.0112011,0.513871,-0.00928698
-0.00411991,-0.875033,0.00203606,1.78785,0.0111944,0.515375,-0.00926407
-0.00413216,-0.873981,0.00203606,1.78526,0.011184,0.517039,-0.00924064
-0.00414494,-0.872964,0.00203514,1.78277,0.0111726,0.518592,-0.0092188
-0.00415879,-0.871914,0.00203514,1.78017,0.0111593,0.520093,-0.00919856
-0.00417371,-0.870904,0.00203468,1.77767,0.0111459,0.521646,-0.00918045
-0.00418755,-0.86989,0.00203422,1.77507,0.0111336,0.523143,-0.00916074
-0.00420194,-0.868839,0.00203422,1.77257,0.0111231,0.524715,-0.0091405
-0.00421685,-0.867824,0.00203422,1.76997,0.0111117,0.525469,-0.00911653
-0.00422857,-0.866773,0.00203422,1.76727,0.0111003,0.526972,-0.00909576
-0.00424135,-0.865761,0.00203376,1.76466,0.0110879,0.528531,-0.00907392
-0.00425413,-0.864707,0.00203422,1.76215,0.0110765,0.53009,-0.00905102
-0.00426585,-0.863694,0.00203422,1.75954,0.011067,0.531602,-0.00902812
-0.00427757,-0.862642,0.00203422,1.75702,0.0110594,0.533184,-0.00900468
-0.00428982,-0.861626,0.00203376,1.7544,0.0110518,0.534703,-0.00897858
-0.00430101,-0.860572,0.00203422,1.75188,0.0110441,0.536284,-0.00895515
-0.00431166,-0.859558,0.00203422,1.75052,0.0110346,0.537811,-0.00892851
-0.00432231,-0.858507,0.00203376,1.748,0.0110223,0.539389,-0.00890188
-0.0043335,-0.857497,0.00203376,1.74538,0.0110099,0.540925,-0.00887632
-0.00434255,-0.856447,0.00203376,1.74286,0.0109985,0.542529,-0.00884862
-0.00435161,-0.855441,0.00203376,1.74024,0.0109899,0.544071,-0.00882305
-0.00436013,-0.854398,0.00203376,1.73771,0.0109814,0.545675,-0.00879802
-0.00436971,-0.853399,0.0020333,1.73508,0.0109737,0.547228,-0.00877405
-0.0043793,-0.852366,0.0020333,1.73255,0.0109633,0.548825,-0.00874955
-0.00438942,-0.851371,0.00203284,1.72991,0.0109528,0.55037,-0.00872398
-0.00439794,-0.850376,0.00203284,1.72737,0.0109414,0.55193,-0.00870001
-0.0044054,-0.849345,0.00203192,1.72482,0.01093,0.553538,-0.00867924
-0.00441392,-0.848355,0.00203146,1.72217,0.0109186,0.555136,-0.00866007
-0.00441818,-0.847821,0.00203146,1.72089,0.0109138,0.555907,-0.00865155
-0.00443043,-0.846336,0.00203055,1.71694,0.0109014,0.558276,-0.00862119
-0.00443736,-0.84531,0.00203055,1.71437,0.0108957,0.559819,-0.00860201
-0.00444375,-0.844323,0.00203009,1.7117,0.01089,0.561357,-0.00858603
-0.00444854,-0.843296,0.00202963,1.70913,0.0108843,0.562957,-0.00857059
-0.00445067,-0.842802,0.00202963,1.70784,0.0108796,0.563729,-0.008561
-0.0044544,-0.841275,0.00202963,1.70387,0.0108624,0.566097,-0.00853383
-0.00445707,-0.840249,0.00202917,1.70118,0.0108501,0.567633,-0.00851253
-0.0044592,-0.83926,0.00202963,1.69858,0.0108377,0.569233,-0.00849442
-0.00446026,-0.83827,0.00202963,1.69589,0.0108301,0.570832,-0.0084859
-0.00446079,-0.83724,0.00202963,1.69329,0.0108234,0.572378,-0.00847205
-0.00446133,-0.836248,0.00202963,1.69068,0.0108177,0.573928,-0.00845554
-0.00446186,-0.83522,0.00202963,1.68798,0.0108101,0.575532,-0.00844062
-0.00446293,-0.834113,0.00202963,1.68537,0.0107968,0.577082,-0.00842518
-0.00446293,-0.833123,0.00202917,1.68266,0.0107835,0.5787,-0.00840813
-0.00446293,-0.832093,0.00202963,1.68005,0.0107692,0.580255,-0.00839002
-0.00446346,-0.831097,0.00202963,1.67734,0.0107568,0.58188,-0.00836978
-0.00446346,-0.830061,0.00202963,1.67473,0.0107464,0.583445,-0.00835008
-0.00446399,-0.829068,0.00202963,1.67202,0.0107359,0.585066,-0.0083309
-0.00446399,-0.828071,0.00202917,1.6694,0.0107245,0.586635,-0.00831386
-0.00446399,-0.827038,0.00202917,1.66669,0.0107102,0.588274,-0.00829575
-0.00446506,-0.826542,0.00202917,1.66407,0.010695,0.589857,-0.00827497
-0.00446506,-0.826045,0.00202917,1.66265,0.0106874,0.590648,-0.00826326
-0.00446612,-0.824517,0.00202917,1.65871,0.0106636,0.593089,-0.00822917
-0.00446665,-0.823492,0.00202871,1.65597,0.0106494,0.594748,-0.00820467
-0.00446719,-0.822507,0.00202825,1.65334,0.010637,0.596353,-0.00818176
-0.00446825,-0.821489,0.00202779,1.65059,0.0106246,0.598027,-0.0081578
-0.00446932,-0.820504,0.00202733,1.64794,0.0106084,0.599654,-0.00813116
-0.00447038,-0.819486,0.00202687,1.6452,0.0105894,0.601338,-0.00810347
-0.00447038,-0.818506,0.00202687,1.64254,0.0105675,0.602965,-0.0080763
-0.00447091,-0.817487,0.00202641,1.63978,0.0105466,0.60467,-0.00804967
-0.00447198,-0.816509,0.00202595,1.63712,0.0105295,0.606314,-0.00802357
-0.00447305,-0.815494,0.0020255,1.63436,0.0105143,0.608022,-0.00799641
-0.00447358,-0.81452,0.0020255,1.6317,0.0104981,0.609683,-0.00796765
-0.00447358,-0.813514,0.00202458,1.62893,0.0104772,0.611405,-0.00793995
-0.00447358,-0.812546,0.00202458,1.62626,0.0104562,0.613068,-0.00791438
-0.00447358,-0.811546,0.00202412,1.62349,0.0104382,0.614815,-0.00788882
-0.00447411,-0.810587,0.00202366,1.62082,0.010421,0.616494,-0.00786218
-0.00447411,-0.809595,0.00202366,1.61806,0.0104011,0.618238,-0.00783609
-0.00447411,-0.809121,0.0020232,1.61673,0.0103925,0.619083,-0.00782383
-0.00447411,-0.807662,0.0020232,1.61265,0.0103583,0.621699,-0.00778868
-0.00447411,-0.807189,0.0020232,1.61132,0.0103459,0.622551,-0.00777643
-0.00447411,-0.806248,0.0020232,1.60867,0.0103202,0.624249,-0.00775246
-0.00447411,-0.805275,0.00202274,1.60592,0.0102964,0.626017,-0.00772903
-0.00447411,-0.804344,0.00202274,1.60327,0.0102755,0.627731,-0.00770239
-0.00447411,-0.803844,0.00202274,1.60185,0.010266,0.628655,-0.00768961
-0.00447411,-0.802458,0.00202228,1.59788,0.0102346,0.631237,-0.00764807
-0.00447464,-0.801961,0.00202228,1.59645,0.0102213,0.632099,-0.00763582
-0.00447464,-0.801044,0.00202182,1.5938,0.0101946,0.633885,-0.00760918
-0.00447518,-0.8001,0.00202136,1.59105,0.0101661,0.635689,-0.00757936
-0.00447518,-0.799644,0.0020209,1.58973,0.0101518,0.636561,-0.00756604
-0.00447571,-0.798739,0.00202044,1.58707,0.0101242,0.638308,-0.00753675
-0.00447624,-0.797806,0.00201998,1.58432,0.0100976,0.640129,-0.00750692
-0.00447677,-0.796464,0.00201907,1.58035,0.0100576,0.642829,-0.00745845
-0.00447731,-0.795108,0.00201861,1.57628,0.0100167,0.645473,-0.00740625
-0.00447731,-0.794198,0.00201815,1.57352,0.00998819,0.647311,-0.0073695
-0.00447784,-0.793334,0.00201769,1.57088,0.00995775,0.649088,-0.00732849
-0.00447784,-0.792906,0.00201723,1.56812,0.00992636,0.650952,-0.0072912
-0.00447784,-0.791594,0.00201677,1.56547,0.00989211,0.652753,-0.00725339
-0.00447784,-0.790725,0.00201631,1.56273,0.00985977,0.654629,-0.0072161
-0.00447784,-0.790311,0.00201631,1.56141,0.0098436,0.655535,-0.00719693
-0.00447837,-0.789488,0.00201585,1.55877,0.00982457,0.657569,-0.00715911
-0.00447837,-0.788641,0.00201585,1.55605,0.00979032,0.659409,-0.00712023
-0.00447837,-0.787835,0.00201585,1.55344,0.00975322,0.661325,-0.00707815
-0.00447837,-0.786224,0.00201539,1.54814,0.00967521,0.665098,-0.00700411
-0.00447837,-0.785803,0.00201539,1.54674,0.00965619,0.666025,-0.006986
-0.0044789,-0.783858,0.00201447,1.54019,0.00956106,0.669831,-0.00689279
-0.0044789,-0.783105,0.00201447,1.53761,0.00952396,0.671709,-0.00685338
-0.0044789,-0.78197,0.00201402,1.53344,0.00946593,0.674599,-0.00679745
-0.00447944,-0.781211,0.00201356,1.53097,0.00942312,0.676552,-0.00675964
-0.00447944,-0.780492,0.00201356,1.52839,0.00938602,0.678448,-0.00671756
-0.00447997,-0.779759,0.00201264,1.52553,0.00934892,0.68042,-0.00667654
-0.00447997,-0.778711,0.00201218,1.52158,0.00929469,0.683349,-0.00661369
-0.00447997,-0.778339,0.00201218,1.5203,0.00927662,0.684309,-0.00659399
-0.00447997,-0.777662,0.00201172,1.51774,0.00924142,0.686228,-0.00655031
-0.00447997,-0.776968,0.00201172,1.51509,0.00920527,0.688215,-0.00651196
-0.00447997,-0.776303,0.0020108,1.51255,0.00916722,0.690133,-0.00647308
-0.0044805,-0.775976,0.0020108,1.51118,0.00914819,0.691091,-0.00645604
-0.0044805,-0.774985,0.00201034,1.5074,0.00909682,0.694054,-0.00640384
-0.0044805,-0.77433,0.00200988,1.50614,0.00905972,0.696061,-0.00637028
-0.0044805,-0.774017,0.00200988,1.50479,0.0090426,0.697023,-0.0063543
-0.0044805,-0.773404,0.00200942,1.50228,0.00900169,0.698956,-0.00632394
-0.0044805,-0.772776,0.00200896,1.4997,0.00896364,0.700964,-0.00629625
-0.0044805,-0.772182,0.00200896,1.49721,0.00892654,0.70298,-0.00626748
-0.0044805,-0.771865,0.00200851,1.49588,0.00890941,0.703951,-0.00625044
-0.0044805,-0.771284,0.00200851,1.49341,0.00887612,0.705886,-0.00622008
-0.0044805,-0.770715,0.00200851,1.49085,0.00884377,0.707893,-0.00618759
-0.0044805,-0.770135,0.00200759,1.4884,0.00881143,0.709837,-0.00615936
-0.00447997,-0.769589,0.00200759,1.48585,0.00877908,0.711852,-0.00613166
-0.00447997,-0.769032,0.00200713,1.4834,0.00874959,0.713794,-0.00610397
-0.00447997,-0.768766,0.00200713,1.48218,0.00873437,0.714844,-0.00608958
-0.00447997,-0.767957,0.00200667,1.47844,0.00869537,0.717763,-0.00604218
-0.00447997,-0.767445,0.00200621,1.47592,0.00867159,0.719803,-0.0060262
-0.00447997,-0.766928,0.00200621,1.4735,0.0086478,0.721772,-0.00599105
-0.00447997,-0.766438,0.00200575,1.471,0.00862212,0.723812,-0.00595536
-0.00447944,-0.765935,0.00200483,1.46859,0.00859643,0.725783,-0.00591648
-0.00447944,-0.765462,0.00200437,1.46611,0.0085698,0.727827,-0.0058776
-0.00447944,-0.764986,0.00200391,1.46372,0.00854697,0.729798,-0.00583871
-0.00447944,-0.764541,0.00200345,1.46125,0.00852223,0.731854,-0.00579983
-0.00447944,-0.764086,0.00200299,1.45888,0.0084975,0.733829,-0.00575882
-0.00447944,-0.763654,0.00200254,1.45643,0.00847181,0.735887,-0.00571887
-0.00447944,-0.763217,0.00200208,1.45407,0.00844708,0.73785,-0.00567786
-0.0044789,-0.762806,0.00200162,1.45163,0.00842234,0.73981,-0.00563898
-0.0044789,-0.762366,0.0020007,1.44929,0.00839761,0.741852,-0.00559796
-0.00447837,-0.761982,0.00200024,1.44687,0.00837193,0.743806,-0.00555962
-0.00447837,-0.761591,0.00199932,1.44455,0.00834339,0.74583,-0.00552073
-0.00447837,-0.761226,0.0019984,1.44215,0.00831294,0.747775,-0.00548558
-0.00447784,-0.761033,0.00199794,1.44099,0.00829772,0.748822,-0.00546587
-0.00447784,-0.76051,0.00199748,1.43746,0.0082473,0.751725,-0.00540462
-0.00447731,-0.76034,0.00199703,1.43631,0.00823113,0.752693,-0.00538491
-0.00447731,-0.760163,0.00199611,1.43404,0.00819974,0.754696,-0.0053439
-0.00447731,-0.75984,0.00199565,1.43169,0.00816644,0.756626,-0.00530289
-0.00447677,-0.759512,0.00199473,1.42944,0.0081322,0.758631,-0.00525815
-0.00447677,-0.759192,0.00199473,1.42711,0.00809605,0.760556,-0.0052134
-0.00447624,-0.758892,0.00199381,1.42489,0.00805895,0.762556,-0.005166
-0.00447571,-0.758592,0.00199335,1.42258,0.00802375,0.764474,-0.0051186
-0.00447518,-0.758289,0.00199289,1.42038,0.00798665,0.766464,-0.005068
-0.00447464,-0.758008,0.00199243,1.4181,0.00795145,0.768368,-0.00502059
-0.00447411,-0.75772,0.00199152,1.41591,0.0079134,0.770343,-0.00497478
-0.00447358,-0.75745,0.00199152,1.41365,0.00787344,0.77224,-0.00493271
-0.00447358,-0.757181,0.00199014,1.41148,0.00783539,0.774126,-0.0048901
-0.00447358,-0.756933,0.00198968,1.40923,0.00779448,0.776084,-0.00485121
-0.00447305,-0.756677,0.00198876,1.40707,0.00775643,0.777963,-0.00481393
-0.00447251,-0.756556,0.0019883,1.40599,0.00773645,0.778971,-0.00479689
-0.00447198,-0.756194,0.00198784,1.4027,0.00767652,0.781858,-0.00474149
-0.00447145,-0.755969,0.00198692,1.40048,0.00763466,0.783738,-0.00470581
-0.00447091,-0.755752,0.00198646,1.39836,0.00759376,0.785616,-0.00467332
-0.00446985,-0.755532,0.001986,1.39618,0.00754905,0.787563,-0.00464189
-0.00446932,-0.755324,0.001986,1.39408,0.00750243,0.789439,-0.0046094
-0.00446825,-0.755114,0.00198555,1.39198,0.00745296,0.791372,-0.00457797
-0.00446719,-0.754919,0.00198555,1.38982,0.00740635,0.793234,-0.00454868
-0.00446665,-0.754732,0.00198555,1.38775,0.00735974,0.795164,-0.00451725
-0.00446612,-0.754558,0.00198509,1.38561,0.00731788,0.797091,-0.00448317
-0.00446452,-0.754381,0.00198509,1.38356,0.00727222,0.798948,-0.00444961
-0.00446346,-0.754213,0.00198463,1.38144,0.0072275,0.800852,-0.00441552
-0.00446239,-0.75405,0.00198463,1.37941,0.0071866,0.802685,-0.0043841
-0.00446133,-0.7539,0.00198417,1.37731,0.00715045,0.804516,-0.00435374
-0.00446026,-0.753756,0.00198417,1.37529,0.0071143,0.8064,-0.00432391
-0.0044592,-0.753623,0.00198371,1.37321,0.0070753,0.8082,-0.00429355
-0.0044576,-0.753484,0.00198325,1.37121,0.00703915,0.810069,-0.00426212
-0.00445707,-0.753419,0.00198325,1.37014,0.00702012,0.810966,-0.00424881
-0.00445547,-0.753234,0.00198279,1.36718,0.00696494,0.813712,-0.00421099
-0.0044544,-0.753117,0.00198233,1.36514,0.0069345,0.815487,-0.00418596
-0.00445334,-0.753007,0.00198233,1.36319,0.00690406,0.81732,-0.00416146
-0.00445121,-0.752909,0.00198187,1.36118,0.00687457,0.819142,-0.00413749
-0.00445014,-0.752806,0.00198141,1.35925,0.00683842,0.820891,-0.00411405
-0.00444801,-0.752711,0.00198095,1.35726,0.00680227,0.822633,-0.00409221
-0.00444588,-0.752623,0.00198095,1.35535,0.00676612,0.824441,-0.00406984
-0.00444375,-0.752549,0.00198049,1.35338,0.00673092,0.826378,-0.0040512
-0.00444162,-0.752471,0.00198004,1.35149,0.00669668,0.827969,-0.00403309
-0.00443896,-0.752397,0.00197958,1.34953,0.0066786,0.829886,-0.00401392
-0.00443683,-0.752325,0.00197912,1.34766,0.00664816,0.831595,-0.00399314
-0.00443523,-0.752295,0.00197912,1.34665,0.00663294,0.832443,-0.00398356
-0.00443097,-0.752206,0.0019782,1.34385,0.00658823,0.835049,-0.00395213
-0.00442777,-0.752148,0.00197728,1.34193,0.00655588,0.836794,-0.00393242
-0.00442458,-0.752085,0.00197682,1.34008,0.00652164,0.838474,-0.00391218
-0.00442085,-0.752025,0.00197636,1.33818,0.00649119,0.839312,-0.00389248
-0.00441712,-0.751968,0.0019759,1.33635,0.00646361,0.841053,-0.00387011
-0.00441392,-0.751921,0.00197498,1.33447,0.00643887,0.842791,-0.00385146
-0.00441179,-0.751897,0.00197498,1.33342,0.00642555,0.843625,-0.00383975
-0.00440593,-0.751835,0.00197407,1.33066,0.00638179,0.846191,-0.00380566
-0.00440221,-0.751791,0.00197315,1.3288,0.00635706,0.847854,-0.00377903
-0.00439794,-0.751747,0.00197223,1.32702,0.00633137,0.849574,-0.00375346
-0.00439635,-0.751725,0.00197223,1.32614,0.00631901,0.850405,-0.00374014
-0.00439155,-0.751679,0.00197131,1.3243,0.00629332,0.852067,-0.00371138
-0.00438676,-0.75164,0.00197039,1.32255,0.00626669,0.853772,-0.00368475
-0.00438143,-0.751603,0.00196947,1.32073,0.00624005,0.85542,-0.00365652
-0.00437664,-0.75157,0.00196856,1.31899,0.00621436,0.857134,-0.00362403
-0.00437398,-0.751555,0.00196764,1.31813,0.006202,0.857954,-0.00360752
-0.00436971,-0.751528,0.00196672,1.31633,0.00617536,0.859587,-0.00357449
-0.00436439,-0.751504,0.00196534,1.31462,0.00614682,0.861285,-0.003542
-0.00435959,-0.751481,0.00196442,1.31376,0.00611733,0.862899,-0.00351271
-0.00435374,-0.751459,0.00196305,1.31199,0.00609069,0.864572,-0.00348128
-0.00434734,-0.751439,0.00196213,1.3103,0.00606501,0.866192,-0.00344507
-0.00434362,-0.75143,0.00196167,1.30939,0.00605264,0.867057,-0.00342962
-0.00433722,-0.751409,0.00196075,1.30771,0.0060241,0.868654,-0.00340032
-0.00433083,-0.751389,0.00195937,1.30604,0.00599081,0.870309,-0.00337263
-0.00432391,-0.75137,0.00195845,1.30432,0.00595941,0.871895,-0.003346
-0.00431752,-0.751351,0.00195754,1.30266,0.00592897,0.873537,-0.00331777
-0.00430899,-0.751333,0.00195708,1.30095,0.00589758,0.87511,-0.003289
-0.00430047,-0.751319,0.00195616,1.29931,0.00586333,0.876721,-0.00327409
-0.00429035,-0.751305,0.00195524,1.29761,0.00582908,0.878271,-0.00324639
-0.00428023,-0.751295,0.00195478,1.29599,0.00579674,0.879881,-0.00321657
-0.00426905,-0.751288,0.00195432,1.29431,0.00576725,0.88142,-0.0031894
-0.00425733,-0.751284,0.0019534,1.2927,0.00573681,0.883015,-0.00315691
-0.00424348,-0.751281,0.0019534,1.29109,0.00570637,0.884545,-0.00312655
-0.00422857,-0.751279,0.00195248,1.28944,0.00567402,0.886124,-0.00309406
-0.00421312,-0.751277,0.00195202,1.28784,0.00564263,0.887644,-0.0030653
-0.00419714,-0.751276,0.00195111,1.28619,0.00561124,0.889214,-0.00303707
-0.0041801,-0.751275,0.00195019,1.28461,0.00557984,0.890712,-0.00300351
-0.00416199,-0.751275,0.00194927,1.28297,0.0055456,0.89227,-0.00296942
-0.00414068,-0.751274,0.00194835,1.2814,0.0055123,0.893759,-0.0029364
-0.00411884,-0.751274,0.00194789,1.27978,0.00547615,0.8953,-0.00290072
-0.00409488,-0.751273,0.00194697,1.27823,0.00543905,0.896782,-0.00286556
-0.00407038,-0.751272,0.00194651,1.27662,0.0054029,0.898304,-0.00283414
-0.00404374,-0.751271,0.00194606,1.27508,0.0053677,0.899769,-0.00280005
-0.00401818,-0.75127,0.0019456,1.27349,0.00533155,0.901296,-0.00276756
-0.00400646,-0.751269,0.00194514,1.27273,0.00531253,0.902028,-0.00275158
-0.00398302,-0.751265,0.00194514,1.27121,0.00527352,0.903544,-0.00272015
-0.00396172,-0.751262,0.00194468,1.26965,0.00523642,0.904991,-0.00269246
-0.00394148,-0.751259,0.00194468,1.26815,0.00519837,0.906493,-0.00266423
-0.0039239,-0.751255,0.00194422,1.26659,0.00516222,0.907938,-0.00263653
-0.00391431,-0.751253,0.00194422,1.26585,0.00514414,0.908662,-0.00262108
-0.00388928,-0.751249,0.00194422,1.26358,0.00508707,0.910883,-0.00257954
-0.00388076,-0.751248,0.00194422,1.26284,0.00506519,0.911597,-0.00256516
-0.00386531,-0.751247,0.00194376,1.26137,0.00502713,0.913081,-0.00253746
-0.00385786,-0.751246,0.00194376,1.26059,0.00500811,0.913796,-0.00252521
-0.00383442,-0.751245,0.00194376,1.25841,0.00495293,0.915977,-0.00248899
-0.00381684,-0.751243,0.00194376,1.2569,0.00491393,0.917393,-0.00246449
-0.00379607,-0.751242,0.0019433,1.25547,0.00487493,0.918865,-0.00243946
-0.00378435,-0.751242,0.0019433,1.2547,0.0048559,0.919571,-0.00242827
-0.00375666,-0.75124,0.0019433,1.25327,0.00481499,0.921031,-0.00240324
-0.00372576,-0.75124,0.00194284,1.25179,0.00477504,0.922435,-0.00237874
-0.00369008,-0.75124,0.00194284,1.25039,0.00473318,0.923843,-0.00235104
-0.00365705,-0.75124,0.00194238,1.24898,0.00469132,0.925275,-0.00232547
-0.00362669,-0.75124,0.00194146,1.24754,0.00464851,0.926653,-0.00229778
-0.00359953,-0.75124,0.001941,1.24615,0.00460475,0.928089,-0.00227221
-0.00357396,-0.75124,0.00194055,1.24472,0.00455814,0.929458,-0.00224451
-0.00355159,-0.751241,0.00194009,1.2433,0.00451533,0.930868,-0.00221788
-0.00352762,-0.751241,0.00193917,1.24194,0.00447062,0.932223,-0.00219018
-0.00350632,-0.751241,0.00193871,1.24059,0.00442591,0.933625,-0.00216195
-0.00348608,-0.751242,0.00193825,1.23919,0.00438215,0.934965,-0.00213213
-0.00347543,-0.751242,0.00193825,1.23853,0.00436217,0.935629,-0.00211881
-0.00345305,-0.751242,0.00193779,1.2372,0.00432697,0.937008,-0.00209324
-0.00342855,-0.751243,0.00193779,1.23582,0.00429273,0.938325,-0.00206874
-0.00340032,-0.751244,0.00193779,1.23451,0.00426133,0.939686,-0.00204264
-0.00338541,-0.751245,0.00193733,1.23315,0.00422994,0.940994,-0.00201708
-0.00335132,-0.751246,0.00193733,1.23186,0.0041976,0.942347,-0.00198938
-0.00331457,-0.751247,0.00193687,1.23051,0.00416335,0.943692,-0.00196595
-0.00327462,-0.751249,0.00193687,1.22924,0.00413196,0.944987,-0.00194411
-0.00323574,-0.751251,0.00193641,1.22791,0.00410246,0.946279,-0.0019228
-0.00319846,-0.751253,0.00193595,1.22665,0.00407297,0.947611,-0.00190416
-0.00316437,-0.751254,0.00193549,1.22533,0.00403207,0.949581,-0.00187433
-0.00311483,-0.751256,0.00193503,1.22341,0.00400448,0.950855,-0.00185622
-0.00308128,-0.751259,0.00193412,1.22216,0.00397975,0.952166,-0.00184024
-0.0030424,-0.751261,0.0019332,1.22088,0.00396548,0.953525,-0.00182213
-0.00300192,-0.751263,0.00193228,1.21965,0.00393599,0.954835,-0.00180509
-0.00295558,-0.751265,0.0019309,1.21838,0.00390364,0.956078,-0.00178911
-0.00290924,-0.751268,0.00192998,1.21716,0.00387415,0.95736,-0.00177473
-0.00286237,-0.751271,0.00192861,1.21596,0.00384371,0.958595,-0.00175822
-0.00281816,-0.751274,0.00192769,1.21472,0.00381612,0.959873,-0.00174224
-0.00277448,-0.751278,0.00192631,1.21352,0.00378758,0.961084,-0.0017252
-0.002734,-0.751282,0.00192539,1.2123,0.00375714,0.962342,-0.00170709
-0.00267222,-0.751288,0.00192493,1.2105,0.00370767,0.963563,-0.00168205
-0.00262854,-0.751292,0.00192493,1.20934,0.00367723,0.964823,-0.0016698
-0.00257954,-0.751296,0.00192447,1.20815,0.00364869,0.966024,-0.00165649
-0.00253373,-0.751302,0.00192447,1.20701,0.00361825,0.967261,-0.00164211
-0.00248846,-0.751308,0.00192447,1.20583,0.00358781,0.968504,-0.00162613
-0.00244904,-0.751314,0.00192447,1.2047,0.00356022,0.969693,-0.00161121
-0.00239631,-0.751326,0.00192447,1.20297,0.00351931,0.971521,-0.00158618
-0.00236382,-0.751336,0.00192447,1.20187,0.00348982,0.972712,-0.00156913
-0.00233399,-0.751346,0.00192447,1.20073,0.00346033,0.973942,-0.00155103
-0.00230523,-0.751358,0.00192447,1.19963,0.00343275,0.975123,-0.00153078
-0.00227327,-0.75137,0.00192447,1.19851,0.00340706,0.976353,-0.00151108
-0.00224238,-0.751385,0.00192401,1.19743,0.00338042,0.977524,-0.00149084
-0.00220829,-0.751402,0.00192401,1.19633,0.00335093,0.978679,-0.00147113
-0.00217527,-0.751422,0.00192401,1.19522,0.00332049,0.979897,-0.00145036
-0.00214118,-0.751443,0.00192401,1.19418,0.00329195,0.981069,-0.00142852
-0.00210976,-0.751472,0.00192401,1.19314,0.00326341,0.982271,-0.00140668
-0.00207993,-0.751503,0.00192401,1.19207,0.00323392,0.983412,-0.00138378
-0.00205436,-0.751539,0.00192401,1.19104,0.00320538,0.984604,-0.00136088
-0.00202933,-0.751576,0.00192401,1.18998,0.00317684,0.985799,-0.00133584
-0.00200696,-0.751616,0.00192356,1.18898,0.0031445,0.98693,-0.00131241
-0.0019734,-0.751673,0.00192356,1.18736,0.00310074,0.988632,-0.00128098
-0.0019521,-0.751713,0.00192356,1.18633,0.0030703,0.989747,-0.00125968
-0.00192866,-0.751753,0.00192401,1.18534,0.0030389,0.99091,-0.0012389
-0.00190416,-0.751798,0.00192401,1.18433,0.00300656,0.992007,-0.0012144
-0.00187753,-0.751848,0.00192401,1.18337,0.00297326,0.993139,-0.0011915
-0.0018493,-0.751905,0.00192401,1.18241,0.00293711,0.994227,-0.0011686
-0.00181734,-0.751962,0.00192401,1.18189,0.00290192,0.995353,-0.00114676
-0.00178645,-0.752022,0.00192401,1.18095,0.00286767,0.996427,-0.0011361
-0.00175662,-0.752076,0.00192401,1.17998,0.00283437,0.997502,-0.00111746
-0.0017204,-0.752157,0.00192401,1.17856,0.00278491,0.999136,-0.00108977
-0.00171081,-0.752184,0.00192401,1.17811,0.00276968,0.999667,-0.00108018
-0.00168525,-0.75228,0.00192401,1.17671,0.00272497,1.00128,-0.00104982
-0.00167087,-0.752352,0.00192401,1.17581,0.00269548,1.00237,-0.00102798
-0.00166021,-0.752426,0.00192401,1.17488,0.00266599,1.0034,-0.00100614
-0.00164317,-0.752571,0.00192401,1.17308,0.00260416,1.00548,-0.000966727
-0.00163678,-0.75265,0.00192401,1.1722,0.00257372,1.00654,-0.000948618
-0.00163199,-0.75274,0.00192401,1.17131,0.00254518,1.00755,-0.000930508
-0.00162772,-0.752823,0.00192401,1.17045,0.00252044,1.0086,-0.000910801
-0.00162346,-0.752904,0.00192401,1.16956,0.00249761,1.00959,-0.000888963
-0.0016208,-0.752983,0.00192401,1.16871,0.00247288,1.01062,-0.000868723
-0.00161814,-0.753072,0.00192401,1.16784,0.00244434,1.01162,-0.00084795
-0.00161547,-0.75317,0.00192447,1.16701,0.00241295,1.01265,-0.000827178
-0.00161281,-0.753261,0.00192447,1.16616,0.0023825,1.01362,-0.00080534
-0.00161015,-0.753357,0.00192447,1.16534,0.00235492,1.01463,-0.000783502
-0.00160802,-0.753458,0.00192447,1.1645,0.00233113,1.01559,-0.000759534
-0.00160695,-0.753566,0.00192447,1.16369,0.0023064,1.01659,-0.00073663
-0.00160376,-0.753723,0.00192447,1.16247,0.00226835,1.01805,-0.000700411
-0.00160269,-0.753832,0.00192447,1.16168,0.00223886,1.01898,-0.00067591
-0.00160163,-0.753953,0.00192447,1.16087,0.00221412,1.01992,-0.000651942
-0.00160109,-0.754071,0.00192447,1.16008,0.00218844,1.02088,-0.000631169
-0.00160056,-0.754196,0.00192447,1.15927,0.00216465,1.02181,-0.000611994
-0.00160003,-0.754319,0.00192447,1.1585,0.00213992,1.02275,-0.000590156
-0.00160003,-0.754505,0.00192447,1.15734,0.00210758,1.02413,-0.000559796
-0.00159949,-0.754633,0.00192447,1.15658,0.00208855,1.02503,-0.000539024
-0.00159949,-0.754764,0.00192447,1.15581,0.00206952,1.02597,-0.000518784
-0.00159896,-0.754906,0.00192447,1.15503,0.0020524,1.02686,-0.000500674
-0.0015979,-0.755115,0.00192447,1.15394,0.00202862,1.02822,-0.000475108
-0.00159736,-0.755252,0.00192447,1.15319,0.00201245,1.02911,-0.000455933
-0.00159683,-0.755387,0.00192447,1.15247,0.00199627,1.03001,-0.000437824
-0.00159683,-0.755455,0.00192493,1.15173,0.00197915,1.03088,-0.00042291
-0.00159577,-0.755597,0.00192493,1.15103,0.00196488,1.03178,-0.000407464
-0.00159523,-0.755745,0.00192493,1.1503,0.00195251,1.03263,-0.000393083
-0.00159417,-0.755891,0.00192539,1.14961,0.001943,1.03352,-0.000379234
-0.00159257,-0.756115,0.00192585,1.14856,0.00192778,1.03479,-0.000357396
-0.00159097,-0.756263,0.00192585,1.14788,0.00191446,1.03567,-0.000344613
-0.00158991,-0.756419,0.00192585,1.14718,0.00190019,1.03649,-0.000333428
-0.00158937,-0.756573,0.00192585,1.1465,0.00188687,1.03734,-0.000321177
-0.00158778,-0.756729,0.00192631,1.14581,0.00187641,1.03818,-0.000306796
-0.00158724,-0.756883,0.00192631,1.14515,0.0018688,1.03902,-0.000290285
-0.00158671,-0.757047,0.00192677,1.14448,0.00186024,1.03984,-0.000275371
-0.00158671,-0.757209,0.00192677,1.14384,0.00184692,1.04067,-0.000262055
-0.00158565,-0.757464,0.00192723,1.14285,0.00182218,1.04185,-0.00024288
-0.00158458,-0.757637,0.00192723,1.1422,0.00180601,1.04268,-0.00023063
-0.00158352,-0.757803,0.00192769,1.14157,0.0017946,1.04347,-0.000219444
-0.00158352,-0.757978,0.00192769,1.14093,0.00178508,1.04429,-0.000207727
-0.00158245,-0.758148,0.00192815,1.14033,0.00177367,1.04507,-0.000197074
-0.00158139,-0.758329,0.00192861,1.1397,0.00176701,1.04587,-0.000186954
-0.00157979,-0.758595,0.00192907,1.13881,0.00174227,1.0471,-0.000170442
-0.00157819,-0.758781,0.00192998,1.1382,0.00172515,1.04786,-0.000158192
-0.00157659,-0.758954,0.00192998,1.13761,0.00171183,1.04864,-0.000147006
-0.00157446,-0.759137,0.00193044,1.137,0.00169947,1.04939,-0.000133691
-0.00157233,-0.759322,0.00193136,1.13643,0.00168615,1.05013,-0.000121973
-0.0015686,-0.759519,0.00193136,1.13583,0.00166902,1.05085,-0.000112385
-0.00156381,-0.759707,0.00193228,1.13525,0.0016519,1.05125,-0.000103863
-0.00155848,-0.759901,0.00193274,1.13469,0.00163763,1.05197,-9.53412e-05
-0.00155103,-0.760091,0.0019332,1.13413,0.00162717,1.05272,-8.68191e-05
-0.00154304,-0.760293,0.00193366,1.13356,0.00161765,1.05347,-7.56338e-05
-0.00153238,-0.760485,0.00193412,1.13301,0.00160338,1.05417,-6.33832e-05
-0.00152066,-0.760683,0.00193458,1.13246,0.00158436,1.05489,-4.90022e-05
-0.00150788,-0.760873,0.00193503,1.1319,0.00156533,1.05559,-3.56864e-05
-0.00148498,-0.761164,0.00193549,1.1311,0.0015406,1.05665,-1.75769e-05
-0.00146527,-0.761355,0.00193549,1.13057,0.00152347,1.05734,-4.26106e-06
-0.0014445,-0.761539,0.00193595,1.13005,0.00150159,1.05805,1.0068e-05
-0.00142319,-0.761738,0.00193641,1.12952,0.00147591,1.05872,2.43376e-05
-0.00140402,-0.761927,0.00193687,1.12901,0.00145022,1.0594,3.57532e-05
-0.00138697,-0.762121,0.00193733,1.12848,0.00142834,1.06007,4.62176e-05
-0.00137259,-0.762306,0.00193733,1.12797,0.00141027,1.06076,5.76333e-05
-0.00136034,-0.762502,0.00193779,1.12746,0.00139124,1.06141,6.80976e-05
-0.00134756,-0.762694,0.00193871,1.12697,0.00137222,1.06209,8.04646e-05
-0.00133744,-0.762894,0.00193917,1.12647,0.00135224,1.06274,9.0929e-05
-0.00132945,-0.763086,0.00193963,1.12598,0.00133131,1.06337,0.000102345
-0.00132093,-0.763285,0.00194055,1.1255,0.00131228,1.06402,0.000110906
-0.00131028,-0.763569,0.00194192,1.12477,0.00128279,1.06501,0.000126127
-0.00130335,-0.763759,0.00194284,1.12428,0.00126377,1.06564,0.00013564
-0.00129643,-0.763953,0.00194376,1.12381,0.00124379,1.06629,0.000144202
-0.00128897,-0.764151,0.00194468,1.12334,0.00122286,1.06691,0.000151813
-0.00128311,-0.764341,0.00194514,1.12288,0.00120288,1.06754,0.000159423
-0.00127725,-0.764543,0.00194606,1.12241,0.00118386,1.06813,0.000167033
-0.00127246,-0.764739,0.00194651,1.12194,0.00116198,1.06876,0.000173693
-0.00126713,-0.764945,0.00194651,1.12148,0.0011401,1.06937,0.000177498
-0.00126234,-0.765144,0.00194697,1.12105,0.00111727,1.06996,0.000184157
-0.00125754,-0.765354,0.00194697,1.12059,0.00109539,1.07058,0.000191767
-0.00125382,-0.765555,0.00194743,1.12016,0.00107446,1.07117,0.000198427
-0.00125009,-0.765752,0.00194743,1.11972,0.00105448,1.07177,0.000204134
-0.00124689,-0.765941,0.00194743,1.11929,0.0010326,1.07233,0.000209842
-0.0012437,-0.76614,0.00194789,1.11887,0.00101072,1.07291,0.000214599
-0.00123944,-0.766334,0.00194789,1.11845,0.000985035,1.07349,0.000219355
-0.00123411,-0.766526,0.00194835,1.11824,0.000958399,1.07407,0.000224112
-0.00122878,-0.766708,0.00194881,1.11783,0.000932713,1.07463,0.000227917
-0.00122346,-0.7669,0.00194927,1.11743,0.000909882,1.07521,0.000232674
-0.00121706,-0.767091,0.00194973,1.11701,0.000887051,1.07577,0.00023743
-0.00120961,-0.767286,0.00195019,1.11662,0.000863268,1.07633,0.000241235
-0.00119523,-0.767569,0.00195157,1.11602,0.000825216,1.07712,0.000246943
-0.00118404,-0.767764,0.00195248,1.11564,0.000799531,1.07767,0.0002517
-0.00117073,-0.767948,0.0019534,1.11524,0.000776699,1.0782,0.000256456
-0.00115581,-0.768139,0.00195432,1.11486,0.000754819,1.07875,0.000261213
-0.00113877,-0.768321,0.00195524,1.11447,0.000731988,1.07927,0.000266921
-0.00110841,-0.768602,0.00195662,1.11391,0.000696789,1.08008,0.000274531
-0.00108497,-0.768779,0.00195708,1.11355,0.000675861,1.08062,0.000280239
-0.00106154,-0.768963,0.00195799,1.11321,0.000653981,1.08111,0.000285947
-0.00103703,-0.769141,0.00195845,1.11284,0.000634003,1.08159,0.000291655
-0.0010136,-0.769324,0.00195891,1.11249,0.000613075,1.0821,0.000298314
-0.000990696,-0.769499,0.00195937,1.11213,0.000593097,1.08262,0.000304973
-0.000971521,-0.769684,0.00195983,1.11179,0.00057312,1.08311,0.000310681
-0.000947553,-0.769972,0.00196121,1.11127,0.000543629,1.08384,0.000318291
-0.000933704,-0.770139,0.00196213,1.11093,0.000523652,1.08433,0.000322096
-0.000921454,-0.770314,0.00196305,1.1106,0.00050748,1.08482,0.000325902
-0.000909203,-0.770486,0.00196442,1.11028,0.00049321,1.08528,0.000328755
-0.000897485,-0.770669,0.00196626,1.10994,0.000477038,1.08574,0.000332561
-0.000884169,-0.770835,0.0019681,1.10963,0.000462768,1.0862,0.000337317
-0.000870854,-0.770994,0.00196993,1.10931,0.000447547,1.08665,0.000342074
-0.000855407,-0.771157,0.00197177,1.109,0.000434229,1.08712,0.000345879
-0.000839961,-0.771311,0.00197361,1.1087,0.000421862,1.08757,0.000350635
-0.000822384,-0.771396,0.00197544,1.1084,0.000411398,1.08802,0.000354441
-0.000804275,-0.771551,0.00197682,1.10809,0.000398079,1.08847,0.000358246
-0.000783502,-0.771708,0.00197774,1.1078,0.000381907,1.08893,0.000362051
-0.000763795,-0.77186,0.00197866,1.1075,0.000365735,1.08936,0.000365856
-0.000740891,-0.772017,0.00197912,1.1072,0.000352417,1.0898,0.00036871
-0.000721184,-0.772169,0.00197958,1.1069,0.000342904,1.09022,0.000373467
-0.000698813,-0.772322,0.00198004,1.10662,0.000333391,1.09064,0.000378223
-0.000678041,-0.772467,0.00198049,1.10633,0.000321024,1.09106,0.000383931
-0.000648746,-0.772693,0.00198095,1.10591,0.000297241,1.0917,0.00039059
-0.000631702,-0.772843,0.00198141,1.10563,0.000283923,1.0921,0.000397249
-0.000623712,-0.773002,0.00198187,1.10537,0.00027441,1.09252,0.00040486
-0.000609331,-0.77315,0.00198233,1.1051,0.000266799,1.09292,0.00041247
-0.000597613,-0.773305,0.00198325,1.10484,0.000256335,1.09334,0.000418178
-0.000588026,-0.773453,0.00198371,1.10457,0.000242065,1.09374,0.000423886
-0.000580036,-0.773595,0.00198463,1.10433,0.000228747,1.09414,0.000428643
-0.00057258,-0.773737,0.00198555,1.10407,0.000219234,1.09451,0.000433399
-0.00056459,-0.773881,0.00198646,1.10382,0.000215429,1.09489,0.000438156
-0.000553405,-0.774101,0.00198784,1.10344,0.000209721,1.09545,0.000445766
-0.000547546,-0.774239,0.00198876,1.1032,0.000205916,1.09583,0.000453377
-0.00054222,-0.774381,0.00198922,1.10295,0.000198305,1.09621,0.000460036
-0.000536893,-0.77451,0.00198968,1.10271,0.000187841,1.09659,0.000467646
-0.0005321,-0.774638,0.0019906,1.10247,0.000175474,1.09695,0.000475257
-0.000527839,-0.774769,0.00199106,1.10224,0.000163107,1.09735,0.000481916
-0.000524643,-0.774905,0.00199152,1.102,0.000152642,1.0977,0.000486672
-0.000520914,-0.775037,0.00199152,1.10177,0.000145032,1.09809,0.000491429
-0.000517186,-0.775239,0.00199197,1.10143,0.00013647,1.09861,0.000498088
-0.000515055,-0.775358,0.00199197,1.10121,0.000130762,1.09893,0.000502844
-0.00051399,-0.775487,0.00199197,1.101,0.000124103,1.09926,0.000508552
-0.000512925,-0.775612,0.00199197,1.10079,0.000112688,1.09958,0.000515211
-0.00051186,-0.77574,0.00199197,1.10058,9.93693e-05,1.09992,0.000522822
-0.000510794,-0.775934,0.00199243,1.10029,7.46354e-05,1.10041,0.000535189
-0.000510262,-0.776052,0.00199243,1.10009,6.03658e-05,1.10057,0.000543751
-0.000509196,-0.776169,0.00199243,1.0999,5.27554e-05,1.10089,0.000551361
-0.000508131,-0.776292,0.00199243,1.0997,4.89501e-05,1.1012,0.00055802
-0.000506533,-0.776409,0.00199289,1.0995,4.32423e-05,1.1015,0.000564679
-0.000504403,-0.776531,0.00199335,1.09931,3.65832e-05,1.10181,0.000570387
-0.00050174,-0.77665,0.00199381,1.09912,2.70701e-05,1.10212,0.000576095
-0.000499076,-0.776763,0.00199427,1.09894,1.7557e-05,1.10242,0.000581803
-0.000496413,-0.776869,0.00199473,1.09876,1.28005e-05,1.10271,0.000587511
-0.00049375,-0.77698,0.00199565,1.09858,9.94659e-06,1.103,0.000595121
-0.000490554,-0.777095,0.00199611,1.09841,8.99529e-06,1.10326,0.00060178
-0.000486826,-0.777207,0.00199657,1.09823,7.09267e-06,1.10354,0.000609391
-0.000484163,-0.777331,0.00199703,1.09807,3.28745e-06,1.1038,0.00061605
-0.000482032,-0.777449,0.00199748,1.09792,-2.66316e-06,1.10407,0.000621758
-0.000480967,-0.777563,0.00199794,1.09775,-7.98948e-06,1.10434,0.000626514
-0.000479902,-0.777677,0.0019984,1.0976,-1.5979e-05,1.10461,0.000629368
-0.000478836,-0.777796,0.0019984,1.09744,-2.34358e-05,1.10488,0.000633173
-0.000477771,-0.777907,0.00199886,1.09728,-2.98274e-05,1.10515,0.00063793
-0.000477771,-0.778024,0.00199932,1.09711,-3.46211e-05,1.10539,0.000642686
-0.000477238,-0.778144,0.00199932,1.09696,-3.56864e-05,1.10565,0.000649346
-0.000476706,-0.778266,0.00199978,1.09681,-3.67516e-05,1.10589,0.000656956
-0.000475641,-0.778444,0.00200024,1.09661,-3.83495e-05,1.10628,0.000668372
-0.000475108,-0.778563,0.0020007,1.09648,-4.15453e-05,1.10652,0.000675982
-0.000474575,-0.778673,0.00200162,1.09636,-4.52737e-05,1.10677,0.000682641
-0.000474575,-0.778787,0.00200208,1.09622,-4.79369e-05,1.107,0.000688349
-0.00047351,-0.778893,0.00200299,1.0961,-5.00674e-05,1.10724,0.000693106
-0.000472445,-0.778993,0.00200437,1.09598,-5.11327e-05,1.10746,0.000698813
-0.00047138,-0.779089,0.00200529,1.09586,-5.37959e-05,1.10766,0.00070357
-0.000470314,-0.779244,0.00200667,1.0957,-5.6459e-05,1.10798,0.000714986
-0.000468716,-0.779342,0.00200805,1.0956,-5.85895e-05,1.10818,0.000724499
-0.000467651,-0.779443,0.00200896,1.09549,-5.96548e-05,1.10838,0.000734012
-0.000466586,-0.77955,0.00200942,1.09539,-6.01874e-05,1.10858,0.000744476
-0.000465521,-0.779648,0.00201034,1.09529,-6.12527e-05,1.10878,0.000753038
-0.000464455,-0.779784,0.00201172,1.09512,-6.60464e-05,1.10907,0.000763502
-0.000464455,-0.779876,0.00201218,1.09502,-6.81769e-05,1.10928,0.00076921
-0.000463923,-0.779975,0.0020131,1.09492,-6.97748e-05,1.10947,0.000776821
-0.000463923,-0.780069,0.00201356,1.09482,-7.08401e-05,1.10965,0.000785382
-0.000463923,-0.780159,0.00201402,1.09472,-7.29706e-05,1.10982,0.000793944
-0.00046339,-0.780258,0.00201447,1.09464,-7.45685e-05,1.11,0.000802506
-0.00046339,-0.780355,0.00201493,1.09455,-7.6699e-05,1.11017,0.000811068
-0.00046339,-0.780448,0.00201539,1.09447,-7.82969e-05,1.11034,0.000817727
-0.00046339,-0.780535,0.00201585,1.09438,-8.04275e-05,1.1105,0.000821532
-0.000462857,-0.78068,0.00201677,1.0943,-8.30906e-05,1.11076,0.000828191
-0.000462325,-0.780774,0.00201769,1.09422,-8.52212e-05,1.11092,0.000832948
-0.000461792,-0.780868,0.00201815,1.09414,-8.73517e-05,1.11108,0.000838655
-0.00046126,-0.78096,0.00201907,1.09406,-8.78843e-05,1.11122,0.000844363
-0.00046126,-0.781054,0.00201998,1.09398,-8.89496e-05,1.11137,0.000851022
-0.000460727,-0.781135,0.0020209,1.0939,-9.10801e-05,1.11152,0.000855779
-0.000459662,-0.781207,0.00202182,1.09384,-9.16127e-05,1.11165,0.000859584
-0.000458596,-0.781273,0.00202274,1.09377,-9.2678e-05,1.11178,0.000863389
-0.000457531,-0.781382,0.00202366,1.09367,-9.58738e-05,1.11194,0.000868146
-0.000455933,-0.781453,0.00202458,1.09361,-9.74717e-05,1.11205,0.000871
-0.000454335,-0.781524,0.00202504,1.09355,-9.8537e-05,1.11216,0.000873854
-0.00045327,-0.781591,0.0020255,1.09349,-0.000100667,1.11226,0.000877659
-0.000452205,-0.781663,0.00202595,1.09344,-0.0001012,1.11236,0.000881464
-0.000451139,-0.781738,0.00202641,1.09339,-0.000103331,1.11246,0.000885269
-0.000450607,-0.78181,0.00202687,1.09333,-0.000104929,1.11255,0.000888123
-0.000449542,-0.781878,0.00202733,1.09327,-0.000108124,1.11264,0.000891929
-0.000449009,-0.781934,0.00202779,1.09323,-0.000109722,1.11274,0.000895734
-0.000447944,-0.781989,0.00202779,1.09318,-0.000111853,1.11284,0.000899539
-0.000445281,-0.78207,0.00202825,1.09313,-0.000114516,1.11298,0.000904296
-0.000444215,-0.782129,0.00202871,1.09309,-0.000116646,1.11307,0.000907149
-0.000442085,-0.782183,0.00202917,1.09305,-0.000118244,1.11316,0.000910003
-0.000441019,-0.782235,0.00202963,1.09301,-0.00011931,1.11324,0.000912857
-0.000438889,-0.782281,0.00203009,1.09297,-0.00012144,1.11332,0.000913809
-0.000437824,-0.782303,0.00203055,1.09293,-0.000122505,1.1134,0.000915711
-0.000434628,-0.782373,0.00203146,1.09288,-0.000124103,1.11352,0.000918565
-0.000431965,-0.782424,0.00203192,1.09285,-0.000126234,1.1136,0.000921419
-0.000429302,-0.782476,0.00203284,1.09283,-0.000127299,1.11367,0.000924273
-0.000426106,-0.782529,0.00203376,1.09281,-0.000127832,1.11374,0.000926176
-0.00042291,-0.782578,0.00203422,1.09279,-0.000127832,1.1138,0.000927127
-0.000419714,-0.782625,0.00203514,1.09278,-0.000129962,1.11385,0.000928078
-0.000416518,-0.782666,0.0020356,1.09276,-0.00013156,1.1139,0.00092903
-0.000413855,-0.782706,0.00203652,1.09275,-0.000134756,1.11394,0.000929981
-0.000410127,-0.782765,0.00203743,1.09273,-0.000137419,1.114,0.000931883
-0.000407996,-0.782807,0.00203789,1.09272,-0.000138484,1.11403,0.000932835
-0.000405333,-0.782848,0.00203835,1.09271,-0.00013955,1.11406,0.000933786
-0.000403203,-0.782889,0.00203927,1.0927,-0.000141148,1.11408,0.000933786
-0.000400539,-0.782926,0.00203973,1.0927,-0.000143278,1.1141,0.000934737
-0.000397876,-0.782957,0.00204065,1.09269,-0.000144876,1.11412,0.000934737
-0.00039468,-0.782983,0.00204111,1.09269,-0.000145941,1.11413,0.000935689
-0.000391485,-0.783006,0.00204249,1.09269,-0.000147006,1.11415,0.00093664
-0.000388822,-0.783025,0.00204386,1.09269,-0.000147006,1.11416,0.000937591
-0.000386158,-0.783041,0.00204524,1.09269,-0.000148072,1.11417,0.000937591
-0.000380832,-0.783062,0.00204754,1.09269,-0.00014967,1.11417,0.000938543
-0.000377636,-0.783072,0.00204983,1.09269,-0.000150735,1.11417,0.000938543
