-1.82223e-09,6.1648e-08,-1.62227e-09,4.95058e-08,3.49798e-09,-1.11154e-07,-4.25348e-09
-5.56784e-05,0.00188365,-4.95685e-05,0.00151265,0.000106881,-0.0033963,-0.000129965
-9.06486e-05,0.00306689,-8.07002e-05,0.00246271,0.000174016,-0.0055296,-0.000211599
-0.000129949,0.00439676,-0.000115686,0.00353037,0.00024947,-0.00792713,-0.000303346
-0.000163795,0.00554245,-0.000145814,0.0044498,0.000314466,-0.00999225,-0.000382374
-0.000202097,0.00683921,-0.000179907,0.00549021,0.000388027,-0.0123294,-0.000471813
-0.000240378,0.00813585,-0.000213978,0.00652994,0.00046157,-0.0146658,-0.000561225
-0.000272655,0.00922989,-0.0002427,0.00740644,0.000523606,-0.0166363,-0.00063664
-0.000310305,0.0105061,-0.000276204,0.00842881,0.000595972,-0.0189349,-0.000724612
-0.000346819,0.011745,-0.00030869,0.00942013,0.000666197,-0.0211652,-0.000809971
-0.000384268,0.0130163,-0.000342003,0.0104366,0.000738244,-0.023453,-0.000897537
-0.000422133,0.0143028,-0.000375681,0.0114642,0.000811131,-0.025767,-0.000986115
-0.000454638,0.0154088,-0.000404581,0.012346,0.000873759,-0.0277548,-0.00106221
-0.000492733,0.0167047,-0.000438455,0.0133795,0.000947144,-0.0300842,-0.00115138
-0.000529993,0.0179743,-0.000471573,0.0143899,0.001019,-0.0323641,-0.00123867
-0.00056706,0.0192386,-0.000504511,0.0153947,0.00109053,-0.0346333,-0.00132555
-0.000600349,0.0203761,-0.000534081,0.0162967,0.00115484,-0.0366729,-0.00140365
-0.000636631,0.0216158,-0.00056631,0.0172798,0.00122494,-0.0388956,-0.00148877
-0.000674549,0.0229133,-0.00059998,0.0183068,0.00129826,-0.0412202,-0.00157779
-0.000710347,0.0241412,-0.000631752,0.0192758,0.00136759,-0.0434169,-0.00166193
-0.000748158,0.0254386,-0.000665307,0.0202992,0.00144083,-0.0457377,-0.00175082
-0.000782829,0.0266319,-0.000696055,0.0212367,0.00150812,-0.0478685,-0.00183246
-0.000817993,0.0278426,-0.000727236,0.0221875,0.00157639,-0.0500301,-0.00191527
-0.00085552,0.0291361,-0.000760506,0.0232019,0.00164929,-0.0523379,-0.0020037
-0.000889229,0.0303028,-0.000790362,0.024112,0.00171495,-0.0544147,-0.0020833
-0.000920625,0.0313908,-0.000818162,0.0249593,0.00177616,-0.0563501,-0.00215748
-0.000955136,0.0325858,-0.000848726,0.025891,0.0018434,-0.0584767,-0.00223898
-0.000992616,0.033886,-0.000881905,0.0269023,0.00191651,-0.0607882,-0.00232759
-0.00102684,0.0350794,-0.000912162,0.0278242,0.0019835,-0.0629035,-0.0024087
-0.00106166,0.0362938,-0.000942953,0.0287624,0.00205165,-0.0650561,-0.00249124
-0.00109417,0.0374321,-0.000971676,0.0296374,0.00211546,-0.0670695,-0.00256847
-0.00112817,0.0386218,-0.00100171,0.0305524,0.00218215,-0.0691741,-0.00264919
-0.00116536,0.0399248,-0.00103456,0.0315531,0.00225516,-0.0714778,-0.00273755
-0.00119887,0.0411075,-0.00106411,0.032453,0.00232126,-0.0735604,-0.00281747
-0.00123598,0.0424133,-0.00109686,0.0334503,0.00239432,-0.0758634,-0.00290584
-0.00126904,0.0435867,-0.00112597,0.0343366,0.00245977,-0.0779231,-0.00298491
-0.00130694,0.0449251,-0.00115938,0.0353538,0.00253455,-0.0802787,-0.00307531
-0.0013405,0.0461235,-0.00118889,0.0362522,0.00260125,-0.0823755,-0.00315584
-0.00137784,0.0474501,-0.00122176,0.0372528,0.00267522,-0.0847027,-0.00324518
-0.00141604,0.0488148,-0.00125535,0.0382749,0.00275116,-0.0870895,-0.00333685
-0.0014472,0.0499422,-0.00128267,0.0391058,0.00281362,-0.0890477,-0.00341212
-0.00148607,0.0513295,-0.00131686,0.0401463,0.00289086,-0.0914755,-0.00350535
-0.00151911,0.0525302,-0.00134578,0.0410259,0.00295727,-0.0935558,-0.00358534
-0.00155657,0.0538791,-0.00137865,0.042026,0.00303213,-0.0959047,-0.0036756
-0.00159376,0.0552301,-0.00141123,0.0430165,0.00310688,-0.0982462,-0.00376562
-0.00162682,0.0564423,-0.00144012,0.0438946,0.00317372,-0.100336,-0.00384602
-0.00166389,0.0577904,-0.00147257,0.0448815,0.00324828,-0.102671,-0.0039358
-0.00169548,0.0589599,-0.00150011,0.0457182,0.00331257,-0.104678,-0.00401302
-0.00173347,0.0603456,-0.00153334,0.0467286,0.00338912,-0.107074,-0.00410516
-0.0017707,0.061723,-0.00156582,0.0477153,0.00346485,-0.109438,-0.00419615
-0.0018033,0.0629426,-0.00159416,0.0485761,0.00353165,-0.111518,-0.00427627
-0.00184098,0.0643341,-0.00162703,0.0495749,0.00360819,-0.113908,-0.00436825
-0.00187397,0.0655783,-0.00165566,0.050444,0.00367616,-0.116022,-0.00444969
-0.0019091,0.0668913,-0.0016862,0.0513718,0.00374809,-0.118262,-0.00453598
-0.00194293,0.0681691,-0.00171555,0.0522628,0.00381785,-0.120431,-0.00461955
-0.00197769,0.0694815,-0.00174571,0.0531783,0.0038895,-0.122659,-0.00470539
-0.00201321,0.0708283,-0.00177649,0.0541126,0.00396293,-0.12494,-0.00479331
-0.00204837,0.0721707,-0.00180691,0.0550359,0.00403595,-0.127206,-0.00488067
-0.00208225,0.0734726,-0.00183617,0.0559236,0.00410661,-0.129395,-0.00496511
-0.00211684,0.0748014,-0.00186604,0.05683,0.00417874,-0.13163,-0.00505132
-0.00215145,0.0761391,-0.00189589,0.0577356,0.00425121,-0.133874,-0.00513787
-0.00218907,0.0775894,-0.00192835,0.0587204,0.00432985,-0.136309,-0.00523181
-0.00222315,0.0789313,-0.0019576,0.059607,0.00440209,-0.138537,-0.00531787
-0.00225923,0.080339,-0.00198864,0.0605483,0.00447811,-0.140886,-0.00540854
-0.00229135,0.0816194,-0.00201611,0.061381,0.00454678,-0.142999,-0.0054902
-0.00232584,0.0829761,-0.00204572,0.0622788,0.00461985,-0.145254,-0.00557725
-0.00235768,0.0842531,-0.00207291,0.0631026,0.0046882,-0.147354,-0.00565846
-0.00239414,0.0856918,-0.00210419,0.0640511,0.00476561,-0.149742,-0.00575065
-0.00242836,0.0870759,-0.00213335,0.0649344,0.00483948,-0.152009,-0.00583833
-0.00246137,0.0884151,-0.00216145,0.0657856,0.00491089,-0.154199,-0.00592304
-0.00249751,0.0898686,-0.00219229,0.0667204,0.00498861,-0.156588,-0.00601536
-0.00252959,0.0911974,-0.00221945,0.0675425,0.005059,-0.158738,-0.00609863
-0.00256352,0.0925823,-0.00224829,0.0684163,0.0051327,-0.160997,-0.006186
-0.00259662,0.0939523,-0.00227631,0.0692649,0.00520529,-0.163215,-0.00627188
-0.00263042,0.0953521,-0.00230493,0.0701316,0.00527944,-0.165482,-0.0063596
-0.00266507,0.0967939,-0.00233422,0.0710188,0.00535571,-0.167811,-0.00644977
-0.00269647,0.0981303,-0.00236059,0.0718168,0.0054259,-0.169945,-0.0065325
-0.00273149,0.0995896,-0.00239019,0.0727133,0.00550305,-0.172301,-0.0066237
-0.00276546,0.101038,-0.00241871,0.0735769,0.0055791,-0.174613,-0.00671332
-0.00279734,0.102415,-0.00244538,0.0743838,0.00565106,-0.176796,-0.00679797
-0.00283103,0.103853,-0.00247365,0.07524,0.00572655,-0.179091,-0.0068869
-0.00286186,0.105205,-0.00249932,0.0760165,0.00579691,-0.18122,-0.0069695
-0.00289627,0.106681,-0.00252816,0.07689,0.00587423,-0.183568,-0.00706054
-0.00292668,0.10804,-0.00255334,0.0776516,0.00594456,-0.185689,-0.00714288
-0.0029608,0.10952,-0.00258184,0.0785149,0.00602186,-0.188033,-0.00723375
-0.00299461,0.111022,-0.00260989,0.0793638,0.00609971,-0.190383,-0.00732498
-0.00302918,0.112561,-0.00263853,0.080231,0.00617945,-0.19279,-0.00741839
-0.0030597,0.113967,-0.00266357,0.0809884,0.00625153,-0.194952,-0.00750245
-0.0030905,0.115363,-0.00268896,0.081757,0.00632349,-0.197117,-0.00758654
-0.00312318,0.116839,-0.00271592,0.0825735,0.0063996,-0.199409,-0.00767553
-0.0031525,0.118213,-0.00273984,0.0832973,0.00646973,-0.201507,-0.00775712
-0.00318621,0.119737,-0.00276765,0.0841397,0.0065483,-0.203873,-0.00784897
-0.00321924,0.121279,-0.00279463,0.0849566,0.00662708,-0.206232,-0.00794066
-0.0032476,0.122654,-0.0028175,0.0856488,0.00669656,-0.208299,-0.00802114
-0.00327957,0.124136,-0.00284367,0.0864417,0.00677241,-0.210574,-0.00810951
-0.00331057,0.125619,-0.00286878,0.0872024,0.00684764,-0.212817,-0.00819678
-0.00334367,0.127187,-0.00289568,0.0880177,0.00692741,-0.215201,-0.00828944
-0.00337594,0.128754,-0.00292169,0.0888058,0.00700657,-0.217556,-0.00838109
-0.00340478,0.130197,-0.00294469,0.0895027,0.00707885,-0.219696,-0.00846445
-0.00343728,0.131759,-0.00297099,0.0903002,0.00715798,-0.222055,-0.00855619
-0.00346519,0.133189,-0.00299306,0.0909692,0.00722911,-0.224154,-0.00863797
-0.00349767,0.134764,-0.00301926,0.0917641,0.0073087,-0.226523,-0.00873012
-0.00352393,0.136153,-0.00303979,0.0923865,0.00737723,-0.228535,-0.00880859
-0.00355543,0.137696,-0.00306511,0.0931551,0.00745499,-0.230847,-0.0088985
-0.00358684,0.139297,-0.00309001,0.0939109,0.00753478,-0.233203,-0.00899028
-0.0036177,0.140896,-0.00311432,0.0946493,0.00761409,-0.23554,-0.00908132
-0.00364844,0.142499,-0.00313848,0.0953834,0.00769347,-0.237877,-0.00917236
-0.00367595,0.143988,-0.0031598,0.0960312,0.00776647,-0.240014,-0.00925568
-0.0037084,0.145645,-0.0031855,0.0968127,0.00784902,-0.242452,-0.00935059
-0.0037384,0.147276,-0.00320872,0.097519,0.00792888,-0.244789,-0.00944169
-0.00376513,0.14877,-0.00322917,0.0981414,0.00800154,-0.246905,-0.00952427
-0.00379591,0.150394,-0.00325326,0.0988748,0.0080817,-0.249262,-0.00961605
-0.00382087,0.151847,-0.00327203,0.0994471,0.00815164,-0.251288,-0.00969513
-0.00385321,0.153538,-0.00329743,0.100221,0.00823532,-0.253753,-0.00979103
-0.00388277,0.155222,-0.00331988,0.100906,0.00831682,-0.256121,-0.00988342
-0.00390867,0.156753,-0.00333923,0.101497,0.00839021,-0.258243,-0.00996624
-0.00393868,0.158409,-0.00336232,0.102202,0.00847099,-0.260604,-0.0100582
-0.00396313,0.159906,-0.0033803,0.102752,0.00854216,-0.262651,-0.0101381
-0.00399406,0.161608,-0.00340413,0.10348,0.00862524,-0.265081,-0.0102327
-0.00401887,0.163163,-0.00342219,0.104034,0.00869874,-0.267189,-0.010315
-0.0040483,0.164844,-0.00344452,0.104717,0.00878001,-0.269553,-0.0104071
-0.00407692,0.166566,-0.00346574,0.105368,0.00886221,-0.271926,-0.0104997
-0.00410318,0.168209,-0.00348487,0.105955,0.0089399,-0.274157,-0.0105867
-0.00412912,0.169819,-0.00350384,0.106539,0.00901615,-0.27635,-0.0106722
-0.00415444,0.171407,-0.00352227,0.107106,0.0090912,-0.278505,-0.0107562
-0.00418266,0.173119,-0.00354313,0.107747,0.00917273,-0.280858,-0.0108479
-0.00421083,0.174896,-0.00356358,0.108377,0.00925656,-0.283265,-0.0109417
-0.00423454,0.176517,-0.0035801,0.108889,0.00933166,-0.285397,-0.0110249
-0.0042601,0.178157,-0.00359851,0.109457,0.0094087,-0.287605,-0.0111109
-0.00428592,0.179842,-0.00361694,0.110027,0.00948758,-0.289861,-0.0111988
-0.00431204,0.181569,-0.00363547,0.110601,0.00956816,-0.292161,-0.0112884
-0.0043357,0.183221,-0.00365177,0.111108,0.00964429,-0.294319,-0.0113725
-0.00436118,0.184924,-0.00366976,0.111667,0.00972355,-0.29658,-0.0114605
-0.00438486,0.186596,-0.00368598,0.112172,0.00980043,-0.298758,-0.0115454
-0.00441009,0.188325,-0.00370356,0.11272,0.00988044,-0.301034,-0.011634
-0.00443589,0.190125,-0.00372136,0.113275,0.00996339,-0.303389,-0.0117256
-0.00445857,0.191832,-0.00373631,0.113745,0.0100408,-0.305566,-0.0118104
-0.00448412,0.193624,-0.00375389,0.114295,0.0101233,-0.307908,-0.0119015
-0.0045096,0.195484,-0.00377103,0.114833,0.0102082,-0.310305,-0.0119947
-0.00453075,0.197192,-0.00378435,0.115256,0.0102845,-0.312437,-0.0120777
-0.00455356,0.198902,-0.00379945,0.115732,0.0103621,-0.314623,-0.0121626
-0.00457659,0.200657,-0.00381455,0.116209,0.0104414,-0.316854,-0.0122494
-0.00460069,0.202491,-0.00383036,0.116709,0.0105244,-0.319189,-0.01234
-0.00461912,0.204131,-0.00384116,0.117058,0.0105963,-0.321177,-0.0124173
-0.0046443,0.205962,-0.00385815,0.117594,0.0106799,-0.323544,-0.0125092
-0.0046678,0.207874,-0.00387291,0.118066,0.0107651,-0.325928,-0.0126017
-0.00468687,0.209617,-0.00388384,0.118423,0.0108412,-0.328027,-0.0126832
-0.00471034,0.211468,-0.00389892,0.118904,0.0109242,-0.330359,-0.0127736
-0.00472877,0.2132,-0.00390923,0.119243,0.0109994,-0.332429,-0.0128539
-0.00475168,0.215052,-0.0039237,0.119707,0.011082,-0.334745,-0.0129436
-0.00477313,0.216954,-0.00393634,0.120119,0.0111654,-0.337058,-0.0130332
-0.00479135,0.218729,-0.00394621,0.120447,0.011242,-0.339162,-0.0131146
-0.00481395,0.22064,-0.00396006,0.120896,0.0113264,-0.341521,-0.0132058
-0.00483055,0.2224,-0.00396829,0.121177,0.0114012,-0.343562,-0.0132848
-0.00485193,0.224268,-0.00398107,0.121593,0.0114833,-0.345846,-0.013373
-0.00486903,0.22606,-0.00398968,0.121887,0.0115596,-0.347932,-0.0134536
-0.00489031,0.227983,-0.00400207,0.122295,0.0116435,-0.350262,-0.0135435
-0.00490946,0.229935,-0.00401203,0.122632,0.0117269,-0.352551,-0.0136318
-0.00492273,0.231617,-0.00401716,0.122823,0.0117964,-0.354424,-0.013704
-0.00494567,0.233583,-0.0040311,0.123278,0.011883,-0.356844,-0.0137973
-0.00496621,0.23571,-0.00404163,0.123638,0.0119736,-0.359331,-0.013893
-0.00497952,0.237557,-0.00404594,0.12381,0.012049,-0.36135,-0.0139706
-0.00499741,0.239421,-0.00405506,0.124123,0.0121282,-0.363527,-0.0140543
-0.00501161,0.241202,-0.0040607,0.124333,0.0122018,-0.365517,-0.0141306
-0.00502891,0.243062,-0.00406924,0.124629,0.0122804,-0.367673,-0.0142134
-0.00504463,0.244948,-0.00407595,0.124874,0.0123588,-0.369804,-0.0142951
-0.00506341,0.246996,-0.00408506,0.125193,0.0124452,-0.372171,-0.0143858
-0.00507896,0.249035,-0.0040908,0.125414,0.0125288,-0.374431,-0.0144723
-0.00509115,0.250884,-0.00409398,0.125556,0.0126032,-0.376421,-0.0145483
-0.00510854,0.252865,-0.004102,0.125843,0.0126861,-0.378689,-0.014635
-0.00512003,0.254726,-0.00410439,0.125963,0.0127604,-0.380669,-0.0147104
-0.00513532,0.256646,-0.00411053,0.126193,0.0128395,-0.382819,-0.0147924
-0.00514929,0.258613,-0.00411501,0.126377,0.0129193,-0.38497,-0.0148744
-0.00516415,0.260656,-0.00412006,0.12658,0.0130024,-0.387216,-0.0149598
-0.00517781,0.262722,-0.00412372,0.126744,0.0130853,-0.389445,-0.0150445
-0.00518805,0.264635,-0.00412457,0.126822,0.0131603,-0.391436,-0.0151199
-0.00520193,0.266616,-0.00412893,0.127004,0.0132404,-0.393599,-0.015202
-0.00521127,0.268489,-0.00412905,0.12706,0.0133132,-0.395528,-0.0152748
-0.00522477,0.270461,-0.00413308,0.127233,0.0133926,-0.397672,-0.015356
-0.00523538,0.27244,-0.00413403,0.127316,0.0134701,-0.399734,-0.0154338
-0.00524851,0.274531,-0.00413707,0.127464,0.0135533,-0.401972,-0.0155183
-0.00526059,0.27671,-0.00413856,0.127569,0.0136388,-0.404256,-0.0156044
-0.00526809,0.278718,-0.00413609,0.127555,0.0137147,-0.40625,-0.015679
-0.00527856,0.28072,-0.00413682,0.127633,0.0137927,-0.40833,-0.0157572
-0.00528732,0.282708,-0.00413583,0.127661,0.0138688,-0.410345,-0.0158326
-0.00529816,0.284794,-0.00413654,0.127741,0.0139499,-0.412511,-0.0159138
-0.00530795,0.286959,-0.00413576,0.127781,0.0140329,-0.414716,-0.0159962
-0.00531337,0.288955,-0.00413124,0.127707,0.0141066,-0.416638,-0.0160675
-0.00532191,0.290951,-0.00413003,0.127729,0.0141826,-0.418655,-0.0161427
-0.00533032,0.293024,-0.00412831,0.127738,0.0142612,-0.420737,-0.0162202
-0.0053379,0.295137,-0.00412552,0.127718,0.0143405,-0.422828,-0.0162978
-0.0053461,0.297329,-0.00412299,0.127707,0.0144229,-0.42501,-0.0163787
-0.00534926,0.299348,-0.00411607,0.127563,0.0144954,-0.426885,-0.0164475
-0.0053553,0.301327,-0.00411239,0.127512,0.0145686,-0.428813,-0.0165186
-0.00536448,0.303536,-0.00411086,0.12753,0.0146522,-0.431039,-0.0166011
-0.00536417,0.305487,-0.00410069,0.12729,0.0147194,-0.432749,-0.016663
-0.00536974,0.307405,-0.00409688,0.127232,0.0147899,-0.434609,-0.0167314
-0.00537846,0.30962,-0.00409489,0.127236,0.0148732,-0.436828,-0.0168132
-0.00538178,0.311873,-0.00408707,0.127071,0.0149534,-0.438915,-0.0168892
-0.00538342,0.313988,-0.00407818,0.126871,0.0150275,-0.44083,-0.0169585
-0.00538778,0.316143,-0.00407199,0.126749,0.015105,-0.442864,-0.0170325
-0.00538837,0.318202,-0.00406234,0.126524,0.0151762,-0.444697,-0.0170985
-0.0053928,0.320356,-0.00405626,0.126405,0.0152535,-0.446731,-0.0171724
-0.00539493,0.322576,-0.00404747,0.126208,0.0153312,-0.448754,-0.0172453
-0.00539447,0.32469,-0.00403651,0.125944,0.0154032,-0.450604,-0.0173114
-0.00539627,0.326821,-0.00402786,0.125747,0.0154774,-0.452537,-0.0173808
-0.00539598,0.328924,-0.00401718,0.125489,0.0155489,-0.454382,-0.0174465
-0.00539742,0.331095,-0.004008,0.125276,0.015624,-0.45634,-0.0175165
-0.00539524,0.333185,-0.00399547,0.124963,0.0156934,-0.458116,-0.0175792
-0.00539732,0.335414,-0.00398672,0.124762,0.0157708,-0.460144,-0.0176517
-0.00539472,0.337626,-0.00397319,0.12442,0.0158437,-0.462014,-0.0177173
-0.00539128,0.339703,-0.00395949,0.124068,0.0159112,-0.463739,-0.0177775
-0.00539219,0.341928,-0.00394962,0.123831,0.0159872,-0.465726,-0.0178479
-0.00538701,0.344061,-0.00393388,0.123419,0.0160551,-0.467447,-0.0179073
-0.00538581,0.34625,-0.00392204,0.123121,0.0161279,-0.469337,-0.0179736
-0.00538268,0.348505,-0.0039079,0.122755,0.0162012,-0.471227,-0.0180392
-0.00537668,0.350646,-0.00389136,0.122315,0.0162683,-0.472928,-0.0180973
-0.00537266,0.352758,-0.00387704,0.121938,0.0163358,-0.474662,-0.0181571
-0.00536867,0.354919,-0.00386255,0.121556,0.0164049,-0.476441,-0.0182183
-0.00536475,0.357185,-0.00384766,0.121162,0.0164775,-0.478312,-0.0182826
-0.0053559,0.359291,-0.00382845,0.120636,0.0165404,-0.479892,-0.0183352
-0.0053529,0.361518,-0.00381476,0.120273,0.0166122,-0.481755,-0.0183993
-0.00534599,0.36381,-0.00379674,0.119782,0.0166827,-0.483556,-0.01846
-0.00533652,0.365964,-0.00377678,0.119227,0.0167462,-0.485155,-0.0185127
-0.00533224,0.368274,-0.00376146,0.118812,0.0168192,-0.48705,-0.0185773
-0.00531908,0.370345,-0.00373815,0.118152,0.0168765,-0.48846,-0.018622
-0.00531533,0.372576,-0.00372381,0.117761,0.0169471,-0.4903,-0.0186846
-0.00530565,0.37488,-0.00370306,0.117176,0.0170148,-0.492019,-0.0187409
-0.00529317,0.376988,-0.00368039,0.116529,0.0170734,-0.493478,-0.0187873
-0.00528708,0.379248,-0.0036636,0.116057,0.0171424,-0.495267,-0.018847
-0.00527276,0.381336,-0.0036392,0.115352,0.0171984,-0.496649,-0.0188898
-0.00526694,0.383628,-0.00362262,0.114882,0.0172684,-0.498471,-0.0189505
-0.00525527,0.386052,-0.00359946,0.114213,0.0173374,-0.500226,-0.0190068
-0.00523826,0.388187,-0.00357221,0.113412,0.0173919,-0.501559,-0.0190466
-0.00522898,0.390363,-0.00355272,0.112844,0.0174546,-0.503167,-0.0190984
-0.0052148,0.392475,-0.00352855,0.11213,0.0175105,-0.504565,-0.0191412
-0.00520485,0.394724,-0.00350811,0.111528,0.0175746,-0.506212,-0.0191939
-0.00518893,0.396892,-0.003482,0.110748,0.0176304,-0.5076,-0.0192355
-0.00517575,0.399032,-0.00345884,0.110055,0.0176876,-0.509047,-0.0192799
-0.00516341,0.401304,-0.00343597,0.109369,0.0177497,-0.510633,-0.0193293
-0.00514639,0.403505,-0.00340871,0.108543,0.0178049,-0.512007,-0.0193696
-0.00513262,0.405766,-0.00338453,0.107808,0.0178648,-0.513533,-0.0194161
-0.00511529,0.407982,-0.00335698,0.106964,0.0179198,-0.514905,-0.019456
-0.00510061,0.410289,-0.00333174,0.106189,0.0179799,-0.516436,-0.0195021
-0.00508234,0.412589,-0.00330296,0.105298,0.0180362,-0.517845,-0.0195425
-0.00506243,0.4147,-0.0032734,0.104377,0.0180846,-0.519035,-0.0195748
-0.00504846,0.416959,-0.00324925,0.103622,0.0181432,-0.520539,-0.0196199
-0.00502805,0.419164,-0.00321886,0.102665,0.0181937,-0.521786,-0.0196536
-0.00500877,0.421243,-0.00319023,0.101759,0.0182409,-0.522958,-0.0196851
-0.00499123,0.4233,-0.00316349,0.100908,0.018289,-0.524165,-0.0197183
-0.00497614,0.425616,-0.00313812,0.100095,0.0183474,-0.525668,-0.0197625
-0.00495452,0.428002,-0.00310592,0.0990594,0.0184013,-0.527018,-0.0197986
-0.00493041,0.430202,-0.00307209,0.0979647,0.0184467,-0.528123,-0.0198253
-0.00491137,0.432454,-0.00304318,0.0970219,0.0184984,-0.529432,-0.0198608
-0.00488718,0.434545,-0.00300986,0.0959311,0.0185395,-0.530431,-0.0198836
-0.00487092,0.436918,-0.00298331,0.0950529,0.0185973,-0.531926,-0.0199264
-0.00484368,0.439173,-0.00294633,0.0938284,0.0186399,-0.532956,-0.0199486
-0.00482073,0.441332,-0.00291412,0.0927534,0.0186836,-0.53404,-0.0199743
-0.00479801,0.443465,-0.0028823,0.0916846,0.0187264,-0.535105,-0.0199994
-0.0047747,0.445542,-0.00285018,0.0905997,0.0187666,-0.536096,-0.0200217
-0.00475371,0.447743,-0.0028199,0.0895679,0.0188127,-0.537265,-0.0200508
-0.0047278,0.449881,-0.00278505,0.0883772,0.0188514,-0.538212,-0.0200702
-0.00470495,0.45209,-0.00275299,0.0872718,0.0188952,-0.539316,-0.020096
-0.00467835,0.454242,-0.00271751,0.0860439,0.018933,-0.54024,-0.0201139
-0.0046538,0.456414,-0.00268402,0.0848753,0.0189732,-0.541243,-0.0201354
-0.00462815,0.458639,-0.0026493,0.0836555,0.0190135,-0.542248,-0.0201562
-0.00459951,0.460727,-0.00261224,0.0823492,0.019046,-0.54303,-0.0201681
-0.00457555,0.462919,-0.00257944,0.0811788,0.0190865,-0.544051,-0.02019
-0.00454918,0.465308,-0.00254348,0.079887,0.0191299,-0.545149,-0.0202131
-0.0045144,0.467357,-0.00250074,0.0783548,0.0191533,-0.545665,-0.0202127
-0.00449035,0.469465,-0.00246837,0.0771741,0.01919,-0.546592,-0.0202311
-0.00446105,0.471503,-0.00243119,0.0758166,0.0192184,-0.547272,-0.0202387
-0.00443493,0.473615,-0.00239689,0.0745499,0.0192522,-0.548118,-0.0202531
-0.00440481,0.475636,-0.0023591,0.0731513,0.0192784,-0.54874,-0.020258
-0.00437887,0.477814,-0.00232481,0.0718644,0.0193136,-0.549631,-0.0202738
-0.00434749,0.480002,-0.00228522,0.0703756,0.0193425,-0.550331,-0.0202803
-0.00431493,0.482028,-0.00224523,0.0688642,0.0193647,-0.550844,-0.02028
-0.00428732,0.48416,-0.00220969,0.067501,0.0193955,-0.551613,-0.0202906
-0.00425341,0.486071,-0.00216897,0.0659426,0.0194118,-0.551965,-0.020284
-0.00422828,0.488233,-0.00213585,0.0646462,0.0194455,-0.552831,-0.0202988
-0.00419433,0.4904,-0.00209419,0.0630205,0.0194685,-0.553372,-0.0202981
-0.00415987,0.492393,-0.00205283,0.061397,0.0194852,-0.553742,-0.0202915
-0.00413033,0.494475,-0.00201593,0.0599264,0.01951,-0.554353,-0.0202952
-0.00409573,0.496396,-0.00197485,0.0582892,0.0195234,-0.554637,-0.0202854
-0.00406744,0.498519,-0.00193912,0.0568369,0.0195501,-0.555308,-0.0202916
-0.0040305,0.500431,-0.00189597,0.0550919,0.0195594,-0.555475,-0.0202765
-0.00400125,0.502489,-0.0018597,0.0535953,0.019582,-0.556036,-0.0202783
-0.00396688,0.504604,-0.00181836,0.0518836,0.0195993,-0.55644,-0.020272
-0.00392957,0.506514,-0.00177509,0.0500873,0.0196064,-0.556553,-0.0202545
-0.00389906,0.508595,-0.00173772,0.0485038,0.0196267,-0.557051,-0.0202533
-0.00386078,0.510453,-0.00169387,0.0466535,0.01963,-0.557059,-0.0202316
-0.00383036,0.512484,-0.00165692,0.0450595,0.0196479,-0.557495,-0.0202282
-0.00379384,0.514515,-0.00161422,0.0432145,0.0196572,-0.557682,-0.0202131
-0.00375595,0.516334,-0.00157112,0.0413444,0.0196581,-0.557631,-0.0201894
-0.0037246,0.518305,-0.00153372,0.0396871,0.0196715,-0.557944,-0.0201812
-0.0036872,0.520165,-0.00149108,0.0377987,0.0196731,-0.557915,-0.0201582
-0.00365404,0.522179,-0.00145193,0.0360325,0.0196841,-0.558163,-0.0201467
-0.00361531,0.524121,-0.00140787,0.0340413,0.0196849,-0.558115,-0.0201221
-0.00357713,0.525861,-0.00136518,0.0320988,0.0196801,-0.557911,-0.0200928
-0.00354527,0.527788,-0.0013278,0.0303592,0.0196888,-0.558099,-0.0200797
-0.00350658,0.529589,-0.00128454,0.0283493,0.0196837,-0.55789,-0.0200497
-0.00347214,0.531517,-0.00124488,0.0264714,0.0196876,-0.557941,-0.0200306
-0.00343222,0.53324,-0.00120091,0.0243913,0.0196773,-0.557583,-0.0199949
-0.00339858,0.535096,-0.00116241,0.0225294,0.019679,-0.557578,-0.0199742
-0.003361,0.537012,-0.00112007,0.0204683,0.019676,-0.557433,-0.0199466
-0.00331997,0.538684,-0.0010755,0.018294,0.0196605,-0.55693,-0.0199053
-0.00328613,0.540505,-0.00103715,0.0163785,0.0196591,-0.556836,-0.0198815
-0.00324676,0.542169,-0.000994317,0.0142385,0.0196444,-0.55636,-0.0198419
-0.00321229,0.543999,-0.000955492,0.0122563,0.0196409,-0.556209,-0.0198157
-0.00317257,0.545774,-0.000912068,0.0100317,0.0196272,-0.555758,-0.0197765
-0.00313231,0.547272,-0.000869263,0.00782777,0.0196043,-0.555053,-0.0197289
-0.00309906,0.548762,-0.000833029,0.00592591,0.0195916,-0.554641,-0.0196949
-0.00306661,0.55038,-0.000797129,0.00401242,0.0195829,-0.554345,-0.0196651
-0.00303069,0.552043,-0.000757915,0.00190628,0.0195693,-0.553903,-0.0196284
-0.00299199,0.553518,-0.000716913,-0.000304237,0.0195454,-0.553167,-0.0195805
-0.0029585,0.555111,-0.000680325,-0.00231963,0.0195324,-0.552746,-0.0195459
-0.00292113,0.556578,-0.000640708,-0.00450923,0.019509,-0.552023,-0.0194992
-0.00288724,0.558182,-0.000603851,-0.00658775,0.0194942,-0.551549,-0.0194626
-0.00284981,0.55982,-0.00056369,-0.008872,0.0194736,-0.550902,-0.0194182
-0.00281,0.561296,-0.000522022,-0.0112572,0.0194438,-0.549993,-0.0193639
-0.00277481,0.562959,-0.000483961,-0.0134876,0.019426,-0.549426,-0.0193234
-0.00273334,0.564323,-0.000441343,-0.0159818,0.0193887,-0.548297,-0.0192609
-0.00270011,0.565993,-0.000405167,-0.0181657,0.0193728,-0.547783,-0.0192234
-0.00265782,0.567297,-0.000362177,-0.0207448,0.0193306,-0.546507,-0.0191557
-0.00262495,0.568904,-0.000326688,-0.022944,0.0193121,-0.545915,-0.0191159
-0.00258588,0.570664,-0.000285114,-0.0255453,0.0192853,-0.545074,-0.0190641
-0.00253978,0.572041,-0.000238673,-0.0284522,0.0192347,-0.543544,-0.0189859
-0.00250206,0.573426,-0.000199814,-0.0309425,0.0191987,-0.54244,-0.0189266
-0.00246458,0.574663,-0.000161773,-0.0334071,0.0191584,-0.541213,-0.0188636
-0.00243146,0.576101,-0.000126992,-0.0357162,0.0191306,-0.540341,-0.0188147
-0.0023934,0.57744,-8.81985e-05,-0.038308,0.0190898,-0.539089,-0.0187506
-0.00235608,0.578687,-5.04703e-05,-0.0408634,0.0190471,-0.537781,-0.0186852
-0.00232159,0.580093,-1.47613e-05,-0.0433363,0.019013,-0.536714,-0.0186294
-0.00228204,0.581147,2.41386e-05,-0.0460347,0.0189589,-0.53507,-0.0185519
-0.00225149,0.582644,5.65557e-05,-0.0483668,0.018933,-0.534235,-0.018506
-0.00221052,0.583781,9.68776e-05,-0.0512554,0.0188757,-0.532484,-0.0184244
-0.00217611,0.585114,0.000132009,-0.0538423,0.0188358,-0.53123,-0.0183629
-0.00213804,0.586357,0.000169996,-0.05667,0.0187846,-0.529645,-0.0182885
-0.00209987,0.587337,0.000207087,-0.0594623,0.0187256,-0.527834,-0.018207
-0.00206909,0.588722,0.000239023,-0.0619485,0.0186913,-0.526732,-0.0181528
-0.00202944,0.589762,0.000277503,-0.0649463,0.018628,-0.524776,-0.0180659
-0.00199482,0.590806,0.00031151,-0.0676547,0.0185746,-0.523111,-0.0179916
-0.0019623,0.59209,0.000344465,-0.070345,0.0185305,-0.521705,-0.0179269
-0.00192318,0.592941,0.000381625,-0.0733895,0.0184597,-0.519512,-0.0178332
-0.00189249,0.594128,0.000412528,-0.0760049,0.0184151,-0.518084,-0.0177693
-0.00185636,0.595134,0.000447501,-0.0789931,0.018352,-0.516102,-0.0176844
-0.00182204,0.596159,0.00048091,-0.0819086,0.0182923,-0.514212,-0.0176038
-0.00178725,0.597034,0.000514147,-0.0848562,0.0182265,-0.512139,-0.0175172
-0.00175551,0.597967,0.000544899,-0.0876457,0.0181682,-0.510283,-0.0174395
-0.00172375,0.598998,0.000575953,-0.090522,0.0181107,-0.508438,-0.0173623
-0.00168918,0.599887,0.000608905,-0.0936225,0.0180413,-0.506227,-0.017272
-0.00165627,0.600827,0.000640547,-0.0966689,0.0179757,-0.504121,-0.0171863
-0.00162202,0.601498,0.000672371,-0.0997831,0.0178988,-0.501678,-0.0170892
-0.00159306,0.602371,0.000700293,-0.102591,0.0178392,-0.499743,-0.0170116
-0.00156238,0.603317,0.000729911,-0.105631,0.017775,-0.49765,-0.0169282
-0.0015285,0.604046,0.000761486,-0.108929,0.0176952,-0.49508,-0.0168281
-0.00149701,0.604728,0.000790808,-0.112067,0.0176193,-0.492625,-0.0167332
-0.0014674,0.605401,0.000818461,-0.115096,0.0175469,-0.49027,-0.0166428
-0.0014387,0.606074,0.000845297,-0.118103,0.0174755,-0.487937,-0.0165539
-0.0014103,0.606762,0.000871903,-0.121153,0.0174037,-0.485575,-0.0164645
-0.00138181,0.60758,0.000898998,-0.124336,0.0173325,-0.48321,-0.0163753
-0.00134973,0.608039,0.0009279,-0.127804,0.0172403,-0.480201,-0.016264
-0.00132216,0.608582,0.000953227,-0.130929,0.0171622,-0.477619,-0.016169
-0.0012957,0.60923,0.00097794,-0.134057,0.017088,-0.475139,-0.0160782
-0.00126721,0.609611,0.00100345,-0.137364,0.0169994,-0.472214,-0.0159724
-0.00124261,0.61032,0.00102675,-0.140469,0.0169289,-0.469818,-0.0158859
-0.00121392,0.610734,0.00105251,-0.143991,0.0168358,-0.466711,-0.0157752
-0.00118714,0.611046,0.00107629,-0.147338,0.0167449,-0.463675,-0.015668
-0.00116326,0.611439,0.00109787,-0.150462,0.016664,-0.460945,-0.0155722
-0.00113991,0.611897,0.00111922,-0.153636,0.0165844,-0.45823,-0.0154775
-0.00111561,0.612349,0.00114135,-0.157018,0.0164986,-0.455299,-0.0153762
-0.00108991,0.612482,0.00116358,-0.160533,0.0163984,-0.451918,-0.0152603
-0.00106877,0.613107,0.00118362,-0.163779,0.0163237,-0.449297,-0.015171
-0.00104207,0.613069,0.00120612,-0.167577,0.0162103,-0.445462,-0.0150415
-0.00102128,0.613296,0.00122453,-0.170778,0.0161241,-0.442488,-0.0149419
-0.00100117,0.61368,0.0012429,-0.174059,0.0160415,-0.439591,-0.0148456
-0.000978451,0.613646,0.00126208,-0.177637,0.0159363,-0.43598,-0.0147263
-0.000959928,0.614062,0.00127925,-0.180906,0.015856,-0.433126,-0.014633
-0.000937779,0.614036,0.00129802,-0.18466,0.0157472,-0.429348,-0.0145099
-0.000918294,0.614067,0.00131474,-0.188129,0.015649,-0.42591,-0.0143989
-0.000900337,0.614277,0.0013308,-0.191557,0.0155587,-0.422692,-0.0142959
-0.000880656,0.614106,0.00134708,-0.195228,0.0154491,-0.418851,-0.0141735
-0.00086434,0.614287,0.00136171,-0.1986,0.0153604,-0.415659,-0.0140729
-0.000846167,0.614136,0.00137685,-0.202298,0.0152519,-0.411811,-0.013952
-0.000830017,0.614094,0.00139067,-0.205799,0.0151531,-0.408268,-0.0138418
-0.000814349,0.614117,0.00140436,-0.209396,0.0150545,-0.404695,-0.0137315
-0.000800206,0.615687,0.0014221,-0.213827,0.0149859,-0.401834,-0.0136473
-0.00076658,0.613356,0.00144362,-0.220906,0.0147142,-0.392424,-0.0133567
-0.000754411,0.613153,0.00145374,-0.224213,0.0146182,-0.388915,-0.0132513
-0.00074293,0.613069,0.00146374,-0.227582,0.014525,-0.385461,-0.0131487
-0.000730513,0.612653,0.00147351,-0.231195,0.0144148,-0.381432,-0.0130288
-0.000720126,0.612579,0.00148274,-0.234632,0.0143212,-0.377923,-0.0129261
-0.000708586,0.612259,0.00149228,-0.238511,0.0142084,-0.373724,-0.0128033
-0.000697402,0.611821,0.00150121,-0.242463,0.0140903,-0.369333,-0.0126756
-0.00068718,0.611361,0.00150932,-0.246339,0.0139743,-0.364999,-0.0125504
-0.000677767,0.610805,0.00151648,-0.250114,0.0138583,-0.360667,-0.0124259
-0.000669854,0.610483,0.00152318,-0.253735,0.0137547,-0.356725,-0.0123141
-0.00066152,0.609752,0.00152902,-0.257532,0.0136337,-0.352196,-0.0121853
-0.000655381,0.609559,0.00153475,-0.261026,0.0135389,-0.34851,-0.0120828
-0.000648061,0.608772,0.0015398,-0.265033,0.0134121,-0.343717,-0.0119482
-0.000642391,0.608233,0.00154422,-0.268695,0.0133028,-0.339516,-0.0118318
-0.000637324,0.607769,0.00154852,-0.272501,0.013193,-0.335246,-0.0117147
-0.000632038,0.606833,0.00155166,-0.276528,0.013063,-0.330284,-0.0115778
-0.000628551,0.606431,0.00155495,-0.280204,0.0129598,-0.326205,-0.0114678
-0.000624611,0.605404,0.0015569,-0.284283,0.012827,-0.321101,-0.0113287
-0.000622275,0.604891,0.00155904,-0.287952,0.0127216,-0.316918,-0.0112171
-0.000620055,0.604062,0.00156038,-0.292028,0.0125969,-0.312013,-0.0110861
-0.00061837,0.603026,0.00156068,-0.296026,0.012468,-0.30698,-0.0109517
-0.000617805,0.602394,0.00156127,-0.299738,0.0123597,-0.302636,-0.0108379
-0.00061748,0.601327,0.00156055,-0.303734,0.0122313,-0.297572,-0.0107044
-0.000618067,0.6006,0.00156009,-0.307488,0.0121202,-0.293092,-0.0105882
-0.000619105,0.599533,0.00155845,-0.311493,0.0119931,-0.28802,-0.0104564
-0.000620778,0.598574,0.0015566,-0.315302,0.0118746,-0.283253,-0.0103335
-0.000623186,0.59775,0.0015547,-0.319169,0.0117598,-0.278561,-0.010214
-0.000626279,0.596585,0.00155149,-0.32333,0.0116281,-0.273236,-0.0100781
-0.000629946,0.595462,0.00154795,-0.327348,0.0115018,-0.268096,-0.0099478
-0.000634162,0.59433,0.00154398,-0.331286,0.0113777,-0.263025,-0.00982
-0.000638939,0.593245,0.00153975,-0.335174,0.0112568,-0.258053,-0.00969565
-0.000644493,0.592211,0.00153525,-0.339185,0.0111356,-0.253008,-0.00957072
-0.000650816,0.59071,0.00152894,-0.343348,0.0109969,-0.247343,-0.00942927
-0.000657202,0.589743,0.00152399,-0.34713,0.0108842,-0.242595,-0.00931332
-0.000664736,0.588371,0.00151727,-0.351259,0.0107519,-0.237094,-0.00917824
-0.000672596,0.587058,0.00151046,-0.355236,0.0106254,-0.231804,-0.00904922
-0.0006809,0.585763,0.00150339,-0.359154,0.0105014,-0.226591,-0.00892288
-0.000689873,0.584565,0.00149623,-0.363136,0.0103797,-0.221411,-0.00879867
-0.000700156,0.583152,0.00148777,-0.367424,0.0102456,-0.21571,-0.00866222
-0.000711163,0.581406,0.00147787,-0.371706,0.0101022,-0.209684,-0.00851724
-0.000721501,0.580054,0.00146934,-0.375543,0.00998086,-0.204494,-0.00839419
-0.000732536,0.57868,0.00146037,-0.379455,0.00985793,-0.199208,-0.0082696
-0.00074456,0.577282,0.0014508,-0.383541,0.00973133,-0.193725,-0.00814129
-0.000757877,0.575593,0.00143968,-0.387831,0.00959236,-0.187745,-0.00800107
-0.000771143,0.573793,0.00142817,-0.391883,0.00945562,-0.181893,-0.00786367
-0.000783471,0.572485,0.00141853,-0.395583,0.00934155,-0.176886,-0.00774839
-0.000797371,0.570921,0.00140732,-0.399584,0.00921423,-0.171321,-0.00762013
-0.000812237,0.569381,0.00139569,-0.403744,0.00908513,-0.165621,-0.00748995
-0.00082878,0.567476,0.00138209,-0.408152,0.00894083,-0.159308,-0.00734517
-0.000845091,0.565534,0.00136841,-0.41232,0.00880089,-0.153197,-0.00720514
-0.0008605,0.563969,0.00135629,-0.416209,0.00867835,-0.147744,-0.00708205
-0.000877194,0.562143,0.00134271,-0.420257,0.00854551,-0.14187,-0.00694912
-0.000893911,0.560453,0.00132951,-0.424237,0.00841866,-0.136201,-0.00682201
-0.000911595,0.558509,0.00131501,-0.428278,0.00828369,-0.130215,-0.00668731
-0.000928826,0.556937,0.00130186,-0.432219,0.00816219,-0.124702,-0.00656543
-0.000948554,0.554842,0.00128585,-0.436517,0.00801915,-0.118309,-0.00642283
-0.000967786,0.552913,0.00127056,-0.440636,0.007885,-0.112261,-0.00628897
-0.000987614,0.550957,0.00125488,-0.444792,0.00774996,-0.106149,-0.00615428
-0.00100804,0.54883,0.00123834,-0.448933,0.00761085,-0.0998815,-0.00601594
-0.00102771,0.546931,0.00122286,-0.452887,0.00748241,-0.094028,-0.00588797
-0.00104834,0.544956,0.00120666,-0.456956,0.00735018,-0.0879839,-0.0057563
-0.0010699,0.542811,0.00118946,-0.46109,0.00721243,-0.0817058,-0.00561943
-0.00109147,0.540849,0.0011728,-0.46522,0.00708056,-0.075613,-0.00548806
-0.00111494,0.538435,0.00115378,-0.469517,0.00693328,-0.0689035,-0.00534213
-0.00113691,0.536402,0.00113668,-0.473555,0.00680214,-0.0628316,-0.00521174
-0.00115995,0.533976,0.0011178,-0.477598,0.00666021,-0.0563627,-0.00507143
-0.00118068,0.532267,0.00110229,-0.481377,0.00654395,-0.0508743,-0.00495546
-0.00120561,0.529834,0.00108245,-0.485695,0.00639796,-0.0441237,-0.00481085
-0.00122991,0.527427,0.00106298,-0.489822,0.00625664,-0.0375895,-0.00467102
-0.00125338,0.525331,0.00104488,-0.493852,0.00612635,-0.0314641,-0.00454162
-0.00127875,0.522683,0.0010241,-0.497983,0.00597917,-0.0246847,-0.00439642
-0.00130132,0.52082,0.00100717,-0.501827,0.00585958,-0.0189777,-0.00427736
-0.0013284,0.518185,0.000985576,-0.50621,0.00570936,-0.0119597,-0.00412881
-0.00135473,0.515651,0.000964655,-0.510432,0.00556527,-0.00520344,-0.00398631
-0.00138093,0.513208,0.000944083,-0.514621,0.00542479,0.00142779,-0.00384723
-0.00140791,0.510513,0.000922316,-0.518808,0.00527777,0.00831015,-0.00370211
-0.00143297,0.508071,0.000902285,-0.522686,0.00514352,0.0146301,-0.00356948
-0.00145743,0.50576,0.000882952,-0.526473,0.00501482,0.0207287,-0.00344216
-0.00148272,0.503424,0.000863124,-0.530384,0.00488368,0.0269754,-0.00331232
-0.00150972,0.500852,0.0008417,-0.534491,0.00474306,0.0336543,-0.00317326
-0.00153693,0.498089,0.000819554,-0.538521,0.00459887,0.0404471,-0.00303108
-0.00156228,0.495769,0.000799719,-0.54237,0.00447027,0.0466158,-0.00290367
-0.00158978,0.493001,0.000777391,-0.546403,0.00432659,0.0534172,-0.00276191
-0.00161605,0.490555,0.000756671,-0.550332,0.00419381,0.0597926,-0.00263043
-0.00164454,0.487782,0.000733813,-0.554513,0.00404821,0.0667466,-0.0024865
-0.00167299,0.484789,0.000710257,-0.558565,0.00389912,0.0737907,-0.00233961
-0.00169867,0.482394,0.00068995,-0.562357,0.0037709,0.0799784,-0.00221255
-0.00172682,0.479501,0.00066682,-0.566374,0.00362569,0.0868885,-0.00206925
-0.00175379,0.47689,0.000645155,-0.570292,0.00349005,0.0934171,-0.00193499
-0.00178227,0.473933,0.000621625,-0.574324,0.00334343,0.100406,-0.00179026
-0.00180932,0.471157,0.000599349,-0.578167,0.00320504,0.107025,-0.00165353
-0.00183654,0.468568,0.000577562,-0.582133,0.00306991,0.113581,-0.00151949
-0.00186665,0.46523,0.000551928,-0.58629,0.0029117,0.121075,-0.0013636
-0.00189306,0.462547,0.000530193,-0.59006,0.00277769,0.127527,-0.00123093
-0.00192044,0.459591,0.000507068,-0.59389,0.0026355,0.134315,-0.00109051
-0.0019465,0.456829,0.000485197,-0.597568,0.0025012,0.140755,-0.000957679
-0.00197306,0.454147,0.000463305,-0.601392,0.00236685,0.14726,-0.000824412
-0.00200208,0.450925,0.000438404,-0.605445,0.0022144,0.154535,-0.000673781
-0.00202947,0.447869,0.000414817,-0.609279,0.00207012,0.161426,-0.000531153
-0.00205591,0.444986,0.000392221,-0.613032,0.00193192,0.168061,-0.000394288
-0.00208285,0.441947,0.000368829,-0.616829,0.00178894,0.174897,-0.000252817
-0.00210932,0.438964,0.000345806,-0.620586,0.00164821,0.181637,-0.000113451
-0.00213624,0.435989,0.000322531,-0.624462,0.00150583,0.188488,2.77787e-05
-0.00216461,0.432631,0.000297227,-0.628474,0.0013511,0.195858,0.000180898
-0.00219143,0.429345,0.000272885,-0.632251,0.00120217,0.202921,0.000328159
-0.00221631,0.426425,0.000250661,-0.635849,0.00106595,0.209439,0.000463261
-0.00224157,0.42327,0.000227418,-0.639451,0.000923402,0.216197,0.000604339
-0.002266,0.420493,0.000205772,-0.643099,0.000790236,0.222621,0.00073685
-0.00229355,0.417015,0.000180156,-0.647103,0.000632578,0.230104,0.000893098
-0.00231974,0.413496,0.000155026,-0.650871,0.000477661,0.23739,0.00104634
-0.00234322,0.410503,0.000132953,-0.654369,0.000341124,0.243881,0.0011819
-0.00236723,0.407358,0.000110025,-0.657961,0.000198963,0.250618,0.00132299
-0.00239156,0.404179,8.67353e-05,-0.661659,5.41125e-05,0.257495,0.00146693
-0.00241363,0.400206,6.19048e-05,-0.664625,-0.000100115,0.264434,0.00161805
-0.00243353,0.395843,3.68054e-05,-0.667057,-0.000256168,0.271229,0.00176975
-0.00245059,0.392011,1.4888e-05,-0.669168,-0.00039295,0.277172,0.00190275
-0.00246832,0.387928,-8.32115e-06,-0.671391,-0.000538337,0.283478,0.00204416
-0.00248467,0.384059,-3.01778e-05,-0.673473,-0.000675815,0.289429,0.00217791
-0.00250213,0.379811,-5.40255e-05,-0.675731,-0.000826469,0.295935,0.00232451
-0.00251735,0.375992,-7.53149e-05,-0.677736,-0.000961599,0.301758,0.00245604
-0.0025337,0.371762,-9.87421e-05,-0.67993,-0.00111102,0.308182,0.0026015
-0.00254854,0.367789,-0.000120592,-0.681964,-0.00125111,0.31419,0.00273793
-0.00256224,0.363992,-0.000141324,-0.683885,-0.00138475,0.319907,0.0028681
-0.00257629,0.359958,-0.000163198,-0.685899,-0.00152652,0.325956,0.00300622
-0.00258969,0.355953,-0.000184751,-0.687874,-0.00166705,0.331935,0.00314315
-0.00260328,0.351712,-0.000207392,-0.689936,-0.00181561,0.338239,0.00328795
-0.00261531,0.347781,-0.000228203,-0.691821,-0.00195308,0.344054,0.00342196
-0.00262621,0.344051,-0.000247803,-0.693588,-0.0020834,0.34955,0.00354903
-0.00263791,0.339842,-0.000269735,-0.695553,-0.00223023,0.355725,0.00369222
-0.00264834,0.335868,-0.000290263,-0.697382,-0.00236871,0.361528,0.00382728
-0.00265912,0.331505,-0.000312593,-0.699361,-0.00252051,0.367869,0.00397537
-0.00266628,0.328416,-0.000328264,-0.700743,-0.0026279,0.37234,0.00408014
-0.00267247,0.32526,-0.000343925,-0.702188,-0.0027388,0.376942,0.00418905
-0.00266793,0.32536,-0.000342017,-0.702421,-0.00274238,0.377074,0.00419652
-0.0026636,0.325457,-0.000340206,-0.702643,-0.0027458,0.377199,0.00420363
-0.00265919,0.325555,-0.000338377,-0.702869,-0.00274927,0.377327,0.00421083
-0.00265546,0.325637,-0.00033684,-0.70306,-0.0027522,0.377436,0.0042169
-0.00265091,0.325739,-0.000334972,-0.703294,-0.00275578,0.377568,0.00422429
-0.00264654,0.325836,-0.000333191,-0.703518,-0.00275921,0.377695,0.00423136
-0.00264231,0.32593,-0.000331477,-0.703735,-0.00276253,0.377818,0.00423817
-0.00263781,0.32603,-0.000329663,-0.703966,-0.00276606,0.377948,0.0042454
-0.00263375,0.326121,-0.000328035,-0.704175,-0.00276924,0.378066,0.00425191
-0.00262942,0.326217,-0.000326312,-0.704397,-0.00277263,0.378192,0.00425882
-0.00262504,0.326315,-0.000324576,-0.704622,-0.00277606,0.37832,0.00426579
-0.00262075,0.326411,-0.000322886,-0.704843,-0.00277942,0.378444,0.0042726
-0.00261623,0.326512,-0.000321115,-0.705076,-0.00278295,0.378576,0.00427975
-0.0026122,0.326602,-0.000319547,-0.705283,-0.00278609,0.378693,0.0042861
-0.00260767,0.326703,-0.000317795,-0.705516,-0.00278962,0.378825,0.00429321
-0.00260356,0.326795,-0.000316212,-0.705727,-0.00279282,0.378945,0.00429965
-0.0025989,0.326899,-0.000314426,-0.705968,-0.00279646,0.37908,0.00430693
-0.00259442,0.326999,-0.000312724,-0.706198,-0.00279994,0.379211,0.00431389
-0.00259057,0.327086,-0.000311267,-0.706397,-0.00280293,0.379323,0.00431986
-0.00258608,0.327186,-0.000309576,-0.706628,-0.00280642,0.379454,0.00432681
-0.00258185,0.327281,-0.000307992,-0.706846,-0.0028097,0.379577,0.00433333
-0.00257697,0.32739,-0.000306176,-0.707098,-0.00281348,0.379719,0.00434083
-0.00257287,0.327482,-0.000304661,-0.707309,-0.00281666,0.379838,0.00434709
-0.00256853,0.32758,-0.000303062,-0.707533,-0.00282002,0.379965,0.00435372
-0.00256388,0.327684,-0.00030136,-0.707774,-0.00282362,0.380101,0.0043608
-0.00255941,0.327785,-0.000299733,-0.708004,-0.00282707,0.380231,0.00436758
-0.00255486,0.327887,-0.000298086,-0.70824,-0.00283059,0.380364,0.00437446
-0.00255066,0.327981,-0.000296574,-0.708457,-0.00283383,0.380486,0.00438079
-0.0025462,0.328082,-0.000294978,-0.708687,-0.00283726,0.380617,0.00438749
-0.00254144,0.328189,-0.000293283,-0.708933,-0.00284093,0.380756,0.00439462
-0.00253711,0.328286,-0.000291746,-0.709158,-0.00284427,0.380882,0.0044011
-0.00253248,0.328391,-0.000290119,-0.709397,-0.00284783,0.381017,0.00440798
-0.00252797,0.328492,-0.000288537,-0.709631,-0.0028513,0.381149,0.00441468
-0.00252357,0.328592,-0.000287005,-0.709859,-0.00285468,0.381278,0.00442119
-0.00251909,0.328693,-0.000285452,-0.710091,-0.00285812,0.381409,0.00442779
-0.00251434,0.3288,-0.000283816,-0.710337,-0.00286176,0.381548,0.00443477
-0.00250961,0.328907,-0.000282193,-0.710582,-0.00286539,0.381686,0.00444171
-0.0025053,0.329004,-0.000280724,-0.710806,-0.00286869,0.381812,0.00444801
-0.00250076,0.329107,-0.000279183,-0.711042,-0.00287217,0.381945,0.00445462
-0.00249627,0.329209,-0.000277668,-0.711275,-0.0028756,0.382077,0.00446115
-0.00249147,0.329317,-0.000276057,-0.711524,-0.00287927,0.382217,0.00446809
-0.00248662,0.329427,-0.000274439,-0.711776,-0.00288297,0.382359,0.00447509
-0.00248233,0.329524,-0.000273014,-0.711999,-0.00288625,0.382485,0.00448127
-0.00247755,0.329632,-0.000271437,-0.712248,-0.00288989,0.382625,0.00448811
-0.0024732,0.329731,-0.000270005,-0.712474,-0.00289321,0.382753,0.00449435
-0.00246826,0.329843,-0.000268391,-0.712731,-0.00289697,0.382898,0.00450139
-0.00246334,0.329955,-0.000266794,-0.712987,-0.00290071,0.383042,0.00450837
-0.00245891,0.330056,-0.000265361,-0.713218,-0.00290408,0.383172,0.00451465
-0.00245445,0.330157,-0.000263927,-0.71345,-0.00290747,0.383303,0.00452095
-0.00244977,0.330264,-0.000262426,-0.713695,-0.00291103,0.383441,0.00452755
-0.00244479,0.330377,-0.00026084,-0.713954,-0.00291481,0.383587,0.00453455
-0.00244058,0.330473,-0.000259508,-0.714174,-0.00291799,0.38371,0.00454043
-0.00243556,0.330587,-0.000257926,-0.714436,-0.0029218,0.383858,0.00454744
-0.00243092,0.330693,-0.00025647,-0.714678,-0.00292531,0.383994,0.0045539
-0.00242621,0.3308,-0.000255,-0.714924,-0.00292888,0.384133,0.00456044
-0.00242117,0.330915,-0.000253436,-0.715187,-0.00293269,0.384281,0.00456741
-0.00241666,0.331018,-0.000252042,-0.715423,-0.0029361,0.384414,0.00457363
-0.00241178,0.331129,-0.000250545,-0.715678,-0.00293978,0.384558,0.00458033
-0.0024071,0.331236,-0.000249111,-0.715923,-0.00294332,0.384696,0.00458676
-0.00240252,0.331341,-0.000247719,-0.716163,-0.00294677,0.384831,0.00459302
-0.00239777,0.33145,-0.00024628,-0.716412,-0.00295036,0.384971,0.0045995
-0.00239282,0.331563,-0.00024479,-0.716671,-0.00295408,0.385117,0.00460622
-0.00238774,0.331679,-0.000243266,-0.716937,-0.00295791,0.385267,0.00461311
-0.00238358,0.331775,-0.000242026,-0.717155,-0.00296104,0.385389,0.00461873
-0.00237838,0.331894,-0.000240483,-0.717428,-0.00296494,0.385543,0.00462573
-0.00237314,0.332014,-0.000238937,-0.717703,-0.00296888,0.385697,0.00463276
-0.00236848,0.332121,-0.000237568,-0.717948,-0.00297238,0.385835,0.004639
-0.00236368,0.332231,-0.000236164,-0.7182,-0.00297598,0.385977,0.00464541
-0.00235932,0.332331,-0.000234895,-0.718429,-0.00297925,0.386106,0.00465122
-0.00235416,0.33245,-0.0002334,-0.7187,-0.00298312,0.386259,0.00465807
-0.00234881,0.332573,-0.00023186,-0.718981,-0.00298712,0.386417,0.00466515
-0.00234412,0.332681,-0.000230514,-0.719228,-0.00299064,0.386556,0.00467134
-0.0023391,0.332796,-0.000229084,-0.719492,-0.00299439,0.386704,0.00467794
-0.00233452,0.332902,-0.000227781,-0.719734,-0.00299782,0.38684,0.00468396
-0.00232972,0.333012,-0.000226426,-0.719987,-0.0030014,0.386982,0.00469023
-0.00232459,0.333131,-0.000224982,-0.720257,-0.00300523,0.387134,0.00469692
-0.00231957,0.333246,-0.000223577,-0.720522,-0.00300897,0.387283,0.00470345
-0.00231432,0.333368,-0.000222114,-0.720799,-0.00301289,0.387439,0.00471026
-0.00230973,0.333473,-0.000220843,-0.721041,-0.00301631,0.387575,0.00471619
-0.0023045,0.333594,-0.000219398,-0.721317,-0.00302021,0.38773,0.00472294
-0.00229971,0.333705,-0.000218083,-0.72157,-0.00302377,0.387872,0.00472909
-0.00229426,0.333831,-0.000216592,-0.721858,-0.00302783,0.388034,0.00473609
-0.00228935,0.333945,-0.000215257,-0.722118,-0.00303148,0.38818,0.00474236
-0.00228502,0.334045,-0.000214086,-0.722347,-0.00303469,0.388309,0.00474787
-0.00228031,0.334154,-0.000212816,-0.722596,-0.00303819,0.388449,0.00475386
-0.00227554,0.334265,-0.000211533,-0.722849,-0.00304173,0.388591,0.00475992
-0.00227053,0.334381,-0.000210194,-0.723114,-0.00304545,0.38874,0.00476625
-0.0022658,0.334491,-0.000208936,-0.723365,-0.00304895,0.388881,0.00477221
-0.00226091,0.334604,-0.00020764,-0.723624,-0.00305258,0.389027,0.00477836
-0.00225641,0.334709,-0.000206452,-0.723863,-0.00305591,0.389161,0.00478401
-0.00225165,0.334819,-0.000205203,-0.724115,-0.00305943,0.389302,0.00478995
-0.00224581,0.334955,-0.000203675,-0.724425,-0.00306375,0.389477,0.00479724
-0.00224075,0.335073,-0.000202359,-0.724694,-0.00306749,0.389627,0.00480353
-0.00223569,0.33519,-0.000201049,-0.724963,-0.00307123,0.389778,0.0048098
-0.0022311,0.335297,-0.000199863,-0.725207,-0.00307462,0.389916,0.00481548
-0.00222619,0.335412,-0.000198602,-0.725468,-0.00307824,0.390062,0.00482154
-0.00222083,0.335537,-0.000197232,-0.725753,-0.0030822,0.390222,0.00482813
-0.00221553,0.33566,-0.000195883,-0.726035,-0.0030861,0.390381,0.00483463
-0.0022102,0.335785,-0.000194532,-0.726319,-0.00309003,0.39054,0.00484115
-0.00220506,0.335905,-0.000193235,-0.726593,-0.00309382,0.390694,0.00484742
-0.00219998,0.336024,-0.000191959,-0.726864,-0.00309756,0.390846,0.00485359
-0.00219498,0.33614,-0.000190708,-0.727131,-0.00310124,0.390996,0.00485966
-0.00218921,0.336275,-0.000189272,-0.727439,-0.00310548,0.391169,0.00486663
-0.00218347,0.33641,-0.000187849,-0.727746,-0.0031097,0.391341,0.00487356
-0.00217847,0.336527,-0.000186616,-0.728013,-0.00311337,0.391491,0.00487957
-0.00217359,0.336641,-0.000185418,-0.728273,-0.00311695,0.391637,0.00488541
-0.00216854,0.33676,-0.000184183,-0.728543,-0.00312066,0.391789,0.00489145
-0.00216304,0.336889,-0.000182842,-0.728838,-0.00312469,0.391954,0.00489801
-0.00215791,0.337009,-0.000181599,-0.729112,-0.00312845,0.392108,0.00490411
-0.00215298,0.337125,-0.000180406,-0.729377,-0.00313207,0.392257,0.00490996
-0.00214697,0.337266,-0.000178963,-0.729698,-0.00313647,0.392437,0.00491706
-0.00214185,0.337387,-0.000177735,-0.729973,-0.00314022,0.392591,0.00492311
-0.00213662,0.337509,-0.00017649,-0.730253,-0.00314404,0.392749,0.00492925
-0.00213183,0.337622,-0.000175352,-0.73051,-0.00314754,0.392893,0.00493487
-0.00212645,0.337749,-0.00017408,-0.730799,-0.00315147,0.393055,0.00494116
-0.00212037,0.337892,-0.000172647,-0.731126,-0.00315592,0.393238,0.00494826
-0.00211517,0.338015,-0.000171429,-0.731405,-0.00315971,0.393395,0.0049543
-0.00210928,0.338154,-0.000170054,-0.731722,-0.00316401,0.393573,0.00496113
-0.00210406,0.338277,-0.000168842,-0.732003,-0.00316782,0.39373,0.00496716
-0.00209893,0.338398,-0.000167654,-0.732279,-0.00317156,0.393885,0.00497308
-0.002093,0.338538,-0.000166288,-0.732598,-0.00317588,0.394064,0.0049799
-0.00208794,0.338658,-0.000165127,-0.732871,-0.00317956,0.394217,0.0049857
-0.00208226,0.338792,-0.000163828,-0.733177,-0.0031837,0.394389,0.0049922
-0.00207699,0.338917,-0.000162628,-0.733461,-0.00318753,0.394548,0.00499821
-0.00207187,0.339038,-0.000161466,-0.733738,-0.00319126,0.394703,0.00500404
-0.00206641,0.339168,-0.000160234,-0.734032,-0.00319523,0.394869,0.00501023
-0.00206131,0.339289,-0.000159086,-0.734308,-0.00319893,0.395023,0.005016
-0.00205503,0.339438,-0.000157678,-0.734648,-0.0032035,0.395213,0.00502309
-0.00204973,0.339564,-0.000156496,-0.734934,-0.00320734,0.395374,0.00502905
-0.00204443,0.339689,-0.000155318,-0.735221,-0.00321119,0.395535,0.00503499
-0.00203897,0.339819,-0.000154108,-0.735517,-0.00321515,0.395701,0.00504111
-0.00203363,0.339946,-0.000152932,-0.735806,-0.00321902,0.395863,0.00504706
-0.00202751,0.340092,-0.000151588,-0.736137,-0.00322346,0.396049,0.00505387
-0.0020221,0.34022,-0.000150405,-0.73643,-0.00322738,0.396213,0.00505988
-0.00201606,0.340364,-0.000149088,-0.736758,-0.00323175,0.396397,0.00506657
-0.00201067,0.340493,-0.000147918,-0.737051,-0.00323565,0.396561,0.00507252
-0.0020055,0.340616,-0.000146802,-0.737331,-0.00323939,0.396718,0.0050782
-0.0019997,0.340755,-0.00014555,-0.737647,-0.00324359,0.396895,0.00508458
-0.00199425,0.340885,-0.000144383,-0.737943,-0.00324753,0.397061,0.00509054
-0.00198823,0.341029,-0.000143096,-0.73827,-0.00325188,0.397245,0.00509712
-0.00198262,0.341163,-0.000141902,-0.738576,-0.00325593,0.397416,0.00510322
-0.00197655,0.341308,-0.000140614,-0.738906,-0.00326031,0.397601,0.00510982
-0.00197093,0.341442,-0.000139427,-0.739213,-0.00326437,0.397773,0.00511591
-0.00196571,0.341567,-0.000138329,-0.739497,-0.00326814,0.397932,0.00512155
-0.00195919,0.341724,-0.000136963,-0.739853,-0.00327284,0.398131,0.00512856
-0.00195297,0.341873,-0.000135665,-0.740192,-0.00327732,0.398322,0.00513524
-0.00194627,0.342034,-0.000134271,-0.740558,-0.00328215,0.398527,0.00514242
-0.00194049,0.342172,-0.000133076,-0.740874,-0.00328631,0.398704,0.00514859
-0.00193487,0.342307,-0.000131916,-0.741181,-0.00329036,0.398876,0.00515457
-0.00192866,0.342457,-0.00013064,-0.741521,-0.00329483,0.399066,0.00516117
-0.00192293,0.342595,-0.000129468,-0.741835,-0.00329895,0.399242,0.00516723
-0.00191753,0.342725,-0.000128366,-0.74213,-0.00330283,0.399408,0.00517294
-0.00191177,0.342863,-0.000127196,-0.742446,-0.00330697,0.399584,0.005179
-0.00190621,0.342997,-0.00012607,-0.742751,-0.00331097,0.399755,0.00518484
-0.00189984,0.343151,-0.000124786,-0.7431,-0.00331554,0.399951,0.00519151
-0.0018943,0.343284,-0.000123672,-0.743404,-0.00331952,0.400121,0.0051973
-0.00188853,0.343424,-0.000122515,-0.743721,-0.00332367,0.400299,0.00520332
-0.00188281,0.343562,-0.000121374,-0.744035,-0.00332777,0.400475,0.00520926
-0.00187696,0.343703,-0.00012021,-0.744357,-0.00333196,0.400655,0.00521532
-0.0018708,0.343852,-0.000118989,-0.744696,-0.00333638,0.400845,0.00522169
-0.00186494,0.343994,-0.000117831,-0.745018,-0.00334058,0.401025,0.00522774
-0.00185855,0.344149,-0.000116575,-0.74537,-0.00334516,0.401222,0.0052343
-0.00185282,0.344287,-0.000115452,-0.745686,-0.00334927,0.401399,0.00524018
-0.0018469,0.344431,-0.000114294,-0.746012,-0.00335351,0.401582,0.00524624
-0.00184066,0.344582,-0.000113081,-0.746356,-0.00335797,0.401775,0.00525259
-0.00183493,0.344721,-0.000111968,-0.746673,-0.00336207,0.401952,0.00525843
-0.00182941,0.344855,-0.000110901,-0.746978,-0.00336602,0.402123,0.00526403
-0.00182326,0.345005,-0.000109716,-0.747317,-0.00337042,0.402313,0.00527025
-0.00181743,0.345147,-0.000108596,-0.74764,-0.00337459,0.402493,0.00527613
-0.00181178,0.345284,-0.000107514,-0.747952,-0.00337863,0.402669,0.00528182
-0.00180579,0.34543,-0.00010637,-0.748284,-0.00338291,0.402854,0.00528784
-0.00179922,0.34559,-0.000105122,-0.748648,-0.0033876,0.403058,0.00529441
-0.00179339,0.345732,-0.000104018,-0.74897,-0.00339176,0.403239,0.00530023
-0.00178748,0.345876,-0.0001029,-0.749299,-0.00339598,0.403422,0.00530613
-0.0017818,0.346015,-0.000101831,-0.749613,-0.00340003,0.403599,0.00531177
-0.00177575,0.346162,-0.000100696,-0.749949,-0.00340435,0.403787,0.00531776
-0.00176914,0.346324,-9.94582e-05,-0.750317,-0.00340907,0.403992,0.0053243
-0.00176328,0.346467,-9.83656e-05,-0.750642,-0.00341325,0.404175,0.00533008
-0.00175717,0.346617,-9.72312e-05,-0.750982,-0.0034176,0.404365,0.00533608
-0.00175181,0.346748,-9.6238e-05,-0.75128,-0.00342142,0.404532,0.00534134
-0.00174546,0.346903,-9.50648e-05,-0.751634,-0.00342594,0.40473,0.00534755
-0.00173987,0.34704,-9.40359e-05,-0.751945,-0.00342992,0.404904,0.005353
-0.00173279,0.347214,-9.27371e-05,-0.752339,-0.00343496,0.405125,0.00535989
-0.00172597,0.347381,-9.14896e-05,-0.75272,-0.00343982,0.405338,0.00536651
-0.0017201,0.347525,-9.04185e-05,-0.753047,-0.003444,0.405521,0.00537219
-0.00171399,0.347676,-8.93081e-05,-0.753389,-0.00344835,0.405712,0.00537809
-0.00170801,0.347823,-8.82248e-05,-0.753723,-0.0034526,0.405899,0.00538384
-0.00170199,0.347971,-8.71374e-05,-0.754059,-0.00345688,0.406087,0.00538962
-0.00169503,0.348142,-8.58858e-05,-0.754448,-0.00346182,0.406305,0.00539628
-0.00168924,0.348284,-8.48464e-05,-0.754772,-0.00346594,0.406486,0.00540181
-0.00168304,0.348437,-8.37367e-05,-0.755119,-0.00347035,0.406681,0.00540772
-0.00167699,0.348586,-8.26563e-05,-0.755458,-0.00347465,0.406871,0.00541347
-0.00167092,0.348736,-8.15767e-05,-0.755799,-0.00347896,0.407061,0.00541922
-0.00165903,0.34903,-7.94701e-05,-0.756466,-0.0034874,0.407435,0.00543045
-0.00165175,0.34921,-7.81863e-05,-0.756875,-0.00349257,0.407663,0.0054373
-0.00164524,0.349371,-7.70421e-05,-0.75724,-0.00349719,0.407868,0.00544341
-0.00163877,0.349531,-7.5909e-05,-0.757604,-0.00350177,0.408072,0.00544945
-0.00163263,0.349683,-7.48348e-05,-0.75795,-0.00350614,0.408265,0.00545519
-0.00162684,0.349826,-7.38259e-05,-0.758276,-0.00351024,0.408447,0.00546058
-0.00162001,0.349996,-7.26399e-05,-0.75866,-0.00351508,0.408663,0.00546691
-0.00161315,0.350166,-7.14523e-05,-0.759047,-0.00351994,0.408879,0.00547326
-0.00160622,0.350338,-7.02549e-05,-0.759438,-0.00352485,0.409098,0.00547966
-0.00160003,0.350492,-6.91882e-05,-0.759787,-0.00352924,0.409293,0.00548536
-0.00159386,0.350645,-6.81298e-05,-0.760135,-0.00353361,0.409488,0.00549102
-0.00158752,0.350803,-6.70432e-05,-0.760494,-0.0035381,0.409689,0.00549684
-0.00158121,0.35096,-6.5966e-05,-0.76085,-0.00354257,0.409888,0.0055026
-0.00157413,0.351136,-6.47606e-05,-0.761251,-0.00354758,0.410112,0.00550905
-0.0015679,0.351291,-6.37033e-05,-0.761603,-0.00355199,0.410309,0.00551471
-0.0015608,0.351468,-6.25005e-05,-0.762006,-0.00355702,0.410535,0.00552115
-0.00155435,0.351629,-6.14109e-05,-0.762371,-0.00356158,0.410739,0.00552698
-0.00154737,0.351803,-6.02366e-05,-0.762767,-0.00356652,0.410961,0.00553327
-0.00153354,0.350918,-6.2983e-05,-0.763616,-0.00361169,0.412696,0.00557734
-0.0015096,0.348257,-7.23305e-05,-0.765115,-0.00372172,0.416854,0.00568191
-0.00148123,0.345158,-8.30956e-05,-0.766829,-0.0038495,0.421667,0.00580317
-0.00145498,0.342343,-9.27512e-05,-0.768357,-0.00396522,0.426009,0.00591281
-0.00143012,0.33972,-0.000101642,-0.769755,-0.00407275,0.43003,0.00601454
-0.00140074,0.336671,-0.000111846,-0.771348,-0.00419735,0.434673,0.00613224
-0.00137477,0.334021,-0.000120597,-0.772707,-0.00430534,0.438681,0.00623409
-0.00134907,0.331438,-0.000129017,-0.774007,-0.0044103,0.442563,0.00633293
-0.00131765,0.32833,-0.000139012,-0.775541,-0.00453623,0.447204,0.00645133
-0.00128863,0.325508,-0.000147948,-0.776903,-0.00465024,0.451389,0.00655833
-0.0012602,0.322786,-0.000156441,-0.778191,-0.00475989,0.455398,0.00666108
-0.00123329,0.320248,-0.000164247,-0.779369,-0.0048619,0.459114,0.00675652
-0.00120261,0.317394,-0.00017289,-0.780666,-0.00497624,0.463264,0.00686332
-0.00117318,0.314699,-0.000180922,-0.781865,-0.00508395,0.467158,0.00696375
-0.00113998,0.311703,-0.000189699,-0.783167,-0.00520331,0.471456,0.00707486
-0.00110445,0.308547,-0.000198768,-0.784505,-0.00532865,0.475949,0.00719131
-0.00107395,0.30588,-0.000206285,-0.785609,-0.00543427,0.479719,0.00728925
-0.00104202,0.303037,-0.000213711,-0.786374,-0.00553919,0.483328,0.00738541
-0.00100847,0.299762,-0.000220573,-0.78589,-0.00563392,0.486118,0.0074685
-0.000973988,0.296392,-0.0002273,-0.785198,-0.00572785,0.488796,0.00755012
-0.000935568,0.292804,-0.000234772,-0.784854,-0.00583568,0.492039,0.0076451
-0.000902305,0.289677,-0.000240878,-0.784301,-0.00592496,0.494612,0.00772278
-0.000868634,0.28655,-0.000246851,-0.783726,-0.00601402,0.497164,0.00780011
-0.000834601,0.283376,-0.000252581,-0.782939,-0.00610069,0.499551,0.00787455
-0.000796577,0.27996,-0.000258914,-0.782374,-0.0061996,0.502401,0.00796043
-0.000761593,0.27684,-0.000264479,-0.781772,-0.00628851,0.504918,0.00803721
-0.000727797,0.27374,-0.000269435,-0.780732,-0.00636844,0.506978,0.00810457
-0.000686082,0.270185,-0.000275712,-0.780264,-0.00647449,0.510066,0.00819669
-0.000653056,0.267248,-0.000280186,-0.779303,-0.00655105,0.512041,0.00826111
-0.0006144,0.263979,-0.000285439,-0.778644,-0.00664449,0.51465,0.00834126
-0.000579946,0.260967,-0.000289686,-0.777558,-0.00672147,0.516577,0.00840545
-0.00053867,0.257529,-0.00029477,-0.776725,-0.00681745,0.51918,0.00848702
-0.00050058,0.25439,-0.000299215,-0.775918,-0.00690445,0.521513,0.00856068
-0.000465071,0.251425,-0.000303044,-0.774903,-0.00698181,0.523462,0.0086251
-0.000426485,0.248298,-0.000307098,-0.774004,-0.00706701,0.52569,0.00869665
-0.000389792,0.24529,-0.000310644,-0.772904,-0.00714448,0.527597,0.00876068
-0.000349815,0.242126,-0.000314422,-0.771973,-0.00723066,0.529829,0.00883274
-0.000313061,0.239184,-0.000317588,-0.770873,-0.00730639,0.531672,0.00889502
-0.000274011,0.236068,-0.000320718,-0.769621,-0.00738505,0.533535,0.00895925
-0.000231232,0.232792,-0.000324077,-0.768599,-0.00747378,0.535788,0.00903285
-0.000193295,0.229878,-0.000326778,-0.767533,-0.00754984,0.537637,0.0090952
-0.000156391,0.227027,-0.000329155,-0.766336,-0.00762134,0.53929,0.00915305
-0.000117174,0.224082,-0.000331578,-0.765252,-0.00769841,0.54115,0.00921598
-8.05183e-05,0.22124,-0.000333479,-0.76382,-0.0077653,0.54256,0.00926886
-3.66937e-05,0.218061,-0.000335829,-0.762758,-0.0078511,0.544678,0.00933915
-6.3969e-07,0.215351,-0.000337385,-0.761448,-0.00791634,0.546077,0.0093908
3.91087e-05,0.212428,-0.00033898,-0.760135,-0.00798884,0.547686,0.00944857
7.92127e-05,0.209496,-0.000340376,-0.758762,-0.00806069,0.549245,0.00950546
0.000120291,0.206552,-0.000341655,-0.75746,-0.00813452,0.550886,0.00956417
0.000159274,0.203763,-0.000342646,-0.756139,-0.00820294,0.552355,0.00961807
0.000197754,0.200977,-0.000343357,-0.754628,-0.00826759,0.553629,0.00966799
0.000240433,0.198027,-0.000344128,-0.753349,-0.00834265,0.5553,0.00972747
0.000277357,0.195422,-0.000344498,-0.751965,-0.008404,0.55652,0.00977481
0.000315674,0.192777,-0.000344776,-0.750653,-0.00846832,0.557853,0.00982482
0.000351751,0.190193,-0.0003447,-0.74901,-0.00852404,0.558793,0.00986628
0.000395389,0.187197,-0.000344586,-0.747387,-0.00859453,0.560167,0.0099202
0.000438763,0.184288,-0.000344331,-0.74592,-0.00866532,0.561608,0.00997481
0.000477615,0.181671,-0.000343865,-0.744481,-0.00872676,0.562785,0.0100215
0.000514871,0.179133,-0.00034318,-0.742923,-0.00878323,0.563765,0.0100635
0.000554618,0.176485,-0.00034235,-0.741399,-0.00884435,0.564889,0.0101094
0.000592945,0.173883,-0.000341269,-0.73968,-0.00890008,0.565772,0.01015
0.000635759,0.171085,-0.000340024,-0.738067,-0.00896492,0.566956,0.0101985
0.000675451,0.168489,-0.000338651,-0.736486,-0.00902352,0.56797,0.0102417
0.000713781,0.165984,-0.000337133,-0.734891,-0.00907885,0.568881,0.0102821
0.000751937,0.16349,-0.000335436,-0.733239,-0.00913274,0.569722,0.010321
0.000791198,0.160984,-0.000333601,-0.731687,-0.00918921,0.570676,0.0103623
0.00082696,0.158573,-0.000331528,-0.729746,-0.00923463,0.571147,0.0103929
0.00087281,0.155769,-0.00032916,-0.728224,-0.00930247,0.572428,0.0104435
0.000906421,0.153521,-0.000326897,-0.726349,-0.00934369,0.5728,0.0104706
0.000949335,0.150795,-0.000324071,-0.724409,-0.00940064,0.573586,0.0105105
0.000992958,0.148116,-0.000321137,-0.7227,-0.00946073,0.574555,0.0105536
0.00102965,0.145737,-0.000318242,-0.720739,-0.00950522,0.574973,0.0105829
0.00107326,0.143074,-0.0003149,-0.718941,-0.00956326,0.575838,0.0106238
0.00111138,0.140704,-0.000311702,-0.717156,-0.00961125,0.576423,0.0106564
0.00114918,0.138342,-0.000308327,-0.715284,-0.00965732,0.576912,0.010687
0.0011887,0.135896,-0.000304656,-0.713353,-0.00970532,0.577428,0.0107189
0.00122909,0.133444,-0.000300801,-0.711499,-0.00975521,0.578025,0.0107525
0.00126686,0.131134,-0.000296977,-0.709648,-0.00980019,0.578484,0.010782
0.0013045,0.128844,-0.000293012,-0.707793,-0.00984451,0.578919,0.0108108
0.00134135,0.126544,-0.000288839,-0.705714,-0.00988469,0.57914,0.0108353
0.00138423,0.124059,-0.000284183,-0.70395,-0.00993808,0.57986,0.0108718
0.00141707,0.122024,-0.000280172,-0.702062,-0.00997282,0.580006,0.0108924
0.00145255,0.119601,-0.000275192,-0.699138,-0.0100005,0.579506,0.0109032
0.00151521,0.116169,-0.000267925,-0.697061,-0.0100821,0.580861,0.0109608
0.0015496,0.114092,-0.000263274,-0.695132,-0.0101178,0.581008,0.0109819
0.00158625,0.111922,-0.000258255,-0.693199,-0.0101569,0.581245,0.0110056
0.00162189,0.109799,-0.000253182,-0.69123,-0.0101937,0.581398,0.0110271
0.00165776,0.107622,-0.000247816,-0.689053,-0.0102283,0.581398,0.011046
0.00169859,0.105262,-0.000241796,-0.686974,-0.0102716,0.58168,0.0110722
0.00173504,0.103107,-0.000236124,-0.684893,-0.0103075,0.581753,0.0110924
0.00177263,0.100949,-0.000230259,-0.682951,-0.0103465,0.581969,0.0111155
0.00180556,0.0989778,-0.000224764,-0.680903,-0.0103765,0.581892,0.011131
0.00184158,0.0968306,-0.000218616,-0.678663,-0.0104091,0.581799,0.0111476
0.00188142,0.0945635,-0.000211905,-0.676555,-0.0104489,0.581957,0.0111704
0.00191568,0.0925037,-0.000205671,-0.674281,-0.0104778,0.581743,0.0111838
0.00195589,0.0902424,-0.000198585,-0.672172,-0.0105175,0.581896,0.0112064
0.00198938,0.0882748,-0.000192285,-0.670055,-0.0105464,0.581745,0.0112202
0.00202521,0.0862455,-0.000185595,-0.66805,-0.0105799,0.58177,0.0112382
0.00205644,0.0843792,-0.000179343,-0.665894,-0.0106043,0.581479,0.0112482
0.00209205,0.082287,-0.000172158,-0.663541,-0.0106331,0.581219,0.0112608
0.00213101,0.0801093,-0.00016443,-0.661367,-0.0106689,0.581223,0.0112796
0.00216375,0.0782014,-0.00015754,-0.659203,-0.0106948,0.580966,0.0112906
0.00219831,0.0762417,-0.000150274,-0.6571,-0.0107241,0.580823,0.0113044
0.00222992,0.0743951,-0.000143315,-0.654936,-0.010748,0.580505,0.0113137
0.00226312,0.072444,-0.000135818,-0.65259,-0.010772,0.58011,0.0113222
0.00230031,0.0703839,-0.000127639,-0.650429,-0.0108039,0.580009,0.0113376
0.00233037,0.0685914,-0.000120468,-0.648148,-0.0108235,0.57952,0.0113428
0.00236607,0.0665945,-0.000112221,-0.645938,-0.0108523,0.579307,0.0113554
0.00239652,0.0647749,-0.000104647,-0.643563,-0.010871,0.578752,0.0113594
0.0024332,0.0627422,-9.58917e-05,-0.64131,-0.0109003,0.578531,0.0113721
0.00246428,0.0609798,-8.81785e-05,-0.639216,-0.0109228,0.578199,0.0113802
0.00249254,0.0592773,-8.06847e-05,-0.636889,-0.0109383,0.577575,0.0113817
0.00252759,0.0573323,-7.18238e-05,-0.63465,-0.0109648,0.57728,0.011392
0.00255624,0.0556047,-6.39362e-05,-0.632242,-0.0109796,0.5766,0.0113926
0.0025916,0.0536313,-5.46194e-05,-0.629888,-0.0110049,0.576219,0.0114013
0.0026225,0.0518697,-4.61795e-05,-0.627658,-0.0110248,0.575751,0.0114064
0.00265094,0.050148,-3.78912e-05,-0.625177,-0.011038,0.574992,0.0114052
0.00268657,0.0481811,-2.80715e-05,-0.622821,-0.0110631,0.574602,0.0114136
0.00271485,0.0464861,-1.95986e-05,-0.620384,-0.0110763,0.57386,0.0114125
0.00274846,0.0446113,-9.92568e-06,-0.618039,-0.0110982,0.57339,0.0114184
0.00277711,0.0429536,-1.28987e-06,-0.615776,-0.0111137,0.572784,0.0114198
0.0028054,0.0412933,7.47011e-06,-0.61343,-0.0111276,0.572098,0.0114194
0.00283564,0.0395786,1.67267e-05,-0.611151,-0.0111449,0.571534,0.011422
0.00286288,0.0379863,2.54032e-05,-0.608884,-0.011158,0.570859,0.0114213
0.00289069,0.0363665,3.43693e-05,-0.606581,-0.0111713,0.570176,0.0114206
0.00291876,0.0347501,4.34721e-05,-0.604318,-0.0111854,0.569529,0.0114205
0.00294506,0.0331931,5.23196e-05,-0.602007,-0.0111963,0.568775,0.0114178
0.00297285,0.0315794,6.16587e-05,-0.599681,-0.011209,0.568063,0.0114164
0.0029991,0.0299997,7.08685e-05,-0.597241,-0.0112181,0.567203,0.0114116
0.00302819,0.0283123,8.09247e-05,-0.594787,-0.0112309,0.566436,0.0114096
0.00305505,0.0266913,9.06531e-05,-0.592244,-0.0112395,0.565514,0.0114038
0.00308528,0.0249783,0.00010122,-0.589834,-0.0112543,0.564816,0.0114034
0.00311051,0.0234754,0.000110535,-0.587501,-0.0112628,0.563987,0.0113985
0.00313525,0.021948,0.000120064,-0.58498,-0.0112683,0.562993,0.0113904
0.00316438,0.020278,0.00013078,-0.582537,-0.0112808,0.56222,0.0113879
0.0031882,0.0187866,0.000140326,-0.580001,-0.0112847,0.561175,0.0113784
0.00321644,0.0171268,0.000151223,-0.577439,-0.0112944,0.560273,0.0113732
0.00324255,0.0155681,0.000161572,-0.574957,-0.0113019,0.559349,0.0113667
0.00326804,0.0140539,0.000171772,-0.572555,-0.0113095,0.558462,0.0113605
0.00329074,0.0126102,0.000181501,-0.570005,-0.0113113,0.557355,0.0113492
0.00331599,0.011001,0.000192483,-0.567147,-0.011313,0.556106,0.0113363
0.00334804,0.0092355,0.000205038,-0.564682,-0.0113288,0.555406,0.0113359
0.00336748,0.00795989,0.000213952,-0.562309,-0.0113279,0.554309,0.0113234
0.00339124,0.00649458,0.000224419,-0.559802,-0.0113314,0.553267,0.0113135
0.00341511,0.00504224,0.000234948,-0.557359,-0.0113358,0.552277,0.0113045
0.00343702,0.00366445,0.000245003,-0.554921,-0.0113375,0.551216,0.0112935
0.00345969,0.00226546,0.000255366,-0.552505,-0.0113404,0.550199,0.0112835
0.00348113,0.000921896,0.000265411,-0.550128,-0.011342,0.549166,0.0112727
0.00350132,-0.000400436,0.000275339,-0.54764,-0.0113406,0.548,0.011259
0.00352426,-0.00181635,0.000286194,-0.545179,-0.0113432,0.546956,0.0112485
0.00354416,-0.00312664,0.000296253,-0.542688,-0.0113412,0.545775,0.0112343
0.00356686,-0.00451159,0.000307136,-0.540312,-0.0113444,0.544784,0.0112246
0.00358517,-0.0057253,0.000316658,-0.537978,-0.011342,0.543664,0.0112109
0.00360336,-0.0069902,0.000326615,-0.535404,-0.0113365,0.542354,0.0111937
0.00362672,-0.0084167,0.000338189,-0.532944,-0.0113395,0.541321,0.0111833
0.00364336,-0.00961491,0.000347791,-0.530405,-0.0113322,0.53998,0.0111649
0.00366566,-0.011012,0.000359328,-0.5279,-0.0113332,0.538872,0.0111527
0.00368388,-0.01223,0.000369407,-0.525521,-0.01133,0.537711,0.011138
0.00370233,-0.0134394,0.000379544,-0.523212,-0.0113279,0.536612,0.0111246
0.00371829,-0.0145733,0.00038904,-0.520836,-0.0113215,0.535369,0.0111076
0.00373527,-0.0157923,0.000399334,-0.518254,-0.0113141,0.534006,0.0110887
0.0037556,-0.0171149,0.000410763,-0.515751,-0.0113122,0.532826,0.0110743
0.00377239,-0.0182828,0.000420877,-0.513357,-0.0113067,0.5316,0.0110578
0.0037893,-0.0194455,0.000431057,-0.511004,-0.0113019,0.53041,0.011042
0.0038048,-0.0205585,0.000440844,-0.508643,-0.011295,0.529162,0.0110246
0.0038187,-0.0216827,0.000450693,-0.505984,-0.0112823,0.527627,0.0110013
0.00383899,-0.0230319,0.000462892,-0.503359,-0.0112788,0.526351,0.010985
0.0038538,-0.0241783,0.000473193,-0.500748,-0.0112679,0.524887,0.0109633
0.00387173,-0.0254326,0.000484699,-0.498163,-0.0112616,0.523556,0.0109452
0.00388719,-0.0265757,0.000495227,-0.495671,-0.0112531,0.522207,0.0109257
0.00390104,-0.0276926,0.000505522,-0.493041,-0.0112406,0.520694,0.0109028
0.00391911,-0.0289295,0.000517223,-0.490557,-0.0112357,0.519447,0.0108861
0.00392935,-0.0299306,0.000526483,-0.487861,-0.0112175,0.517752,0.0108585
0.0039492,-0.0312577,0.000539297,-0.485274,-0.0112138,0.516493,0.0108421
0.0039619,-0.0322635,0.00054895,-0.482948,-0.0112034,0.515173,0.0108222
0.00397437,-0.0332668,0.000558646,-0.480599,-0.0111924,0.513827,0.0108017
0.00398678,-0.034273,0.000568445,-0.47823,-0.0111811,0.512464,0.0107808
0.00399911,-0.0352772,0.000578301,-0.475859,-0.0111697,0.511097,0.0107599
0.0040111,-0.0362688,0.000588103,-0.473493,-0.0111578,0.509723,0.0107386
0.00402163,-0.0372386,0.000597691,-0.470994,-0.0111424,0.508194,0.010714
0.00403509,-0.0383135,0.000608517,-0.468508,-0.0111312,0.506783,0.0106926
0.00404704,-0.0392981,0.000618498,-0.466175,-0.0111197,0.505435,0.0106718
0.00405561,-0.0401973,0.000627542,-0.46368,-0.0111016,0.503839,0.0106453
0.00406938,-0.0412738,0.000638665,-0.461249,-0.0110915,0.502484,0.0106249
0.00407932,-0.0421713,0.000647925,-0.458984,-0.0110781,0.501116,0.010603
0.00408803,-0.0430465,0.000656966,-0.456624,-0.0110619,0.499632,0.0105785
0.00409883,-0.0439968,0.000666931,-0.454278,-0.0110487,0.498236,0.0105564
0.00410772,-0.0448699,0.0006761,-0.451963,-0.0110333,0.496795,0.0105328
0.00411742,-0.0457643,0.000685593,-0.449689,-0.0110195,0.495415,0.0105105
0.00412333,-0.0465745,0.000694099,-0.447183,-0.0109977,0.49372,0.0104812
0.00413521,-0.0476052,0.000705231,-0.444684,-0.0109843,0.492251,0.010458
0.00414395,-0.0484746,0.00071463,-0.44238,-0.0109688,0.490817,0.0104344
0.00414997,-0.0492825,0.000723319,-0.439915,-0.0109478,0.48916,0.0104058
0.00416062,-0.0502476,0.000733946,-0.437518,-0.0109339,0.487727,0.0103828
0.00416736,-0.0510437,0.000742678,-0.435224,-0.0109159,0.48623,0.0103574
0.00417464,-0.0518692,0.000751807,-0.432898,-0.0108983,0.48473,0.0103321
0.00418165,-0.0526833,0.000760864,-0.430581,-0.0108804,0.483227,0.0103066
0.00418707,-0.0534696,0.000769609,-0.42814,-0.0108589,0.481572,0.0102778
0.00419573,-0.0543607,0.0007797,-0.42577,-0.0108427,0.480094,0.0102533
0.00420234,-0.0551316,0.000788452,-0.423589,-0.0108259,0.478683,0.0102294
0.00420578,-0.0558221,0.000796236,-0.421253,-0.010803,0.477038,0.0102001
0.00421178,-0.056648,0.000805682,-0.418759,-0.0107817,0.47537,0.0101712
0.00421894,-0.0574878,0.000815397,-0.416394,-0.0107636,0.473845,0.0101453
0.004224,-0.0582253,0.000823937,-0.414131,-0.0107438,0.47232,0.0101187
0.00422749,-0.058935,0.000832155,-0.411747,-0.0107205,0.470646,0.0100889
0.00423331,-0.0597354,0.000841548,-0.409355,-0.0107002,0.469054,0.0100613
0.00423665,-0.0604533,0.000849963,-0.406926,-0.0106762,0.467343,0.0100308
0.00423937,-0.0612072,0.000858828,-0.40426,-0.0106485,0.465431,0.00999624
0.00424648,-0.0620999,0.000869524,-0.401713,-0.0106284,0.463777,0.00996794
0.00425003,-0.0628165,0.000878102,-0.399343,-0.0106054,0.462123,0.00993848
0.00425469,-0.0635474,0.000886938,-0.397091,-0.0105854,0.460602,0.00991184
0.0042553,-0.0641542,0.00089422,-0.394725,-0.0105584,0.458843,0.00987947
0.00426011,-0.0649195,0.00090357,-0.39237,-0.0105375,0.457254,0.00985161
0.00426289,-0.06557,0.000911533,-0.390174,-0.0105156,0.455708,0.00982389
0.00426454,-0.0661838,0.000919061,-0.387957,-0.0104919,0.454106,0.00979475
0.00426704,-0.0668282,0.000927027,-0.385756,-0.0104696,0.452549,0.00976673
0.00426663,-0.0674003,0.000934074,-0.383402,-0.0104415,0.450767,0.00973361
0.0042684,-0.0680907,0.000942677,-0.380918,-0.010415,0.448974,0.00970098
0.00427167,-0.0687952,0.000951538,-0.378613,-0.0103926,0.447373,0.0096724
0.00427213,-0.0693726,0.000958797,-0.376393,-0.0103674,0.445731,0.00964214
0.00427557,-0.0700146,0.000966967,-0.374375,-0.0103487,0.444355,0.0096178
0.004274,-0.0704647,0.000972652,-0.372359,-0.0103231,0.442789,0.00958829
0.00427413,-0.0710194,0.000979723,-0.370195,-0.0102981,0.44118,0.00955853
0.00427443,-0.0715805,0.000986916,-0.368036,-0.0102734,0.439582,0.00952905
0.00427381,-0.0721153,0.000993789,-0.365847,-0.0102472,0.437929,0.00949824
0.0042742,-0.0726826,0.00100113,-0.363691,-0.0102228,0.43634,0.00946896
0.00427368,-0.0732031,0.00100789,-0.361587,-0.0101977,0.434756,0.00943948
0.00427286,-0.0737136,0.00101454,-0.35948,-0.0101722,0.43316,0.00940967
0.00426922,-0.0741746,0.00102055,-0.357147,-0.0101401,0.431288,0.00937384
0.00426784,-0.0747672,0.00102834,-0.354653,-0.0101094,0.429387,0.00933821
0.00426873,-0.0753933,0.00103663,-0.35238,-0.0100846,0.42774,0.00930803
0.00426523,-0.0758453,0.00104262,-0.35012,-0.0100536,0.425932,0.00927345
0.004265,-0.0764159,0.00105024,-0.347906,-0.0100279,0.424289,0.00924298
0.00426321,-0.0768889,0.00105658,-0.345837,-0.0100017,0.422693,0.00921288
0.00426196,-0.0773575,0.00106289,-0.343871,-0.00997738,0.421195,0.00918477
0.00425813,-0.0777423,0.00106808,-0.341842,-0.00994876,0.419552,0.00915313
0.00425472,-0.0781834,0.00107406,-0.339669,-0.00991911,0.41782,0.00911999
0.00425258,-0.0786663,0.00108063,-0.337535,-0.00989176,0.416169,0.00908878
0.00424798,-0.0790684,0.00108613,-0.335342,-0.00986025,0.414378,0.00905417
0.00424569,-0.0795584,0.00109286,-0.333171,-0.00983233,0.412697,0.00902237
0.00424346,-0.0800024,0.00109898,-0.331188,-0.00980665,0.411158,0.00899321
0.0042359,-0.0803001,0.00110311,-0.328964,-0.00977067,0.409232,0.00895514
0.00423458,-0.0808416,0.00111062,-0.326767,-0.00974395,0.407577,0.00892415
0.00422841,-0.0811816,0.00111538,-0.324602,-0.00971068,0.405753,0.00888843
0.00420896,-0.0813269,0.0011175,-0.321205,-0.00964455,0.4025,0.00882197
0.00421541,-0.0824053,0.00113255,-0.318219,-0.00962027,0.400594,0.00878895
0.00420896,-0.0827461,0.0011374,-0.316035,-0.00958652,0.398751,0.00875282
0.00420172,-0.0831083,0.00114259,-0.313665,-0.00954957,0.396743,0.00871339
0.004198,-0.0835797,0.00114931,-0.311423,-0.00951918,0.394972,0.00867953
0.00419179,-0.0839178,0.00115419,-0.309304,-0.00948661,0.393192,0.00864465
0.00418501,-0.0842534,0.00115905,-0.307116,-0.00945248,0.39134,0.00860828
0.00418139,-0.0846672,0.00116502,-0.305116,-0.00942502,0.389753,0.00857785
0.00417412,-0.0849216,0.00116877,-0.303158,-0.00939281,0.38805,0.00854408
0.00416834,-0.0852475,0.00117353,-0.301167,-0.00936239,0.386385,0.0085115
0.00416196,-0.08554,0.00117784,-0.299214,-0.00933158,0.384725,0.00847882
0.00414541,-0.0856193,0.00117923,-0.29655,-0.0092782,0.38214,0.0084257
0.00414614,-0.0863161,0.0011893,-0.294219,-0.00925361,0.380506,0.00839592
0.00413777,-0.0865086,0.00119224,-0.292347,-0.0092209,0.378827,0.00836225
0.00413108,-0.0867894,0.00119645,-0.290414,-0.00918998,0.377175,0.00832963
0.0041231,-0.0870235,0.00120001,-0.288462,-0.009157,0.375457,0.00829539
0.00411608,-0.0872944,0.0012041,-0.286526,-0.00912562,0.373792,0.00826245
0.00410949,-0.0875532,0.00120802,-0.284698,-0.00909607,0.372223,0.00823142
0.00409669,-0.0876519,0.00120972,-0.28254,-0.00905392,0.370164,0.00818929
0.00408877,-0.0879877,0.00121481,-0.280272,-0.00901772,0.368232,0.00815117
0.0040834,-0.0883187,0.0012198,-0.278388,-0.00898944,0.366679,0.00812087
0.00407317,-0.088447,0.00122191,-0.276508,-0.00895413,0.364927,0.00808528
0.00406541,-0.0886923,0.00122571,-0.274587,-0.00892203,0.363252,0.00805194
0.00405737,-0.0888975,0.00122893,-0.272766,-0.00889062,0.361636,0.00801961
0.00404862,-0.0890723,0.00123173,-0.270951,-0.00885825,0.359996,0.00798659
0.00403963,-0.0892466,0.00123453,-0.269109,-0.00882528,0.358329,0.007953
0.00403179,-0.0894487,0.00123772,-0.26734,-0.00879481,0.356762,0.00792165
0.00402371,-0.0896152,0.0012404,-0.265659,-0.00876493,0.355247,0.00789117
0.00401291,-0.0897087,0.00124206,-0.263843,-0.00872964,0.353525,0.00785597
0.00400488,-0.0899153,0.00124535,-0.262046,-0.00869867,0.351935,0.00782416
0.00399275,-0.0899842,0.00124669,-0.260134,-0.00866043,0.350092,0.00778629
0.00397686,-0.0900339,0.00124783,-0.257767,-0.00861184,0.347775,0.00773847
0.00397097,-0.0904127,0.00125366,-0.255724,-0.00858154,0.346111,0.00770609
0.003959,-0.0904705,0.00125485,-0.253884,-0.0085444,0.344329,0.00766942
0.00394777,-0.0905977,0.00125706,-0.251926,-0.00850713,0.342499,0.00763215
0.0039383,-0.0907644,0.00125983,-0.250089,-0.00847377,0.340828,0.00759841
0.00392603,-0.0908239,0.00126106,-0.248215,-0.00843591,0.339014,0.00756108
0.00391626,-0.0909779,0.00126365,-0.246386,-0.00840225,0.337339,0.00752717
0.00390573,-0.0910714,0.00126536,-0.244651,-0.00836847,0.335697,0.0074936
0.00389166,-0.091077,0.00126585,-0.242714,-0.00832734,0.333766,0.00745353
0.00388163,-0.0912413,0.00126862,-0.240831,-0.00829282,0.332048,0.00741877
0.00387164,-0.0913428,0.00127044,-0.239155,-0.00826053,0.330474,0.00738664
0.00386132,-0.0914095,0.00127176,-0.237548,-0.00822848,0.328933,0.00735502
0.00385009,-0.0914479,0.00127267,-0.235909,-0.00819479,0.327333,0.007322
0.00383839,-0.091486,0.0012736,-0.23421,-0.00815976,0.325672,0.0072877
0.00382499,-0.0914918,0.00127409,-0.232386,-0.00812094,0.323854,0.00724995
0.00381221,-0.0915425,0.00127524,-0.230511,-0.00808255,0.32203,0.00721234
0.00380126,-0.0916292,0.00127688,-0.228774,-0.00804835,0.32038,0.00717855
0.00378963,-0.0916582,0.00127768,-0.227127,-0.00801406,0.318762,0.0071451
0.00377849,-0.0916949,0.00127857,-0.225526,-0.007981,0.317198,0.00711279
0.00376687,-0.0917057,0.0012791,-0.223943,-0.00794744,0.315626,0.00708019
0.00375335,-0.0916703,0.00127898,-0.222249,-0.00790989,0.313897,0.00704404
0.00374185,-0.0917145,0.00128,-0.220586,-0.00787572,0.312278,0.00701065
0.0037267,-0.0916369,0.00127929,-0.218809,-0.00783492,0.310424,0.00697167
0.00371549,-0.0917075,0.00128071,-0.217115,-0.00780094,0.3088,0.00693832
0.00370296,-0.091685,0.00128076,-0.215526,-0.00776603,0.307189,0.0069047
0.00368704,-0.0915814,0.00127968,-0.213735,-0.00772398,0.305294,0.00686472
0.00367454,-0.091617,0.00128061,-0.211984,-0.00768754,0.303579,0.00682927
0.00366047,-0.0915641,0.00128024,-0.210293,-0.00764936,0.301836,0.00679273
0.00364505,-0.0914864,0.00127954,-0.208501,-0.00760812,0.299966,0.00675341
0.00363065,-0.0914542,0.0012795,-0.206712,-0.00756849,0.298145,0.00671537
0.00361632,-0.0914065,0.00127922,-0.204981,-0.00752958,0.296367,0.00667813
0.00360323,-0.09138,0.00127923,-0.203354,-0.00749359,0.294713,0.0066436
0.00359115,-0.0913526,0.00127919,-0.201864,-0.00746052,0.293196,0.0066119
0.00357759,-0.0912613,0.00127822,-0.200368,-0.00742514,0.291609,0.00657838
0.00356442,-0.0911945,0.00127762,-0.198856,-0.00739024,0.29003,0.00654518
0.0035515,-0.0911267,0.00127699,-0.19738,-0.00735606,0.288487,0.00651271
0.00354007,-0.0910885,0.00127676,-0.196015,-0.00732526,0.287083,0.0064833
0.00352594,-0.0909526,0.00127514,-0.194583,-0.0072897,0.285515,0.00644993
0.00351293,-0.0908781,0.00127441,-0.193123,-0.00725561,0.283981,0.00641761
0.0034983,-0.0907471,0.00127287,-0.191617,-0.0072186,0.282344,0.00638283
0.00348435,-0.0906516,0.00127184,-0.1901,-0.00718254,0.280732,0.00634877
0.00346963,-0.0905253,0.00127037,-0.188573,-0.00714521,0.279079,0.00631368
0.00345667,-0.0904506,0.00126963,-0.187129,-0.0071114,0.27756,0.00628168
0.00344237,-0.0903125,0.00126797,-0.185694,-0.00707565,0.275988,0.00624819
0.00342599,-0.0901302,0.0012657,-0.18412,-0.00703537,0.274231,0.00621064
0.00341236,-0.0900481,0.00126486,-0.182619,-0.00700005,0.272649,0.00617726
0.00339906,-0.0899365,0.00126357,-0.181244,-0.00696645,0.271162,0.00614572
0.00338305,-0.0897384,0.00126104,-0.179767,-0.00692771,0.269487,0.00610976
0.00336846,-0.0896098,0.00125952,-0.178281,-0.0068911,0.267872,0.00607545
0.00335347,-0.089452,0.00125757,-0.176825,-0.00685417,0.266259,0.00604102
0.00333795,-0.089279,0.0012554,-0.175348,-0.00681623,0.264609,0.00600572
0.00332336,-0.0891339,0.00125363,-0.173913,-0.00678014,0.263029,0.00597204
0.00330825,-0.088959,0.00125142,-0.172495,-0.00674342,0.261436,0.00593793
0.00329152,-0.0887418,0.00124861,-0.170993,-0.00670342,0.259717,0.00590095
0.00327695,-0.0885998,0.00124688,-0.169557,-0.00666741,0.258139,0.00586735
0.00326179,-0.0884128,0.00124448,-0.168172,-0.00663096,0.256568,0.0058336
0.00324503,-0.0881825,0.00124147,-0.166707,-0.00659131,0.254873,0.00579706
0.00322963,-0.0880051,0.00123922,-0.16527,-0.00655403,0.253258,0.00576248
0.00321481,-0.0878252,0.00123691,-0.163914,-0.00651842,0.251722,0.00572952
0.00319955,-0.0876202,0.00123424,-0.162573,-0.00648229,0.250176,0.00569621
0.00318421,-0.0874133,0.00123153,-0.161228,-0.00644601,0.248624,0.00566278
0.00316702,-0.0871529,0.00122807,-0.159797,-0.00640606,0.246934,0.00562615
0.0031516,-0.0869598,0.00122557,-0.15841,-0.00636929,0.245353,0.00559219
0.00313621,-0.0867449,0.00122274,-0.157085,-0.00633315,0.243814,0.00555896
0.00312198,-0.0865558,0.00122027,-0.155836,-0.00629952,0.242376,0.00552799
0.00310505,-0.0862743,0.00121647,-0.1545,-0.00626089,0.240758,0.00549276
0.00308966,-0.0860616,0.00121367,-0.153174,-0.00622477,0.239219,0.00545957
0.00307385,-0.085819,0.00121043,-0.151876,-0.00618826,0.237679,0.00542616
0.00305595,-0.0855173,0.00120635,-0.150477,-0.00614758,0.235979,0.00538911
0.00304042,-0.0853017,0.0012035,-0.149146,-0.00611123,0.234433,0.00535574
0.00302249,-0.084991,0.00119928,-0.147771,-0.00607073,0.232747,0.00531893
0.00300672,-0.084761,0.00119621,-0.146452,-0.00603415,0.231198,0.00528542
0.00298962,-0.0844684,0.00119224,-0.145134,-0.00599549,0.229587,0.00525028
0.00297301,-0.0841981,0.00118858,-0.14382,-0.00595765,0.228003,0.0052158
0.00295685,-0.0839324,0.00118499,-0.142548,-0.0059209,0.226465,0.00518234
0.0029412,-0.0836729,0.00118147,-0.141324,-0.0058854,0.224983,0.00515004
0.00292581,-0.0834116,0.00117792,-0.140138,-0.00585065,0.223535,0.00511847
0.00290884,-0.0830987,0.00117363,-0.138893,-0.00581289,0.221977,0.00508431
0.00289263,-0.0828197,0.00116983,-0.137654,-0.00577639,0.22046,0.00505118
0.00287778,-0.0825702,0.00116643,-0.136506,-0.00574285,0.219062,0.00502071
0.00285758,-0.0821499,0.00116061,-0.135148,-0.00569902,0.217284,0.00498137
0.00284169,-0.081901,0.00115724,-0.133877,-0.0056628,0.215764,0.00494837
0.00282468,-0.0815781,0.00115279,-0.132658,-0.00562524,0.214222,0.00491448
0.00280881,-0.0812927,0.00114887,-0.131482,-0.00558988,0.212761,0.0048825
0.00279232,-0.0809761,0.0011445,-0.130312,-0.0055536,0.211274,0.0048498
0.00277372,-0.0805998,0.00113929,-0.12904,-0.0055131,0.209626,0.0048134
0.0027574,-0.0803062,0.00113525,-0.127835,-0.00547681,0.208128,0.00478059
0.00274226,-0.0800243,0.00113137,-0.126742,-0.00544336,0.206753,0.00475041
0.00272442,-0.0796485,0.00112614,-0.125561,-0.00540488,0.205196,0.00471593
0.00270888,-0.0793602,0.00112216,-0.124438,-0.00537055,0.203785,0.00468497
0.0026891,-0.0789256,0.0011161,-0.123175,-0.00532829,0.202087,0.00464722
0.00267346,-0.0786447,0.00111223,-0.122024,-0.00529358,0.200656,0.00461587
0.00265528,-0.0782527,0.00110676,-0.120847,-0.00525462,0.199087,0.00458104
0.00263865,-0.0779224,0.00110217,-0.119702,-0.00521839,0.197612,0.0045485
0.00260427,-0.0770524,0.00108994,-0.117791,-0.00514743,0.194831,0.00448579
0.00258722,-0.0768332,0.00108696,-0.116333,-0.00510793,0.193154,0.00444969
0.00256924,-0.0764492,0.00108159,-0.115164,-0.00506938,0.191601,0.00441523
0.00255223,-0.0760911,0.00107659,-0.114046,-0.00503281,0.190125,0.00438253
0.00253311,-0.0756594,0.00107055,-0.11286,-0.00499232,0.188508,0.00434647
0.00251608,-0.075303,0.00106557,-0.111739,-0.00495572,0.18703,0.00431373
0.0024996,-0.0749444,0.00106055,-0.110685,-0.00492056,0.185618,0.00428236
0.00248119,-0.0745206,0.0010546,-0.109566,-0.00488178,0.184075,0.00424789
0.00246046,-0.0740379,0.00104782,-0.108319,-0.00483824,0.182345,0.00420921
0.00244153,-0.0736232,0.00104201,-0.107119,-0.00479797,0.180731,0.00417331
0.00242107,-0.0731464,0.0010353,-0.105891,-0.00475502,0.179026,0.00413517
0.00240277,-0.0727415,0.00102962,-0.104741,-0.00471619,0.177472,0.00410059
0.00238382,-0.072299,0.0010234,-0.103607,-0.00467646,0.175896,0.00406532
0.00236762,-0.0719405,0.00101836,-0.102591,-0.0046421,0.174521,0.00403473
0.0023496,-0.071506,0.00101224,-0.101547,-0.00460462,0.173043,0.00400154
0.00233211,-0.0710957,0.00100647,-0.100506,-0.00456799,0.171591,0.00396905
0.00231484,-0.0706867,0.00100071,-0.0994882,-0.00453193,0.170164,0.00393709
0.00229541,-0.0702072,0.000993944,-0.0983882,-0.00449172,0.168585,0.00390155
0.002278,-0.0698005,0.000988212,-0.0973507,-0.00445529,0.167141,0.00386924
0.00225832,-0.0693089,0.000981276,-0.0962518,-0.0044147,0.165551,0.00383341
0.00224131,-0.0689099,0.000975649,-0.0952426,-0.00437914,0.164142,0.00380188
0.00222381,-0.0684774,0.000969545,-0.0942558,-0.00434299,0.162723,0.00376994
0.00220557,-0.0680218,0.000963111,-0.0932383,-0.00430538,0.16125,0.00373675
0.002189,-0.0676196,0.000957431,-0.0922875,-0.00427101,0.159897,0.00370636
0.00216922,-0.0671064,0.000950178,-0.0912301,-0.00423063,0.158327,0.00367082
0.00215214,-0.0666918,0.00094432,-0.0902517,-0.00419523,0.156934,0.00363953
0.0021344,-0.0662394,0.000937926,-0.0892854,-0.00415887,0.155515,0.00360749
0.00211556,-0.0657535,0.000931054,-0.0882716,-0.00412035,0.154016,0.00357357
0.00209716,-0.0652848,0.000924425,-0.087269,-0.00408263,0.152545,0.00354035
0.00207486,-0.0646896,0.000916001,-0.0861161,-0.00403742,0.150797,0.00350065
0.0020537,-0.064147,0.000908321,-0.0849726,-0.00399414,0.149111,0.00346254
0.00203589,-0.0637002,0.000901996,-0.0839881,-0.00395754,0.147679,0.00343028
0.00201589,-0.0631653,0.000894422,-0.0829586,-0.00391705,0.146115,0.00339474
0.00199842,-0.0627171,0.000888074,-0.0820158,-0.00388133,0.144724,0.0033633
0.00198105,-0.0622575,0.000881565,-0.0811102,-0.00384607,0.143359,0.00333233
0.0019643,-0.0618147,0.000875293,-0.0802372,-0.00381209,0.142043,0.00330248
0.00194532,-0.0612966,0.000867954,-0.0792849,-0.00377387,0.140573,0.003269
0.00192614,-0.0607797,0.000860629,-0.0783069,-0.00373511,0.139078,0.00323501
0.00190801,-0.0602947,0.000853755,-0.0773753,-0.00369843,0.137662,0.00320283
0.00189024,-0.059814,0.000846941,-0.0764744,-0.00366258,0.13628,0.0031714
0.00187286,-0.0593419,0.000840248,-0.0755984,-0.00362756,0.134932,0.00314071
0.00185513,-0.0588544,0.000833339,-0.0747167,-0.00359192,0.133563,0.0031095
0.00183534,-0.0583013,0.000825498,-0.0737544,-0.00355232,0.132048,0.00307488
0.00181734,-0.0578109,0.000818541,-0.0728504,-0.00351608,0.130654,0.00304313
0.0018,-0.0573321,0.000811752,-0.0719941,-0.00348128,0.129319,0.00301268
0.00178215,-0.0568323,0.000804664,-0.0711283,-0.00344558,0.127953,0.00298147
0.00176404,-0.0563242,0.000797458,-0.0702526,-0.00340939,0.126569,0.00294984
0.00174627,-0.0558258,0.000790387,-0.0693931,-0.00337388,0.125212,0.00291881
0.00172614,-0.0552485,0.000782201,-0.0684475,-0.00333387,0.123689,0.00288389
0.00170873,-0.0547646,0.000775333,-0.067596,-0.003299,0.122353,0.0028534
0.00169092,-0.0542563,0.000768122,-0.066755,-0.00326358,0.121004,0.00282249
0.00167253,-0.0537282,0.000760632,-0.0658923,-0.00322703,0.119614,0.0027906
0.0016554,-0.0532412,0.000753722,-0.0650799,-0.00319294,0.118314,0.00276084
0.00163496,-0.0526412,0.000745212,-0.064151,-0.00315256,0.116785,0.00272568
0.00161465,-0.0520539,0.000736878,-0.0632083,-0.00311227,0.115256,0.00269056
0.00159713,-0.0515542,0.000729784,-0.0623812,-0.00307744,0.113929,0.00266016
0.00157773,-0.0509825,0.000721675,-0.0615042,-0.00303914,0.11248,0.00262682
0.00155914,-0.050441,0.000713992,-0.0606512,-0.00300236,0.111086,0.00259478
0.00154121,-0.0499166,0.000706549,-0.0598338,-0.00296694,0.109744,0.00256392
0.00152167,-0.0493357,0.000698309,-0.058962,-0.00292846,0.108291,0.00253045
0.0015033,-0.0487957,0.000690647,-0.0581305,-0.00289221,0.10692,0.00249889
0.00148451,-0.0482366,0.000682714,-0.0572938,-0.00285522,0.105524,0.00246672
0.00146739,-0.0477313,0.000675543,-0.0565235,-0.00282148,0.104249,0.00243735
0.00145043,-0.0472247,0.000668356,-0.0557725,-0.00278813,0.102991,0.00240835
0.00143418,-0.0467396,0.000661473,-0.0550535,-0.00275619,0.101787,0.00238058
0.00141622,-0.0461953,0.000653753,-0.0542759,-0.00272102,0.100465,0.00235003
0.00139566,-0.0455686,0.000644867,-0.0533931,-0.0026808,0.0989561,0.00231511
0.00137906,-0.045076,0.000637873,-0.0526525,-0.00264813,0.097723,0.0022867
0.00135993,-0.0444894,0.000629555,-0.0518389,-0.00261077,0.0963228,0.00225428
0.00134179,-0.0439394,0.000621752,-0.0510544,-0.00257525,0.0949884,0.00222343
0.00132188,-0.0433275,0.000613074,-0.0502111,-0.0025364,0.0935332,0.00218972
0.00130134,-0.042697,0.000604132,-0.0493398,-0.00249631,0.0920315,0.00215494
0.00128454,-0.0421888,0.00059692,-0.0486116,-0.00246342,0.0907953,0.00212637
0.00126553,-0.0415985,0.000588551,-0.0478196,-0.00242642,0.089413,0.0020943
0.00124741,-0.0410402,0.000580633,-0.0470551,-0.00239108,0.0880903,0.00206365
0.00122757,-0.0404221,0.00057187,-0.0462329,-0.00235251,0.0866502,0.00203022
0.00120951,-0.0398643,0.000563958,-0.0454746,-0.00231733,0.0853341,0.00199971
0.00119174,-0.0393112,0.000556116,-0.0447375,-0.00228277,0.084044,0.00196977
0.00117335,-0.0387357,0.000547956,-0.0439813,-0.00224706,0.0827123,0.00193883
0.00115563,-0.0381819,0.000540105,-0.0432511,-0.00221264,0.0814284,0.00190901
0.00113901,-0.0376619,0.000532732,-0.0425671,-0.00218036,0.0802245,0.00188104
0.0011205,-0.0370764,0.000524435,-0.0418192,-0.00214452,0.0788912,0.00185001
0.00110164,-0.0364809,0.000515995,-0.0410549,-0.00210798,0.0775315,0.00181838
0.00108128,-0.0358351,0.000506843,-0.0402369,-0.00206859,0.0760678,0.0017843
0.00106305,-0.0352602,0.000498694,-0.0394965,-0.00203326,0.0747526,0.00175371
0.00104307,-0.034623,0.000489665,-0.0387008,-0.00199466,0.0733197,0.00172032
0.00102601,-0.0340837,0.00048202,-0.0380114,-0.00196163,0.0720911,0.00169173
0.00100728,-0.0334835,0.000473517,-0.0372708,-0.00192547,0.0707503,0.00166046
0.000988757,-0.0328913,0.000465127,-0.0365362,-0.00188971,0.0694237,0.00162953
0.00097103,-0.032324,0.000457089,-0.0358342,-0.00185549,0.0681544,0.00159994
0.000951513,-0.0316949,0.00044818,-0.0350708,-0.00181788,0.066762,0.00156743
0.000932382,-0.0310795,0.000439462,-0.03432,-0.001781,0.0653959,0.00153555
0.00091449,-0.0305037,0.000431306,-0.0336183,-0.00174652,0.0641185,0.00150574
0.000896796,-0.029932,0.000423209,-0.0329291,-0.00171244,0.0628577,0.00147629
0.000878672,-0.0293447,0.000414892,-0.0322269,-0.00167757,0.0615682,0.00144617
0.000858017,-0.0286722,0.000405371,-0.0314333,-0.00163788,0.0601022,0.00141188
0.000839626,-0.0280764,0.000396934,-0.0307203,-0.00160249,0.0587935,0.00138131
0.000819167,-0.0274083,0.000387476,-0.0299384,-0.0015632,0.0573436,0.00134738
0.000799662,-0.0267727,0.000378477,-0.0291902,-0.00152573,0.0559598,0.00131502
0.000781489,-0.0261797,0.000370081,-0.0284946,-0.00149082,0.0546714,0.00128488
0.00076351,-0.0255912,0.000361751,-0.0278105,-0.00145632,0.0533988,0.00125509
0.000745248,-0.0249921,0.000353271,-0.0271184,-0.00142129,0.0521076,0.00122486
0.000725366,-0.0243379,0.000344013,-0.0263689,-0.00138319,0.050704,0.00119197
0.000706968,-0.0237336,0.000335461,-0.0256732,-0.00134791,0.049404,0.00116153
0.0006867,-0.0230645,0.000325994,-0.0249136,-0.0013091,0.0479755,0.00112804
0.000666281,-0.0223905,0.000316457,-0.0241483,-0.00127,0.0465363,0.00109431
0.000646199,-0.0217269,0.000307068,-0.0233973,-0.00123156,0.0451217,0.00106114
0.000627819,-0.0211193,0.000298472,-0.0227103,-0.00119638,0.0438272,0.00103079
0.000609235,-0.0205032,0.000289756,-0.0220195,-0.00116083,0.0425203,0.00100013
0.000589847,-0.0198592,0.000280647,-0.0213011,-0.00112376,0.041158,0.000968167
0.00056667,-0.0190872,0.000269729,-0.020447,-0.00107949,0.039532,0.000929991
0.000544444,-0.0183477,0.000259271,-0.0196261,-0.00103701,0.0379718,0.000893367
0.000526712,-0.0177584,0.000250934,-0.01897,-0.00100312,0.0367263,0.000864138
0.000507111,-0.0171036,0.000241676,-0.0182515,-0.000965701,0.0353532,0.000831883
0.00048797,-0.0164643,0.000232636,-0.0175498,-0.00092916,0.0340122,0.000800384
0.000469782,-0.0158563,0.000224039,-0.016884,-0.000894446,0.0327385,0.000770461
0.000451791,-0.015254,0.000215524,-0.0162272,-0.00086012,0.0314795,0.000740875
0.000433311,-0.0146346,0.000206768,-0.0155541,-0.000824873,0.0301871,0.000710499
0.000413378,-0.0139657,0.000197312,-0.0148298,-0.000786866,0.0287939,0.000677747
0.000395466,-0.0133648,0.000188817,-0.0141786,-0.00075271,0.0275418,0.000648312
0.000378749,-0.0128033,0.000180881,-0.0135721,-0.000720841,0.0263739,0.000620852
0.000359348,-0.0121504,0.000171654,-0.0128709,-0.000683874,0.0250199,0.000589002
0.000341024,-0.0115339,0.000162941,-0.0122082,-0.000648959,0.0237409,0.00055892
0.000320817,-0.0108531,0.00015332,-0.0114795,-0.000610467,0.0223314,0.00052576
0.000302875,-0.0102487,0.000144779,-0.0108322,-0.000576291,0.0210798,0.000496317
0.000284456,-0.00962749,0.000136,-0.0101694,-0.000541216,0.0197958,0.000466102
0.000266489,-0.0090212,0.000127433,-0.00952327,-0.000507004,0.0185435,0.000436632
0.000239301,-0.00810236,0.000114452,-0.00854862,-0.000455258,0.0166501,0.000392063
0.000219504,-0.00743399,0.000105007,-0.00783746,-0.000417567,0.0152706,0.000359598
0.000200918,-0.00680572,9.61307e-05,-0.00717149,-0.000382195,0.0139764,0.000329133
0.000183304,-0.00620999,8.77146e-05,-0.00654091,-0.000348676,0.0127502,0.000300264
0.000164796,-0.00558369,7.88671e-05,-0.00587903,-0.000313461,0.0114621,0.000269936
0.000145427,-0.00492803,6.96052e-05,-0.00518684,-0.000276611,0.0101143,0.000238201
0.000102669,-0.0034795,4.91448e-05,-0.00366101,-0.000195277,0.00714012,0.000168159
8.42175e-05,-0.00285479,4.03188e-05,-0.00300189,-0.000160175,0.00585636,0.00013793
6.66907e-05,-0.00226082,3.19297e-05,-0.00237686,-0.000126839,0.00463743,0.000109223
4.78168e-05,-0.00162108,2.28943e-05,-0.00170403,-9.09415e-05,0.00332492,7.8311e-05
3.00772e-05,-0.00101972,1.44012e-05,-0.00107177,-5.72026e-05,0.00209137,4.92578e-05
1.18322e-05,-0.000401164,5.66547e-06,-0.000421606,-2.25031e-05,0.000822725,1.93777e-05
-6.25571e-06,0.000212099,-2.99535e-06,0.000222897,1.18974e-05,-0.000434972,-1.02449e-05
