-1.82223e-16,-1.5708,-1.62227e-16,2.40855,3.49798e-16,0.610865,-4.25348e-16
-1.7012e-07,-1.57079,-1.51452e-07,2.40856,3.26563e-07,0.610855,-3.97095e-07
-3.44093e-07,-1.57078,-3.06332e-07,2.40856,6.60536e-07,0.610844,-8.03197e-07
-6.24379e-07,-1.57078,-5.55854e-07,2.40857,1.19862e-06,0.610827,-1.45748e-06
-9.28677e-07,-1.57076,-8.26747e-07,2.40858,1.78283e-06,0.610809,-2.16786e-06
-1.35359e-06,-1.57075,-1.205e-06,2.40859,2.59866e-06,0.610783,-3.15984e-06
-1.85879e-06,-1.57073,-1.65472e-06,2.4086,3.56874e-06,0.610752,-4.33937e-06
-2.34207e-06,-1.57072,-2.08491e-06,2.40862,4.49683e-06,0.610722,-5.46782e-06
-2.98366e-06,-1.5707,-2.65598e-06,2.40864,5.72906e-06,0.610683,-6.96602e-06
-3.67934e-06,-1.57067,-3.27519e-06,2.40865,7.06539e-06,0.610641,-8.59074e-06
-4.47001e-06,-1.57065,-3.97889e-06,2.40868,8.5844e-06,0.610592,-1.04375e-05
-5.34851e-06,-1.57062,-4.76072e-06,2.4087,1.02724e-05,0.610539,-1.24897e-05
-6.16113e-06,-1.57059,-5.48387e-06,2.40872,1.18342e-05,0.610489,-1.43883e-05
-7.19321e-06,-1.57055,-6.40226e-06,2.40875,1.38181e-05,0.610426,-1.68e-05
-8.27964e-06,-1.57052,-7.36893e-06,2.40878,1.59069e-05,0.61036,-1.93391e-05
-9.43644e-06,-1.57048,-8.39814e-06,2.40881,1.81316e-05,0.610289,-2.20433e-05
-1.05371e-05,-1.57044,-9.37727e-06,2.40884,2.02488e-05,0.610222,-2.46166e-05
-1.18091e-05,-1.5704,-1.05088e-05,2.40888,2.26962e-05,0.610144,-2.75911e-05
-1.32183e-05,-1.57035,-1.17622e-05,2.40891,2.54085e-05,0.610058,-3.08874e-05
-1.46205e-05,-1.5703,-1.30093e-05,2.40895,2.81081e-05,0.609972,-3.41681e-05
-1.61807e-05,-1.57025,-1.43967e-05,2.40899,3.11127e-05,0.609877,-3.78191e-05
-1.76792e-05,-1.5702,-1.57291e-05,2.40903,3.39996e-05,0.609785,-4.13268e-05
-1.92675e-05,-1.57014,-1.71411e-05,2.40908,3.70604e-05,0.609688,-4.50457e-05
-2.10409e-05,-1.57008,-1.87176e-05,2.40913,4.04792e-05,0.60958,-4.91991e-05
-2.26991e-05,-1.57003,-2.01915e-05,2.40917,4.36773e-05,0.609478,-5.3084e-05
-2.42988e-05,-1.56997,-2.16131e-05,2.40921,4.67635e-05,0.60938,-5.68329e-05
-2.61225e-05,-1.56991,-2.32337e-05,2.40926,5.02833e-05,0.609269,-6.1108e-05
-2.81823e-05,-1.56984,-2.50637e-05,2.40932,5.42603e-05,0.609143,-6.5938e-05
-3.01314e-05,-1.56977,-2.67952e-05,2.40937,5.80254e-05,0.609023,-7.05102e-05
-3.21821e-05,-1.5697,-2.86166e-05,2.40943,6.19883e-05,0.608898,-7.53223e-05
-3.41583e-05,-1.56963,-3.03715e-05,2.40948,6.58091e-05,0.608776,-7.99612e-05
-3.62884e-05,-1.56956,-3.22628e-05,2.40954,6.99292e-05,0.608646,-8.49631e-05
-3.86965e-05,-1.56948,-3.44007e-05,2.4096,7.45892e-05,0.608498,-9.062e-05
-4.09348e-05,-1.5694,-3.63873e-05,2.40966,7.8923e-05,0.608361,-9.58802e-05
-4.34874e-05,-1.56931,-3.86526e-05,2.40973,8.38678e-05,0.608204,-0.000101881
-4.58295e-05,-1.56923,-4.07307e-05,2.4098,8.84075e-05,0.60806,-0.00010739
-4.85894e-05,-1.56914,-4.31789e-05,2.40987,9.37597e-05,0.607891,-0.000113884
-5.11069e-05,-1.56905,-4.54117e-05,2.40994,9.86449e-05,0.607736,-0.000119811
-5.39799e-05,-1.56895,-4.79593e-05,2.41002,0.000104223,0.607559,-0.000126578
-5.7007e-05,-1.56885,-5.06428e-05,2.4101,0.000110104,0.607373,-0.000133711
-5.95426e-05,-1.56876,-5.28902e-05,2.41017,0.000115034,0.607217,-0.00013969
-6.27744e-05,-1.56865,-5.5754e-05,2.41025,0.000121321,0.607018,-0.000147313
-6.5601e-05,-1.56855,-5.82581e-05,2.41033,0.000126824,0.606844,-0.000153984
-6.88738e-05,-1.56844,-6.11568e-05,2.41042,0.000133199,0.606643,-0.000161712
-7.2212e-05,-1.56832,-6.41126e-05,2.41051,0.000139706,0.606437,-0.000169599
-7.52515e-05,-1.56822,-6.68033e-05,2.41059,0.000145636,0.606249,-0.000176785
-7.87267e-05,-1.5681,-6.9879e-05,2.41069,0.00015242,0.606035,-0.000185005
-8.17652e-05,-1.56799,-7.25673e-05,2.41077,0.000158357,0.605847,-0.000192197
-8.54797e-05,-1.56786,-7.5853e-05,2.41087,0.000165619,0.605618,-0.000200994
-8.92192e-05,-1.56773,-7.91598e-05,2.41097,0.000172936,0.605387,-0.000209856
-9.25678e-05,-1.56761,-8.212e-05,2.41106,0.000179494,0.60518,-0.000217796
-9.64996e-05,-1.56748,-8.55948e-05,2.41116,0.0001872,0.604936,-0.000227125
-0.000100033,-1.56735,-8.87164e-05,2.41126,0.000194131,0.604718,-0.000235515
-0.000103852,-1.56722,-9.20895e-05,2.41136,0.000201629,0.604481,-0.000244589
-0.000107611,-1.56709,-9.54086e-05,2.41146,0.000209015,0.604248,-0.000253526
-0.000111542,-1.56695,-9.88783e-05,2.41157,0.000216746,0.604004,-0.000262879
-0.000115637,-1.56681,-0.000102493,2.41168,0.000224809,0.60375,-0.000272631
-0.000119775,-1.56666,-0.000106142,2.41179,0.000232961,0.603493,-0.000282488
-0.000123837,-1.56652,-0.000109725,2.4119,0.000240973,0.603241,-0.000292175
-0.000128054,-1.56637,-0.000113442,2.41201,0.000249296,0.602979,-0.000302237
-0.000132353,-1.56622,-0.00011723,2.41213,0.000257792,0.602711,-0.000312505
-0.000137103,-1.56605,-0.000121414,2.41226,0.000267186,0.602415,-0.000323856
-0.00014151,-1.56589,-0.000125295,2.41237,0.000275914,0.602141,-0.000334399
-0.000146236,-1.56572,-0.000129455,2.4125,0.00028528,0.601846,-0.000345711
-0.00015054,-1.56557,-0.000133242,2.41262,0.000293821,0.601577,-0.000356025
-0.000155207,-1.5654,-0.000137347,2.41274,0.000303091,0.601286,-0.000367215
-0.000159609,-1.56525,-0.000141217,2.41286,0.000311845,0.601011,-0.000377781
-0.000164695,-1.56506,-0.000145687,2.41299,0.000321969,0.600693,-0.000389998
-0.000169587,-1.56489,-0.000149985,2.41313,0.000331717,0.600386,-0.000401758
-0.000174376,-1.56472,-0.00015419,2.41325,0.000341273,0.600086,-0.000413283
-0.000179678,-1.56453,-0.000158845,2.41339,0.000351864,0.599754,-0.000426054
-0.000184506,-1.56435,-0.00016308,2.41352,0.000361518,0.599451,-0.000437693
-0.000189649,-1.56417,-0.000167591,2.41366,0.000371816,0.599128,-0.000450103
-0.000194761,-1.56398,-0.000172073,2.4138,0.000382064,0.598807,-0.000462452
-0.000200053,-1.56379,-0.000176709,2.41394,0.000392684,0.598474,-0.000475245
-0.00020556,-1.56359,-0.000181533,2.41409,0.000403752,0.598127,-0.000488574
-0.000210661,-1.5634,-0.000185998,2.41422,0.000414016,0.597806,-0.000500931
-0.000216371,-1.5632,-0.000190995,2.41437,0.000425521,0.597445,-0.000514778
-0.000222039,-1.56299,-0.000195952,2.41452,0.000436955,0.597087,-0.000528537
-0.000227448,-1.56279,-0.000200681,2.41467,0.000447882,0.596746,-0.000541682
-0.000233207,-1.56258,-0.000205713,2.41482,0.000459532,0.596381,-0.000555692
-0.000238599,-1.56238,-0.000210422,2.41496,0.000470454,0.59604,-0.000568823
-0.00024463,-1.56216,-0.000215687,2.41512,0.000482686,0.595658,-0.000583526
-0.00025012,-1.56196,-0.000220476,2.41527,0.000493836,0.595309,-0.000596923
-0.000256268,-1.56173,-0.000225837,2.41543,0.000506341,0.594919,-0.000611945
-0.000262498,-1.5615,-0.000231267,2.4156,0.00051903,0.594523,-0.000627183
-0.00026895,-1.56126,-0.000236887,2.41577,0.000532193,0.594112,-0.000642984
-0.000274797,-1.56104,-0.000241977,2.41592,0.000544139,0.59374,-0.000657322
-0.000280716,-1.56082,-0.000247127,2.41608,0.000556249,0.593362,-0.000671851
-0.00028705,-1.56058,-0.000252634,2.41625,0.000569228,0.592958,-0.000687417
-0.000292892,-1.56036,-0.000257712,2.4164,0.000581218,0.592584,-0.000701793
-0.000299564,-1.56011,-0.000263507,2.41658,0.00059493,0.592157,-0.000718228
-0.000306276,-1.55986,-0.000269334,2.41676,0.000608746,0.591727,-0.000734783
-0.0003122,-1.55964,-0.000274473,2.41691,0.000620962,0.591347,-0.000749415
-0.000318797,-1.55939,-0.000280194,2.41709,0.000634586,0.590924,-0.000765729
-0.000325358,-1.55914,-0.000285879,2.41726,0.000648156,0.590502,-0.000781973
-0.000332402,-1.55887,-0.00029198,2.41744,0.00066275,0.590049,-0.000799436
-0.000339424,-1.5586,-0.000298057,2.41763,0.000677325,0.589596,-0.00081687
-0.000345852,-1.55836,-0.000303616,2.4178,0.000690688,0.589181,-0.000832849
-0.00035302,-1.55808,-0.000309812,2.41799,0.000705616,0.588718,-0.000850693
-0.000359432,-1.55783,-0.00031535,2.41815,0.000718992,0.588303,-0.000866676
-0.000366759,-1.55755,-0.000321675,2.41835,0.000734302,0.587829,-0.000884964
-0.000373005,-1.55731,-0.000327062,2.41851,0.000747378,0.587424,-0.000900576
-0.000380271,-1.55703,-0.000333327,2.4187,0.000762614,0.586952,-0.000918762
-0.000387734,-1.55674,-0.000339756,2.4189,0.000778292,0.586467,-0.000937469
-0.000395196,-1.55645,-0.00034618,2.41909,0.000793997,0.585981,-0.0009562
-0.000402722,-1.55615,-0.000352654,2.41929,0.000809866,0.58549,-0.00097512
-0.000409647,-1.55588,-0.000358606,2.41947,0.000824497,0.585038,-0.000992557
-0.000417641,-1.55557,-0.000365473,2.41968,0.000841416,0.584516,-0.00101271
-0.000425347,-1.55527,-0.000372087,2.41988,0.00085776,0.584011,-0.00103217
-0.000432374,-1.55499,-0.000378114,2.42006,0.000872695,0.58355,-0.00104995
-0.000440281,-1.55467,-0.00038489,2.42027,0.000889528,0.583031,-0.00106998
-0.000447102,-1.5544,-0.000390732,2.42045,0.00090408,0.582582,-0.00108729
-0.000455501,-1.55407,-0.000397919,2.42066,0.000922032,0.582029,-0.00110863
-0.000463619,-1.55374,-0.000404861,2.42087,0.00093942,0.581494,-0.00112929
-0.000470935,-1.55345,-0.000411111,2.42106,0.000955124,0.58101,-0.00114795
-0.000479154,-1.55312,-0.000418127,2.42128,0.000972802,0.580467,-0.00116894
-0.000486312,-1.55283,-0.000424232,2.42146,0.00098823,0.579992,-0.00118725
-0.000494897,-1.55248,-0.000431549,2.42169,0.00100677,0.579422,-0.00120924
-0.000502375,-1.55218,-0.000437917,2.42188,0.00102296,0.578925,-0.00122844
-0.000510841,-1.55184,-0.00044512,2.4221,0.00104132,0.578362,-0.0012502
-0.000519394,-1.55149,-0.000452391,2.42232,0.00105991,0.577791,-0.00127223
-0.000527483,-1.55116,-0.000459261,2.42253,0.00107753,0.577251,-0.0012931
-0.000535491,-1.55083,-0.000466056,2.42273,0.00109502,0.576715,-0.0013138
-0.000543411,-1.5505,-0.000472772,2.42294,0.00111235,0.576184,-0.0013343
-0.000552126,-1.55014,-0.000480154,2.42316,0.00113146,0.575599,-0.0013569
-0.0005611,-1.54977,-0.000487748,2.42339,0.00115119,0.574995,-0.00138022
-0.000569091,-1.54943,-0.000494504,2.4236,0.0011688,0.574456,-0.00140103
-0.000577426,-1.54908,-0.000501545,2.42381,0.00118721,0.573894,-0.00142277
-0.000585994,-1.54872,-0.000508776,2.42403,0.00120617,0.573314,-0.00144515
-0.000594791,-1.54835,-0.000516193,2.42426,0.00122569,0.572718,-0.00146818
-0.00060309,-1.548,-0.000523182,2.42447,0.00124416,0.572155,-0.00148995
-0.000611843,-1.54763,-0.000530548,2.4247,0.00126367,0.571559,-0.00151295
-0.000620321,-1.54727,-0.000537675,2.42491,0.00128262,0.570982,-0.00153528
-0.00062924,-1.54689,-0.000545164,2.42514,0.0013026,0.570373,-0.0015588
-0.000638526,-1.54649,-0.000552955,2.42538,0.00132346,0.569738,-0.00158335
-0.000647159,-1.54612,-0.00056019,2.4256,0.0013429,0.569146,-0.00160622
-0.000656503,-1.54572,-0.000568012,2.42584,0.001364,0.568505,-0.00163102
-0.000666132,-1.5453,-0.000576063,2.42608,0.00138579,0.567842,-0.00165663
-0.00067474,-1.54493,-0.000583254,2.4263,0.00140533,0.567248,-0.00167958
-0.000683617,-1.54454,-0.00059066,2.42653,0.00142553,0.566635,-0.00170329
-0.00069273,-1.54414,-0.000598256,2.42676,0.00144632,0.566004,-0.00172768
-0.000702322,-1.54372,-0.000606242,2.427,0.00146827,0.565339,-0.00175341
-0.000710537,-1.54335,-0.000613074,2.42721,0.00148711,0.564767,-0.00177549
-0.000720365,-1.54292,-0.000621238,2.42746,0.00150971,0.564083,-0.00180196
-0.000730328,-1.54247,-0.000629504,2.42771,0.00153269,0.563387,-0.00182886
-0.000739152,-1.54208,-0.000636816,2.42793,0.0015531,0.56277,-0.00185274
-0.000748999,-1.54164,-0.000644967,2.42818,0.00157593,0.562079,-0.00187944
-0.0007578,-1.54124,-0.000652242,2.4284,0.00159641,0.56146,-0.00190336
-0.000767681,-1.54079,-0.000660402,2.42865,0.00161945,0.560764,-0.00193028
-0.000777617,-1.54034,-0.000668596,2.4289,0.00164269,0.560063,-0.00195741
-0.000786708,-1.53993,-0.000676083,2.42913,0.00166402,0.559419,-0.00198229
-0.000796934,-1.53946,-0.000684496,2.42939,0.00168809,0.558694,-0.00201035
-0.000805854,-1.53905,-0.000691823,2.42961,0.00170914,0.558059,-0.00203488
-0.000815857,-1.53858,-0.000700031,2.42986,0.00173281,0.557346,-0.00206245
-0.000825062,-1.53816,-0.000707574,2.43009,0.00175467,0.556688,-0.00208788
-0.000835371,-1.53768,-0.00071601,2.43035,0.00177921,0.55595,-0.00211643
-0.000845573,-1.5372,-0.000724347,2.43061,0.00180358,0.555217,-0.00214476
-0.000853988,-1.5368,-0.000731214,2.43082,0.00182374,0.554612,-0.00216819
-0.000864833,-1.53629,-0.000740053,2.43109,0.0018498,0.553829,-0.00219844
-0.000876079,-1.53576,-0.000749206,2.43137,0.00187692,0.553015,-0.0022299
-0.000885307,-1.53532,-0.000756704,2.4316,0.00189925,0.552346,-0.00225579
-0.000895237,-1.53484,-0.000764761,2.43184,0.00192334,0.551623,-0.00228372
-0.000904394,-1.5344,-0.000772181,2.43207,0.00194564,0.550955,-0.00230954
-0.000914319,-1.53392,-0.000780212,2.43232,0.00196988,0.55023,-0.00233759
-0.000924198,-1.53344,-0.000788194,2.43256,0.00199408,0.549506,-0.00236558
-0.000935193,-1.5329,-0.000797065,2.43283,0.0020211,0.548697,-0.00239682
-0.000945794,-1.53238,-0.000805603,2.43309,0.00204725,0.547916,-0.00242703
-0.000955201,-1.53192,-0.000813167,2.43333,0.00207054,0.54722,-0.00245391
-0.00096588,-1.53139,-0.000821742,2.43359,0.00209706,0.546429,-0.0024845
-0.000975334,-1.53092,-0.000829321,2.43382,0.00212062,0.545726,-0.00251167
-0.000985565,-1.53041,-0.000837511,2.43407,0.0021462,0.544963,-0.00254114
-0.000995881,-1.52989,-0.000845755,2.43433,0.00217208,0.544192,-0.00257094
-0.00100669,-1.52935,-0.000854377,2.43459,0.00219929,0.543382,-0.00260224
-0.00101749,-1.5288,-0.000862978,2.43485,0.00222659,0.542569,-0.00263362
-0.00102723,-1.5283,-0.00087072,2.43509,0.00225129,0.541835,-0.002662
-0.00103776,-1.52776,-0.000879083,2.43535,0.00227811,0.541037,-0.00269279
-0.00104729,-1.52727,-0.000886632,2.43558,0.00230245,0.540314,-0.00272072
-0.00105782,-1.52673,-0.000894961,2.43584,0.00232944,0.539513,-0.00275167
-0.00106806,-1.52619,-0.000903046,2.43609,0.00235578,0.538731,-0.00278185
-0.00107916,-1.52561,-0.000911797,2.43636,0.00238445,0.537881,-0.00281467
-0.00109058,-1.52501,-0.000920783,2.43663,0.00241406,0.537003,-0.00284856
-0.0011007,-1.52448,-0.000928724,2.43688,0.00244039,0.536223,-0.00287866
-0.00111119,-1.52392,-0.000936946,2.43713,0.00246781,0.535412,-0.00290998
-0.00112144,-1.52337,-0.000944965,2.43738,0.0024947,0.534616,-0.00294067
-0.00113244,-1.52278,-0.000953554,2.43765,0.00252366,0.533759,-0.00297372
-0.00114372,-1.52217,-0.000962346,2.43792,0.0025535,0.532878,-0.00300772
-0.00115373,-1.52163,-0.000970124,2.43816,0.00258006,0.532093,-0.00303797
-0.00116414,-1.52106,-0.000978202,2.43841,0.00260779,0.531274,-0.00306955
-0.00117493,-1.52046,-0.000986564,2.43867,0.00263668,0.530422,-0.0031024
-0.00118585,-1.51986,-0.000995004,2.43893,0.00266602,0.529557,-0.00313575
-0.00119727,-1.51922,-0.00100381,2.4392,0.00269682,0.52865,-0.00317072
-0.0012073,-1.51866,-0.00101152,2.43944,0.00272399,0.527849,-0.00320155
-0.0012175,-1.51809,-0.00101936,2.43968,0.00275175,0.527032,-0.00323303
-0.00122921,-1.51743,-0.00102833,2.43996,0.00278374,0.526091,-0.00326927
-0.00123861,-1.51689,-0.00103552,2.44018,0.00280952,0.525333,-0.00329845
-0.00124855,-1.51632,-0.0010431,2.44042,0.0028369,0.524529,-0.00332943
-0.00126033,-1.51564,-0.00105207,2.4407,0.00286949,0.523572,-0.00336627
-0.00127172,-1.51498,-0.00106072,2.44097,0.00290112,0.522643,-0.00340199
-0.00128227,-1.51437,-0.00106871,2.44122,0.00293058,0.521779,-0.00343524
-0.00129336,-1.51372,-0.0010771,2.44148,0.00296167,0.520867,-0.0034703
-0.00130358,-1.51311,-0.0010848,2.44172,0.00299046,0.520024,-0.00350274
-0.00131473,-1.51245,-0.00109319,2.44198,0.00302199,0.5191,-0.00353823
-0.00132598,-1.51178,-0.00110163,2.44224,0.00305396,0.518165,-0.0035742
-0.00133645,-1.51115,-0.00110946,2.44249,0.00308386,0.51729,-0.0036078
-0.00134728,-1.51049,-0.00111754,2.44274,0.00311491,0.516382,-0.00364267
-0.00135777,-1.50985,-0.00112535,2.44298,0.00314513,0.515499,-0.00367657
-0.00136881,-1.50918,-0.00113355,2.44324,0.00317709,0.514565,-0.00371241
-0.00137909,-1.50854,-0.00114116,2.44348,0.00320699,0.513693,-0.0037459
-0.00139054,-1.50783,-0.00114962,2.44374,0.00324045,0.512716,-0.00378335
-0.00140143,-1.50715,-0.00115765,2.44399,0.00327245,0.511783,-0.00381914
-0.00141159,-1.50651,-0.0011651,2.44423,0.00330241,0.51091,-0.00385261
-0.00142296,-1.50579,-0.00117343,2.44449,0.00333614,0.509927,-0.00389027
-0.00143327,-1.50513,-0.00118096,2.44472,0.00336687,0.509033,-0.00392453
-0.00144429,-1.50442,-0.00118899,2.44498,0.00339986,0.508073,-0.00396131
-0.00145547,-1.5037,-0.00119711,2.44523,0.00343352,0.507094,-0.00399879
-0.00146581,-1.50302,-0.00120459,2.44547,0.0034648,0.506184,-0.00403359
-0.00147621,-1.50234,-0.00121209,2.4457,0.00349643,0.505265,-0.00406874
-0.00148689,-1.50163,-0.00121978,2.44594,0.00352906,0.504318,-0.00410498
-0.00149813,-1.50088,-0.00122784,2.4462,0.00356359,0.503315,-0.00414328
-0.0015081,-1.50022,-0.00123496,2.44642,0.00359436,0.502423,-0.00417739
-0.00151926,-1.49946,-0.00124291,2.44667,0.00362899,0.501418,-0.00421575
-0.0015304,-1.4987,-0.00125083,2.44692,0.00366378,0.50041,-0.00425425
-0.00154061,-1.498,-0.00125806,2.44715,0.00369581,0.499482,-0.00428966
-0.00155213,-1.49721,-0.00126618,2.44741,0.00373214,0.49843,-0.00432978
-0.0015616,-1.49655,-0.00127284,2.44762,0.0037622,0.49756,-0.00436295
-0.00157278,-1.49577,-0.00128067,2.44786,0.00379785,0.496529,-0.00440225
-0.00158382,-1.49499,-0.00128837,2.44811,0.00383322,0.495505,-0.00444122
-0.0015936,-1.49429,-0.00129517,2.44832,0.00386478,0.494593,-0.00447594
-0.00160475,-1.49349,-0.0013029,2.44857,0.00390094,0.493549,-0.00451569
-0.0016143,-1.4928,-0.00130949,2.44878,0.00393208,0.492649,-0.0045499
-0.00162566,-1.49197,-0.0013173,2.44903,0.00396931,0.491575,-0.00459076
-0.0016372,-1.49112,-0.00132521,2.44928,0.00400741,0.490475,-0.00463253
-0.00164681,-1.49041,-0.00133176,2.44948,0.00403931,0.489555,-0.00466746
-0.00165729,-1.48963,-0.00133888,2.44971,0.0040743,0.488547,-0.00470575
-0.00166704,-1.48889,-0.00134548,2.44992,0.00410704,0.487603,-0.00474154
-0.00167786,-1.48807,-0.00135277,2.45015,0.00414356,0.486552,-0.00478142
-0.00168778,-1.48732,-0.00135943,2.45036,0.00417728,0.485581,-0.00481821
-0.00169779,-1.48654,-0.00136612,2.45058,0.00421146,0.484597,-0.00485547
-0.00170855,-1.48571,-0.00137328,2.4508,0.00424845,0.483533,-0.00489575
-0.00171858,-1.48492,-0.00137992,2.45102,0.00428316,0.482535,-0.00493351
-0.00172917,-1.48408,-0.00138691,2.45124,0.00432004,0.481475,-0.0049736
-0.00173928,-1.48328,-0.00139354,2.45145,0.00435544,0.480458,-0.00501202
-0.00175005,-1.48241,-0.00140057,2.45167,0.0043934,0.479367,-0.0050532
-0.00176052,-1.48156,-0.00140738,2.45189,0.00443056,0.4783,-0.00509347
-0.00176991,-1.48079,-0.00141345,2.45208,0.00446412,0.477337,-0.00512979
-0.00178049,-1.47992,-0.00142026,2.4523,0.00450212,0.476247,-0.00517088
-0.00179033,-1.4791,-0.00142656,2.4525,0.00453774,0.475225,-0.00520936
-0.00179961,-1.47832,-0.00143247,2.45269,0.00457155,0.474256,-0.00524584
-0.00180891,-1.47753,-0.00143836,2.45288,0.00460561,0.47328,-0.00528256
-0.00181968,-1.47661,-0.00144516,2.4531,0.00464531,0.472142,-0.00532533
-0.00183037,-1.47568,-0.00145186,2.45331,0.00468503,0.471005,-0.00536807
-0.00183996,-1.47485,-0.00145784,2.4535,0.00472092,0.469977,-0.00540664
-0.00185014,-1.47395,-0.00146414,2.4537,0.00475923,0.468881,-0.00544777
-0.00185917,-1.47315,-0.0014697,2.45388,0.0047935,0.4679,-0.00548453
-0.00187011,-1.47217,-0.0014764,2.45409,0.00483527,0.466706,-0.00552928
-0.00187979,-1.47129,-0.00148229,2.45428,0.00487252,0.465641,-0.00556914
-0.00188924,-1.47042,-0.001488,2.45446,0.00490915,0.464593,-0.00560831
-0.00189857,-1.46956,-0.00149361,2.45464,0.00494556,0.463553,-0.00564719
-0.00190758,-1.46872,-0.00149899,2.45481,0.00498098,0.462541,-0.00568498
-0.00191733,-1.4678,-0.00150477,2.45499,0.00501956,0.461439,-0.0057261
-0.00192649,-1.46693,-0.00151017,2.45517,0.00505609,0.460396,-0.00576499
-0.00193616,-1.466,-0.00151583,2.45534,0.00509492,0.459288,-0.00580629
-0.00194534,-1.46511,-0.00152116,2.45551,0.00513209,0.458228,-0.00584577
-0.00195473,-1.46419,-0.00152657,2.45568,0.00517033,0.457137,-0.00588636
-0.0019643,-1.46324,-0.00153205,2.45586,0.00520966,0.456015,-0.00592805
-0.00197305,-1.46236,-0.00153702,2.45601,0.0052459,0.454982,-0.00596642
-0.00198252,-1.46141,-0.00154236,2.45618,0.00528538,0.453856,-0.0060082
-0.00199281,-1.46035,-0.00154811,2.45636,0.00532868,0.452623,-0.00605394
-0.00200108,-1.4595,-0.00155269,2.45651,0.00536375,0.451623,-0.00609095
-0.00201009,-1.45856,-0.00155765,2.45666,0.00540227,0.450526,-0.00613157
-0.00201854,-1.45766,-0.00156225,2.45681,0.00543865,0.44949,-0.00616988
-0.00202745,-1.45671,-0.00156707,2.45696,0.00547736,0.448388,-0.0062106
-0.00203576,-1.45581,-0.00157152,2.45709,0.00551373,0.447353,-0.00624882
-0.00204496,-1.45481,-0.0015764,2.45724,0.00555431,0.446198,-0.00629141
-0.00205399,-1.45381,-0.00158115,2.45739,0.00559446,0.445056,-0.00633351
-0.0020622,-1.4529,-0.00158542,2.45752,0.0056313,0.444008,-0.00637209
-0.00207106,-1.45189,-0.00158999,2.45766,0.00567142,0.442867,-0.00641406
-0.00207868,-1.45102,-0.00159387,2.45778,0.00570617,0.441879,-0.00645038
-0.00208773,-1.44998,-0.00159844,2.45792,0.00574777,0.440696,-0.0064938
-0.00209649,-1.44896,-0.00160282,2.45805,0.00578844,0.43954,-0.0065362
-0.00210443,-1.44802,-0.00160674,2.45817,0.00582566,0.438482,-0.00657497
-0.00211291,-1.447,-0.00161087,2.45829,0.0058657,0.437345,-0.00661661
-0.0021205,-1.44608,-0.00161454,2.4584,0.00590191,0.436316,-0.00665423
-0.00212915,-1.44502,-0.00161866,2.45852,0.00594347,0.435135,-0.00669738
-0.00213663,-1.44409,-0.00162218,2.45862,0.00597974,0.434105,-0.00673497
-0.00214491,-1.44305,-0.00162603,2.45873,0.00602029,0.432954,-0.00677696
-0.00215331,-1.44198,-0.00162987,2.45884,0.00606177,0.431776,-0.00681986
-0.00216072,-1.44103,-0.00163323,2.45894,0.00609878,0.430726,-0.0068581
-0.00216901,-1.43995,-0.00163692,2.45904,0.00614049,0.429542,-0.00690115
-0.00217617,-1.439,-0.00164006,2.45912,0.00617688,0.428509,-0.00693864
-0.00218419,-1.43793,-0.00164353,2.45922,0.00621801,0.427342,-0.00698099
-0.00219208,-1.43686,-0.00164688,2.45931,0.00625889,0.426182,-0.00702303
-0.00219904,-1.4359,-0.0016498,2.45939,0.00629533,0.425149,-0.00706045
-0.00220671,-1.43483,-0.00165296,2.45947,0.00633587,0.423999,-0.00710204
-0.00221382,-1.43383,-0.00165583,2.45954,0.0063738,0.422923,-0.00714091
-0.0022216,-1.43272,-0.00165892,2.45962,0.00641569,0.421735,-0.00718379
-0.00222899,-1.43165,-0.0016618,2.45969,0.00645595,0.420594,-0.00722494
-0.00223556,-1.43068,-0.00166431,2.45975,0.00649208,0.419569,-0.00726183
-0.00224292,-1.42958,-0.00166706,2.45981,0.00653296,0.418411,-0.00730352
-0.0022497,-1.42856,-0.00166955,2.45986,0.00657101,0.417332,-0.00734228
-0.00225699,-1.42744,-0.00167216,2.45992,0.00661236,0.416161,-0.00738434
-0.00226343,-1.42644,-0.00167441,2.45996,0.00664925,0.415115,-0.00742184
-0.00227039,-1.42535,-0.0016768,2.46001,0.00668958,0.413972,-0.00746277
-0.00227754,-1.42421,-0.00167918,2.46005,0.00673144,0.412787,-0.00750521
-0.00228374,-1.4232,-0.00168119,2.46009,0.00676816,0.411747,-0.00754238
-0.0022905,-1.42209,-0.00168332,2.46012,0.00680857,0.410602,-0.00758324
-0.00229664,-1.42106,-0.0016852,2.46015,0.00684575,0.409549,-0.0076208
-0.00230338,-1.41992,-0.00168721,2.46018,0.00688694,0.408382,-0.00766235
-0.00230989,-1.4188,-0.00168908,2.4602,0.00692724,0.407241,-0.00770296
-0.0023154,-1.41784,-0.00169061,2.46021,0.00696173,0.406265,-0.00773767
-0.00232085,-1.41688,-0.00169207,2.46022,0.00699612,0.405291,-0.00777225
-0.00232671,-1.41582,-0.0016936,2.46023,0.0070336,0.40423,-0.00780988
-0.00233274,-1.41472,-0.0016951,2.46023,0.00707254,0.403128,-0.00784893
-0.00233812,-1.41373,-0.00169639,2.46023,0.00710767,0.402134,-0.00788413
-0.00234385,-1.41265,-0.00169771,2.46023,0.0071455,0.401063,-0.00792198
-0.00234917,-1.41164,-0.00169888,2.46022,0.00718101,0.400058,-0.00795748
-0.00235489,-1.41053,-0.00170007,2.46021,0.00721967,0.398965,-0.00799607
-0.00236075,-1.40938,-0.00170123,2.46019,0.00725967,0.397833,-0.00803596
-0.00236608,-1.40832,-0.00170222,2.46017,0.00729658,0.396789,-0.00807272
-0.00237195,-1.40713,-0.00170324,2.46014,0.00733763,0.395628,-0.00811356
-0.00237693,-1.4061,-0.00170405,2.46011,0.00737296,0.394629,-0.00814865
-0.00238273,-1.40488,-0.00170492,2.46007,0.00741461,0.393451,-0.00818998
-0.00238752,-1.40386,-0.00170557,2.46003,0.00744943,0.392467,-0.00822448
-0.00239307,-1.40266,-0.00170626,2.45998,0.00749026,0.391313,-0.0082649
-0.00239917,-1.40131,-0.00170694,2.45992,0.00753579,0.390026,-0.00830991
-0.00240424,-1.40017,-0.00170741,2.45987,0.00757416,0.388941,-0.00834778
-0.00240915,-1.39904,-0.0017078,2.45981,0.00761185,0.387876,-0.00838494
-0.00241362,-1.398,-0.0017081,2.45974,0.00764654,0.386897,-0.00841909
-0.00241854,-1.39684,-0.00170836,2.45967,0.00768532,0.385801,-0.00845723
-0.0024233,-1.39569,-0.00170853,2.4596,0.00772321,0.384731,-0.00849445
-0.00242776,-1.39459,-0.00170863,2.45952,0.00775927,0.383713,-0.00852982
-0.00243257,-1.39339,-0.00170866,2.45943,0.00779874,0.382599,-0.0085685
-0.00243655,-1.39238,-0.00170861,2.45935,0.00783176,0.381667,-0.00860081
-0.00244147,-1.3911,-0.00170849,2.45924,0.00787313,0.3805,-0.00864124
-0.00244571,-1.38999,-0.0017083,2.45914,0.00790932,0.379479,-0.00867657
-0.00245026,-1.38876,-0.00170803,2.45903,0.00794873,0.378367,-0.00871499
-0.00245468,-1.38755,-0.00170768,2.45891,0.00798755,0.377273,-0.00875279
-0.00245843,-1.3865,-0.00170731,2.45881,0.00802097,0.376331,-0.00878528
-0.00246294,-1.38522,-0.00170679,2.45867,0.00806176,0.375181,-0.0088249
-0.00246689,-1.38407,-0.00170625,2.45855,0.00809802,0.37416,-0.00886007
-0.00247067,-1.38295,-0.00170566,2.45842,0.00813324,0.373168,-0.00889417
-0.00247495,-1.38166,-0.0017049,2.45827,0.00817362,0.372031,-0.00893325
-0.00247844,-1.38058,-0.00170421,2.45813,0.00820713,0.371088,-0.00896561
-0.00248239,-1.37934,-0.00170335,2.45797,0.00824559,0.370006,-0.00900273
-0.00248614,-1.37814,-0.00170245,2.45781,0.00828259,0.368965,-0.00903838
-0.00248985,-1.37693,-0.00170147,2.45765,0.00831984,0.367918,-0.00907423
-0.00249325,-1.37579,-0.00170049,2.45749,0.00835449,0.366945,-0.00910753
-0.00249665,-1.37463,-0.00169944,2.45732,0.00838968,0.365956,-0.00914131
-0.00250025,-1.37338,-0.00169823,2.45713,0.00842759,0.364892,-0.00917765
-0.00250369,-1.37216,-0.00169699,2.45694,0.00846425,0.363863,-0.00921275
-0.00250715,-1.3709,-0.00169565,2.45673,0.00850186,0.362809,-0.0092487
-0.00251014,-1.3698,-0.00169442,2.45655,0.0085348,0.361885,-0.00928016
-0.00251328,-1.36861,-0.00169303,2.45635,0.00857005,0.360898,-0.00931377
-0.00251666,-1.3673,-0.00169145,2.45612,0.00860847,0.359822,-0.00935036
-0.00251978,-1.36607,-0.0016899,2.4559,0.00864457,0.358812,-0.00938469
-0.0025227,-1.36489,-0.00168836,2.45568,0.00867896,0.357851,-0.00941735
-0.00252552,-1.36373,-0.00168678,2.45546,0.00871268,0.356908,-0.00944934
-0.0025283,-1.36255,-0.00168515,2.45523,0.00874647,0.355965,-0.00948134
-0.00253111,-1.36135,-0.00168342,2.45499,0.00878107,0.355,-0.00951407
-0.00253416,-1.36001,-0.00168143,2.45471,0.0088193,0.353934,-0.00955019
-0.00253679,-1.35882,-0.00167962,2.45446,0.00885299,0.352995,-0.00958198
-0.00253934,-1.35765,-0.00167778,2.45421,0.00888605,0.352075,-0.00961312
-0.00254201,-1.35639,-0.00167577,2.45394,0.0089213,0.351095,-0.00964629
-0.00254438,-1.35525,-0.00167389,2.45368,0.00895312,0.350211,-0.00967619
-0.00254707,-1.35393,-0.00167167,2.45337,0.00898973,0.349195,-0.00971054
-0.00254956,-1.35268,-0.00166951,2.45308,0.00902427,0.348238,-0.0097429
-0.0025518,-1.35153,-0.00166748,2.4528,0.00905583,0.347364,-0.00977244
-0.002554,-1.35037,-0.0016654,2.45252,0.00908735,0.346492,-0.0098019
-0.00255629,-1.34914,-0.00166316,2.45221,0.00912063,0.345573,-0.00983295
-0.00255865,-1.34784,-0.00166074,2.45188,0.00915562,0.344607,-0.00986556
-0.00256069,-1.3467,-0.00165857,2.45158,0.00918619,0.343764,-0.00989401
-0.00256313,-1.3453,-0.00165586,2.4512,0.00922353,0.342737,-0.00992871
-0.00256508,-1.34415,-0.0016536,2.45089,0.00925386,0.341903,-0.00995686
-0.002567,-1.343,-0.0016513,2.45057,0.00928417,0.341071,-0.00998494
-0.00256911,-1.3417,-0.00164868,2.4502,0.00931802,0.340144,-0.0100163
-0.00257091,-1.34058,-0.00164636,2.44987,0.00934731,0.339342,-0.0100433
-0.002573,-1.33924,-0.00164357,2.44948,0.00938188,0.338398,-0.0100752
-0.00257487,-1.33801,-0.00164099,2.44911,0.00941323,0.337543,-0.0101041
-0.00257664,-1.33683,-0.00163846,2.44875,0.00944331,0.336725,-0.0101318
-0.00257854,-1.33554,-0.00163565,2.44835,0.00947618,0.335832,-0.010162
-0.00258018,-1.33439,-0.00163313,2.44798,0.00950503,0.33505,-0.0101885
-0.00258199,-1.3331,-0.00163028,2.44756,0.00953721,0.334179,-0.010218
-0.00258364,-1.3319,-0.00162759,2.44717,0.00956698,0.333375,-0.0102452
-0.00258529,-1.33069,-0.00162484,2.44676,0.00959696,0.332567,-0.0102726
-0.00258702,-1.32938,-0.00162186,2.44632,0.00962896,0.331707,-0.0103018
-0.00259043,-1.32676,-0.00161579,2.44541,0.0096929,0.329993,-0.01036
-0.00259182,-1.32565,-0.00161318,2.44501,0.00971952,0.329283,-0.0103842
-0.00259318,-1.32454,-0.00161055,2.4446,0.00974595,0.32858,-0.0104081
-0.00259466,-1.32332,-0.00160764,2.44415,0.00977484,0.327813,-0.0104343
-0.00259599,-1.32221,-0.00160496,2.44373,0.00980102,0.32712,-0.0104579
-0.00259749,-1.32093,-0.00160187,2.44324,0.00983086,0.326333,-0.0104849
-0.002599,-1.31963,-0.00159869,2.44273,0.00986112,0.325537,-0.0105121
-0.00260045,-1.31835,-0.00159557,2.44223,0.00989044,0.324768,-0.0105385
-0.00260185,-1.31711,-0.0015925,2.44172,0.00991888,0.324025,-0.010564
-0.00260313,-1.31595,-0.00158962,2.44125,0.00994516,0.323341,-0.0105876
-0.00260451,-1.31469,-0.00158649,2.44073,0.00997347,0.322607,-0.010613
-0.00260569,-1.31361,-0.00158376,2.44027,0.00999774,0.32198,-0.0106347
-0.0026071,-1.3123,-0.00158047,2.43971,0.0100268,0.321231,-0.0106606
-0.00260834,-1.31113,-0.00157752,2.4392,0.0100525,0.320573,-0.0106835
-0.00260959,-1.30994,-0.0015745,2.43868,0.0100785,0.31991,-0.0107066
-0.00261096,-1.30864,-0.00157117,2.43809,0.0101069,0.319188,-0.0107318
-0.00261214,-1.30751,-0.00156829,2.43758,0.0101311,0.318576,-0.0107533
-0.0026135,-1.30619,-0.00156492,2.43697,0.0101593,0.317868,-0.0107782
-0.00261466,-1.30507,-0.00156203,2.43644,0.010183,0.317273,-0.0107991
-0.00261596,-1.3038,-0.00155876,2.43584,0.0102097,0.316608,-0.0108227
-0.00261726,-1.30254,-0.00155549,2.43523,0.0102361,0.315953,-0.010846
-0.00261842,-1.30141,-0.00155258,2.43467,0.0102594,0.315382,-0.0108664
-0.0026197,-1.30016,-0.00154933,2.43405,0.0102851,0.314752,-0.0108889
-0.00262086,-1.29903,-0.0015464,2.43348,0.0103081,0.314192,-0.010909
-0.00262214,-1.29779,-0.00154318,2.43285,0.0103331,0.313588,-0.0109309
-0.00262333,-1.29663,-0.00154016,2.43224,0.0103563,0.31303,-0.0109511
-0.00262453,-1.29548,-0.00153717,2.43164,0.0103791,0.312486,-0.010971
-0.00262585,-1.29421,-0.00153388,2.43096,0.010404,0.311896,-0.0109926
-0.00262712,-1.293,-0.00153072,2.4303,0.0104277,0.31134,-0.0110131
-0.00262838,-1.29181,-0.00152764,2.42965,0.0104506,0.310807,-0.0110329
-0.00262961,-1.29066,-0.00152464,2.42901,0.0104727,0.310295,-0.011052
-0.00263087,-1.28949,-0.00152159,2.42834,0.010495,0.309785,-0.0110712
-0.00263226,-1.28822,-0.0015183,2.42762,0.0105188,0.309242,-0.0110917
-0.00263345,-1.28713,-0.00151549,2.42698,0.0105391,0.308787,-0.0111091
-0.00263482,-1.2859,-0.00151232,2.42626,0.0105617,0.308283,-0.0111284
-0.00263614,-1.28473,-0.0015093,2.42557,0.0105831,0.307812,-0.0111467
-0.00263745,-1.28359,-0.00150636,2.42487,0.0106038,0.30736,-0.0111643
-0.00263877,-1.28245,-0.00150344,2.42418,0.0106241,0.30692,-0.0111816
-0.00264023,-1.28122,-0.00150029,2.42341,0.010646,0.306453,-0.0112002
-0.00264175,-1.27995,-0.00149704,2.42261,0.0106684,0.305983,-0.011219
-0.0026431,-1.27885,-0.00149425,2.42191,0.0106875,0.305586,-0.0112352
-0.00264448,-1.27774,-0.00149143,2.42119,0.0107066,0.305194,-0.0112512
-0.00264593,-1.27659,-0.00148854,2.42043,0.0107261,0.304799,-0.0112676
-0.00264752,-1.27536,-0.00148545,2.41962,0.0107469,0.304387,-0.011285
-0.00264908,-1.27418,-0.00148249,2.41882,0.0107666,0.304001,-0.0113014
-0.00265045,-1.27316,-0.00147995,2.41812,0.0107834,0.303678,-0.0113154
-0.00265198,-1.27204,-0.00147718,2.41735,0.0108017,0.303332,-0.0113305
-0.00265357,-1.2709,-0.00147436,2.41655,0.0108201,0.302989,-0.0113458
-0.00265535,-1.26965,-0.00147132,2.41567,0.0108399,0.302628,-0.0113621
-0.00265708,-1.26847,-0.00146843,2.41482,0.0108586,0.302295,-0.0113775
-0.00265866,-1.26741,-0.00146586,2.41404,0.0108751,0.302007,-0.011391
-0.00266038,-1.26628,-0.00146315,2.41321,0.0108925,0.301712,-0.0114052
-0.00266207,-1.2652,-0.00146056,2.4124,0.0109089,0.301439,-0.0114185
-0.00266387,-1.26407,-0.00145789,2.41155,0.0109259,0.301165,-0.0114323
-0.00266557,-1.26303,-0.00145544,2.41075,0.0109413,0.300922,-0.0114447
-0.00266755,-1.26184,-0.00145267,2.40983,0.0109587,0.300657,-0.0114587
-0.00266946,-1.26073,-0.00145008,2.40895,0.0109748,0.300419,-0.0114716
-0.00267141,-1.25961,-0.00144751,2.40806,0.0109907,0.300192,-0.0114843
-0.00267344,-1.25848,-0.00144493,2.40715,0.0110067,0.299973,-0.011497
-0.00267538,-1.25742,-0.00144255,2.40628,0.0110213,0.299782,-0.0115085
-0.00267741,-1.25634,-0.00144014,2.40539,0.011036,0.299596,-0.0115202
-0.00267954,-1.25523,-0.00143769,2.40446,0.011051,0.299417,-0.0115319
-0.00268165,-1.25416,-0.00143534,2.40355,0.0110653,0.299256,-0.011543
-0.002684,-1.253,-0.00143281,2.40255,0.0110805,0.299093,-0.0115548
-0.00268617,-1.25195,-0.00143056,2.40163,0.011094,0.298959,-0.0115652
-0.00268851,-1.25085,-0.00142822,2.40066,0.011108,0.298829,-0.0115759
-0.00269055,-1.24991,-0.00142627,2.39982,0.0111197,0.298731,-0.0115848
-0.00269307,-1.24877,-0.00142391,2.39879,0.0111336,0.298622,-0.0115954
-0.00269555,-1.24768,-0.00142168,2.39779,0.0111468,0.298531,-0.0116053
-0.00269792,-1.24667,-0.00141963,2.39685,0.0111589,0.298459,-0.0116143
-0.00270058,-1.24555,-0.00141742,2.3958,0.0111719,0.298392,-0.0116239
-0.00270286,-1.24462,-0.00141559,2.39492,0.0111825,0.298348,-0.0116318
-0.0027057,-1.24348,-0.0014134,2.39382,0.0111953,0.298307,-0.0116411
-0.00270848,-1.2424,-0.00141133,2.39276,0.0112073,0.298282,-0.0116497
-0.00271125,-1.24134,-0.00140936,2.39172,0.0112187,0.298271,-0.0116579
-0.00271418,-1.24026,-0.00140736,2.39063,0.0112301,0.298274,-0.011666
-0.00271691,-1.23927,-0.00140557,2.38962,0.0112404,0.29829,-0.0116732
-0.00271958,-1.23832,-0.00140389,2.38865,0.01125,0.298317,-0.0116799
-0.00272236,-1.23736,-0.00140221,2.38764,0.0112595,0.298357,-0.0116864
-0.00272537,-1.23633,-0.00140045,2.38657,0.0112694,0.298412,-0.0116932
-0.00272848,-1.2353,-0.00139872,2.38546,0.0112792,0.298481,-0.0116997
-0.00273135,-1.23437,-0.00139719,2.38446,0.0112878,0.298556,-0.0117054
-0.00273456,-1.23335,-0.00139555,2.38334,0.011297,0.298652,-0.0117113
-0.0027376,-1.23241,-0.00139406,2.3823,0.0113053,0.298755,-0.0117166
-0.00274097,-1.23138,-0.00139248,2.38115,0.011314,0.298879,-0.0117221
-0.00274445,-1.23035,-0.00139092,2.37998,0.0113226,0.299021,-0.0117274
-0.00274754,-1.22946,-0.00138961,2.37895,0.0113298,0.299157,-0.0117317
-0.00275105,-1.22846,-0.00138819,2.37779,0.0113376,0.299322,-0.0117363
-0.00275439,-1.22753,-0.0013869,2.37669,0.0113446,0.29949,-0.0117403
-0.00275804,-1.22654,-0.00138556,2.3755,0.0113519,0.299684,-0.0117443
-0.00276154,-1.22561,-0.00138434,2.37437,0.0113584,0.299882,-0.0117478
-0.00276503,-1.2247,-0.00138318,2.37326,0.0113646,0.300088,-0.011751
-0.00276911,-1.22366,-0.00138189,2.37196,0.0113714,0.300341,-0.0117544
-0.00277266,-1.22278,-0.00138085,2.37085,0.011377,0.30057,-0.011757
-0.00277645,-1.22185,-0.00137979,2.36967,0.0113825,0.300826,-0.0117594
-0.00278008,-1.22098,-0.00137883,2.36855,0.0113875,0.30108,-0.0117615
-0.00278378,-1.22011,-0.0013779,2.36741,0.0113923,0.301347,-0.0117633
-0.00278799,-1.21914,-0.00137691,2.36613,0.0113973,0.301662,-0.0117651
-0.00279204,-1.21823,-0.00137603,2.3649,0.0114018,0.301974,-0.0117664
-0.00279597,-1.21736,-0.00137523,2.36372,0.0114058,0.302287,-0.0117675
-0.00280008,-1.21648,-0.00137444,2.3625,0.0114097,0.302622,-0.0117682
-0.00280417,-1.21561,-0.00137372,2.36129,0.0114132,0.302966,-0.0117687
-0.00280836,-1.21474,-0.00137303,2.36005,0.0114164,0.303327,-0.011769
-0.00281295,-1.2138,-0.00137234,2.35871,0.0114197,0.303732,-0.0117689
-0.00281742,-1.21291,-0.00137172,2.35741,0.0114225,0.304136,-0.0117685
-0.00282156,-1.21209,-0.00137121,2.35622,0.0114247,0.30452,-0.0117679
-0.00282592,-1.21125,-0.00137071,2.35497,0.0114268,0.304932,-0.011767
-0.00283005,-1.21047,-0.0013703,2.35379,0.0114285,0.305331,-0.0117659
-0.00283498,-1.20956,-0.00136985,2.35239,0.0114303,0.305814,-0.0117643
-0.00283986,-1.20867,-0.00136946,2.35101,0.0114316,0.306304,-0.0117624
-0.00284421,-1.2079,-0.00136917,2.34979,0.0114325,0.306749,-0.0117604
-0.00284878,-1.2071,-0.00136892,2.34852,0.0114332,0.307225,-0.0117581
-0.00285347,-1.20629,-0.0013687,2.34721,0.0114336,0.307721,-0.0117555
-0.00285851,-1.20544,-0.00136851,2.34582,0.0114337,0.308264,-0.0117524
-0.00286367,-1.20458,-0.00136838,2.3444,0.0114335,0.308829,-0.011749
-0.00286824,-1.20384,-0.00136831,2.34314,0.011433,0.309339,-0.0117456
-0.00287316,-1.20305,-0.00136828,2.3418,0.0114322,0.309896,-0.0117418
-0.00287786,-1.20231,-0.0013683,2.34052,0.0114312,0.310436,-0.0117379
-0.00288307,-1.20151,-0.00136836,2.33911,0.0114297,0.311042,-0.0117333
-0.00288779,-1.20079,-0.00136846,2.33784,0.0114282,0.311601,-0.011729
-0.00289307,-1.2,-0.00136862,2.33642,0.0114262,0.312233,-0.0117238
-0.00289806,-1.19927,-0.00136882,2.33508,0.011424,0.31284,-0.0117187
-0.00290287,-1.19858,-0.00136904,2.33379,0.0114216,0.313433,-0.0117135
-0.00290802,-1.19785,-0.00136933,2.33241,0.0114188,0.314076,-0.0117078
-0.00291317,-1.19713,-0.00136965,2.33104,0.0114158,0.314728,-0.0117017
-0.00291866,-1.19637,-0.00137005,2.32958,0.0114122,0.315432,-0.0116951
-0.00292379,-1.19568,-0.00137045,2.32823,0.0114087,0.316098,-0.0116886
-0.00292869,-1.19503,-0.00137088,2.32693,0.011405,0.316743,-0.0116822
-0.00293426,-1.1943,-0.00137141,2.32546,0.0114006,0.317483,-0.0116747
-0.00293954,-1.19362,-0.00137195,2.32407,0.0113961,0.318196,-0.0116673
-0.00294539,-1.19287,-0.00137259,2.32253,0.0113909,0.318994,-0.0116588
-0.00294955,-1.19236,-0.00137308,2.32143,0.011387,0.31957,-0.0116526
-0.00295487,-1.1917,-0.00137373,2.32003,0.0113817,0.320312,-0.0116445
-0.00296063,-1.191,-0.00137447,2.31852,0.0113758,0.321125,-0.0116354
-0.00296611,-1.19033,-0.00137518,2.31708,0.0113702,0.3219,-0.0116268
-0.00297166,-1.18965,-0.00137589,2.31561,0.0113645,0.322686,-0.0116181
-0.00297633,-1.18908,-0.00137648,2.31438,0.0113596,0.323348,-0.0116107
-0.00298202,-1.18838,-0.0013772,2.31287,0.0113537,0.324157,-0.0116016
-0.00298746,-1.18772,-0.00137789,2.31143,0.0113481,0.324932,-0.011593
-0.0029927,-1.18707,-0.00137855,2.31004,0.0113426,0.325679,-0.0115846
-0.00299826,-1.18638,-0.00137925,2.30856,0.0113368,0.326474,-0.0115757
-0.00300326,-1.18577,-0.00137987,2.30722,0.0113316,0.327191,-0.0115676
-0.00300856,-1.18511,-0.00138053,2.3058,0.011326,0.327952,-0.0115591
-0.00301391,-1.18445,-0.00138119,2.30437,0.0113203,0.328722,-0.0115504
-0.00301913,-1.1838,-0.00138184,2.30297,0.0113148,0.329474,-0.0115419
-0.00302461,-1.18311,-0.00138252,2.3015,0.011309,0.330265,-0.011533
-0.00302947,-1.18251,-0.00138311,2.30019,0.0113038,0.330969,-0.011525
-0.00303491,-1.18183,-0.00138378,2.29872,0.011298,0.331758,-0.0115161
-0.00303984,-1.18121,-0.00138438,2.29738,0.0112928,0.332473,-0.011508
-0.00304541,-1.18051,-0.00138505,2.29587,0.0112868,0.333284,-0.0114988
-0.00305073,-1.17984,-0.0013857,2.29443,0.0112811,0.334059,-0.01149
-0.00305528,-1.17927,-0.00138625,2.29319,0.0112761,0.334726,-0.0114824
-0.00306058,-1.1786,-0.00138688,2.29174,0.0112704,0.335501,-0.0114736
-0.00306556,-1.17797,-0.00138748,2.29038,0.011265,0.336231,-0.0114652
-0.00307127,-1.17725,-0.00138816,2.28882,0.0112588,0.337071,-0.0114556
-0.00307604,-1.17664,-0.00138873,2.28751,0.0112536,0.337775,-0.0114476
-0.00308109,-1.176,-0.00138933,2.28612,0.0112481,0.338519,-0.0114391
-0.00308647,-1.17531,-0.00138996,2.28464,0.0112422,0.339315,-0.01143
-0.00309162,-1.17465,-0.00139057,2.28322,0.0112365,0.340079,-0.0114212
-0.00309685,-1.17398,-0.00139118,2.28177,0.0112307,0.340855,-0.0114123
-0.00310165,-1.17337,-0.00139174,2.28044,0.0112254,0.34157,-0.0114041
-0.00310673,-1.17271,-0.00139233,2.27903,0.0112198,0.342328,-0.0113953
-0.00311213,-1.17202,-0.00139295,2.27753,0.0112137,0.343135,-0.011386
-0.00311703,-1.17138,-0.00139352,2.27616,0.0112082,0.34387,-0.0113775
-0.00312224,-1.17071,-0.00139412,2.27471,0.0112024,0.344651,-0.0113685
-0.0031273,-1.17005,-0.0013947,2.27329,0.0111967,0.345413,-0.0113597
-0.00313222,-1.16942,-0.00139526,2.27191,0.0111912,0.346154,-0.0113511
-0.0031372,-1.16877,-0.00139583,2.27051,0.0111855,0.346907,-0.0113424
-0.00314246,-1.16808,-0.00139642,2.26902,0.0111796,0.347704,-0.0113331
-0.00314769,-1.1674,-0.00139701,2.26755,0.0111736,0.348497,-0.0113239
-0.00315243,-1.16678,-0.00139755,2.2662,0.0111682,0.349218,-0.0113155
-0.00315741,-1.16612,-0.0013981,2.26479,0.0111625,0.349977,-0.0113067
-0.00316231,-1.16548,-0.00139865,2.2634,0.0111569,0.350725,-0.011298
-0.00316752,-1.16479,-0.00139923,2.26191,0.0111509,0.351523,-0.0112886
-0.00317277,-1.1641,-0.00139981,2.26041,0.0111448,0.352329,-0.0112792
-0.0031774,-1.16348,-0.00140032,2.25909,0.0111394,0.35304,-0.0112709
-0.00318252,-1.1628,-0.00140089,2.25762,0.0111335,0.35383,-0.0112617
-0.00318719,-1.16218,-0.0014014,2.25628,0.011128,0.35455,-0.0112532
-0.00319245,-1.16148,-0.00140197,2.25476,0.0111219,0.355364,-0.0112436
-0.00319766,-1.16078,-0.00140254,2.25326,0.0111158,0.356173,-0.0112341
-0.00320235,-1.16016,-0.00140305,2.2519,0.0111103,0.356902,-0.0112256
-0.00320704,-1.15953,-0.00140355,2.25054,0.0111047,0.357633,-0.0112169
-0.00321195,-1.15886,-0.00140408,2.24911,0.0110989,0.3584,-0.0112079
-0.00321716,-1.15816,-0.00140464,2.2476,0.0110927,0.359215,-0.0111983
-0.00322153,-1.15757,-0.00140511,2.24632,0.0110875,0.3599,-0.0111902
-0.00322673,-1.15687,-0.00140566,2.2448,0.0110813,0.360718,-0.0111805
-0.00323152,-1.15622,-0.00140617,2.24339,0.0110755,0.361473,-0.0111715
-0.00323636,-1.15556,-0.00140668,2.24197,0.0110697,0.362238,-0.0111625
-0.00324152,-1.15486,-0.00140722,2.24045,0.0110635,0.363055,-0.0111528
-0.00324612,-1.15423,-0.0014077,2.23909,0.0110579,0.363785,-0.0111441
-0.00325107,-1.15355,-0.00140822,2.23762,0.0110519,0.364572,-0.0111347
-0.00325581,-1.1529,-0.00140871,2.23622,0.0110461,0.365328,-0.0111257
-0.00326042,-1.15226,-0.00140919,2.23485,0.0110405,0.366065,-0.011117
-0.00326519,-1.15161,-0.00140968,2.23343,0.0110346,0.366829,-0.0111078
-0.00327013,-1.15092,-0.00141018,2.23195,0.0110285,0.367622,-0.0110984
-0.00327519,-1.15022,-0.0014107,2.23043,0.0110223,0.368436,-0.0110886
-0.00327931,-1.14965,-0.00141112,2.2292,0.0110172,0.369101,-0.0110807
-0.00328444,-1.14894,-0.00141164,2.22765,0.0110108,0.369931,-0.0110707
-0.00328959,-1.14822,-0.00141216,2.2261,0.0110044,0.370765,-0.0110607
-0.00329415,-1.14758,-0.00141262,2.22472,0.0109987,0.371506,-0.0110518
-0.00329883,-1.14692,-0.00141309,2.2233,0.0109928,0.372269,-0.0110426
-0.00330306,-1.14633,-0.00141352,2.22202,0.0109875,0.37296,-0.0110343
-0.00330805,-1.14562,-0.00141401,2.2205,0.0109812,0.373777,-0.0110245
-0.0033132,-1.1449,-0.00141452,2.21892,0.0109747,0.374622,-0.0110143
-0.0033177,-1.14426,-0.00141497,2.21755,0.0109689,0.375362,-0.0110054
-0.00332249,-1.14358,-0.00141544,2.21608,0.0109628,0.376151,-0.0109958
-0.00332685,-1.14296,-0.00141586,2.21474,0.0109573,0.376872,-0.0109871
-0.00333139,-1.14231,-0.00141631,2.21334,0.0109514,0.377625,-0.010978
-0.00333623,-1.14162,-0.00141678,2.21184,0.0109452,0.378429,-0.0109682
-0.00334094,-1.14095,-0.00141723,2.21038,0.0109391,0.379214,-0.0109587
-0.00334585,-1.14024,-0.00141771,2.20885,0.0109327,0.380034,-0.0109488
-0.00335012,-1.13963,-0.00141812,2.20753,0.0109272,0.380748,-0.0109401
-0.00335498,-1.13892,-0.00141858,2.20601,0.0109208,0.381563,-0.0109301
-0.0033594,-1.13828,-0.001419,2.20463,0.010915,0.382307,-0.0109211
-0.00336441,-1.13756,-0.00141948,2.20305,0.0109084,0.383153,-0.0109108
-0.00336891,-1.1369,-0.0014199,2.20164,0.0109025,0.383913,-0.0109015
-0.00337285,-1.13633,-0.00142027,2.20039,0.0108973,0.384581,-0.0108933
-0.00337713,-1.1357,-0.00142067,2.19904,0.0108916,0.385308,-0.0108844
-0.00338145,-1.13507,-0.00142108,2.19767,0.0108858,0.386044,-0.0108754
-0.00338596,-1.13441,-0.0014215,2.19624,0.0108798,0.386815,-0.010866
-0.0033902,-1.13378,-0.00142189,2.19489,0.0108741,0.387541,-0.0108571
-0.00339458,-1.13314,-0.00142229,2.19349,0.0108682,0.388291,-0.0108479
-0.00339858,-1.13254,-0.00142266,2.19221,0.0108628,0.388981,-0.0108394
-0.0034028,-1.13192,-0.00142305,2.19086,0.0108571,0.389708,-0.0108305
-0.00340796,-1.13115,-0.00142352,2.1892,0.0108501,0.3906,-0.0108195
-0.0034124,-1.13049,-0.00142392,2.18777,0.0108441,0.39137,-0.01081
-0.00341682,-1.12983,-0.00142432,2.18634,0.010838,0.392139,-0.0108005
-0.00342083,-1.12923,-0.00142468,2.18504,0.0108325,0.392838,-0.0107919
-0.00342509,-1.12859,-0.00142506,2.18365,0.0108266,0.393582,-0.0107827
-0.00342972,-1.12789,-0.00142547,2.18214,0.0108202,0.394393,-0.0107727
-0.00343428,-1.1272,-0.00142588,2.18065,0.0108139,0.395194,-0.0107628
-0.00343884,-1.12651,-0.00142628,2.17916,0.0108075,0.395999,-0.0107528
-0.00344323,-1.12584,-0.00142667,2.17772,0.0108014,0.396773,-0.0107432
-0.00344754,-1.12519,-0.00142705,2.1763,0.0107954,0.397537,-0.0107337
-0.00345176,-1.12454,-0.00142741,2.1749,0.0107894,0.398288,-0.0107244
-0.00345662,-1.1238,-0.00142784,2.17329,0.0107826,0.399153,-0.0107137
-0.00346143,-1.12306,-0.00142825,2.17169,0.0107757,0.400013,-0.010703
-0.0034656,-1.12242,-0.00142861,2.1703,0.0107698,0.40076,-0.0106937
-0.00346965,-1.12179,-0.00142896,2.16895,0.010764,0.401487,-0.0106846
-0.00347382,-1.12114,-0.00142931,2.16755,0.010758,0.402239,-0.0106752
-0.00347835,-1.12044,-0.0014297,2.16603,0.0107515,0.403058,-0.010665
-0.00348255,-1.11979,-0.00143005,2.16461,0.0107454,0.403819,-0.0106555
-0.00348658,-1.11916,-0.00143039,2.16325,0.0107396,0.404551,-0.0106463
-0.00349146,-1.11839,-0.0014308,2.1616,0.0107325,0.405439,-0.0106352
-0.0034956,-1.11774,-0.00143115,2.16019,0.0107264,0.406197,-0.0106257
-0.0034998,-1.11708,-0.0014315,2.15876,0.0107203,0.406967,-0.0106161
-0.00350364,-1.11647,-0.00143181,2.15745,0.0107146,0.407673,-0.0106072
-0.00350794,-1.11579,-0.00143217,2.15598,0.0107083,0.408464,-0.0105973
-0.00351277,-1.11503,-0.00143256,2.15432,0.0107011,0.409357,-0.010586
-0.00351687,-1.11437,-0.0014329,2.1529,0.010695,0.410119,-0.0105765
-0.00352151,-1.11363,-0.00143327,2.1513,0.0106881,0.41098,-0.0105656
-0.00352559,-1.11298,-0.0014336,2.14988,0.010682,0.411743,-0.010556
-0.00352959,-1.11233,-0.00143392,2.14849,0.010676,0.412491,-0.0105466
-0.00353419,-1.11159,-0.00143429,2.14689,0.010669,0.413354,-0.0105357
-0.00353809,-1.11096,-0.0014346,2.14552,0.0106631,0.414089,-0.0105264
-0.00354246,-1.11025,-0.00143494,2.14399,0.0106564,0.414914,-0.0105159
-0.00354649,-1.1096,-0.00143526,2.14257,0.0106503,0.415678,-0.0105063
-0.0035504,-1.10896,-0.00143557,2.14119,0.0106443,0.416419,-0.0104969
-0.00355453,-1.10828,-0.00143589,2.13972,0.0106379,0.417207,-0.0104869
-0.00355838,-1.10765,-0.00143619,2.13836,0.0106319,0.417943,-0.0104776
-0.0035631,-1.10687,-0.00143655,2.13667,0.0106246,0.418847,-0.0104661
-0.00356707,-1.10622,-0.00143686,2.13526,0.0106184,0.419609,-0.0104564
-0.00357101,-1.10557,-0.00143716,2.13384,0.0106123,0.42037,-0.0104467
-0.00357505,-1.10489,-0.00143746,2.13239,0.0106059,0.421153,-0.0104367
-0.00357899,-1.10424,-0.00143776,2.13097,0.0105997,0.421916,-0.010427
-0.00358348,-1.10349,-0.0014381,2.12935,0.0105926,0.42279,-0.0104159
-0.00358743,-1.10283,-0.00143839,2.12791,0.0105863,0.423562,-0.010406
-0.00359182,-1.10209,-0.00143872,2.12631,0.0105793,0.424422,-0.010395
-0.00359572,-1.10143,-0.00143901,2.12489,0.0105731,0.425188,-0.0103852
-0.00359943,-1.1008,-0.00143928,2.12353,0.0105671,0.425921,-0.0103759
-0.0036036,-1.10009,-0.00143959,2.122,0.0105604,0.426745,-0.0103653
-0.00360748,-1.09943,-0.00143987,2.12056,0.0105541,0.427515,-0.0103555
-0.00361175,-1.0987,-0.00144018,2.11898,0.0105471,0.428365,-0.0103446
-0.00361571,-1.09802,-0.00144046,2.11751,0.0105406,0.429156,-0.0103344
-0.00361997,-1.09729,-0.00144077,2.11592,0.0105336,0.430012,-0.0103234
-0.0036239,-1.09661,-0.00144105,2.11446,0.0105272,0.430802,-0.0103133
-0.00362753,-1.09598,-0.00144131,2.11309,0.0105211,0.431534,-0.0103039
-0.00363204,-1.0952,-0.00144162,2.1114,0.0105136,0.432447,-0.0102921
-0.00363632,-1.09445,-0.00144192,2.10978,0.0105065,0.433318,-0.0102809
-0.00364091,-1.09365,-0.00144224,2.10804,0.0104988,0.434254,-0.0102688
-0.00364484,-1.09296,-0.00144251,2.10654,0.0104922,0.435059,-0.0102584
-0.00364866,-1.09228,-0.00144277,2.10509,0.0104857,0.435842,-0.0102483
-0.00365284,-1.09154,-0.00144306,2.10349,0.0104786,0.436705,-0.0102372
-0.00365668,-1.09086,-0.00144332,2.10201,0.010472,0.437499,-0.0102269
-0.00366028,-1.09022,-0.00144356,2.10062,0.0104659,0.438247,-0.0102172
-0.00366411,-1.08954,-0.00144382,2.09914,0.0104593,0.439043,-0.0102069
-0.00366778,-1.08888,-0.00144406,2.09771,0.0104529,0.439811,-0.0101969
-0.00367197,-1.08812,-0.00144434,2.09608,0.0104456,0.440689,-0.0101856
-0.00367559,-1.08747,-0.00144458,2.09467,0.0104393,0.441452,-0.0101757
-0.00367935,-1.08679,-0.00144482,2.09319,0.0104327,0.442246,-0.0101654
-0.00368305,-1.08612,-0.00144506,2.09173,0.0104262,0.44303,-0.0101552
-0.00368682,-1.08543,-0.00144531,2.09024,0.0104196,0.443831,-0.0101447
-0.00369076,-1.0847,-0.00144556,2.08868,0.0104126,0.444674,-0.0101338
-0.0036945,-1.08402,-0.0014458,2.08719,0.0104059,0.445475,-0.0101233
-0.00369855,-1.08327,-0.00144605,2.08557,0.0103986,0.446345,-0.010112
-0.00370216,-1.0826,-0.00144628,2.08412,0.0103921,0.447126,-0.0101018
-0.00370588,-1.08191,-0.00144651,2.08263,0.0103854,0.447931,-0.0100913
-0.00370977,-1.08119,-0.00144675,2.08106,0.0103783,0.448777,-0.0100802
-0.00371333,-1.08052,-0.00144697,2.07961,0.0103719,0.449554,-0.0100701
-0.00371674,-1.07988,-0.00144718,2.07823,0.0103656,0.450301,-0.0100603
-0.00372052,-1.07917,-0.00144741,2.07668,0.0103587,0.451131,-0.0100494
-0.00372408,-1.07849,-0.00144762,2.07522,0.0103521,0.451917,-0.0100391
-0.00372752,-1.07784,-0.00144783,2.07381,0.0103457,0.452679,-0.0100292
-0.00373114,-1.07715,-0.00144804,2.07231,0.0103389,0.453484,-0.0100186
-0.00373509,-1.07639,-0.00144827,2.07068,0.0103315,0.454366,-0.010007
-0.00373858,-1.07572,-0.00144848,2.06922,0.010325,0.455147,-0.00999677
-0.0037421,-1.07504,-0.00144868,2.06775,0.0103183,0.455939,-0.00998636
-0.00374547,-1.07439,-0.00144888,2.06634,0.0103119,0.456697,-0.00997638
-0.00374903,-1.0737,-0.00144908,2.06485,0.0103051,0.457504,-0.00996576
-0.0037529,-1.07295,-0.0014493,2.06321,0.0102977,0.458386,-0.00995415
-0.00375632,-1.07228,-0.00144949,2.06176,0.0102911,0.459165,-0.00994388
-0.00375985,-1.07158,-0.00144969,2.06026,0.0102843,0.459976,-0.00993319
-0.00376294,-1.07097,-0.00144986,2.05894,0.0102782,0.460687,-0.00992381
-0.00376659,-1.07025,-0.00145006,2.05737,0.0102711,0.461528,-0.0099127
-0.00376977,-1.06962,-0.00145023,2.056,0.0102649,0.462267,-0.00990294
-0.00377379,-1.06882,-0.00145045,2.05427,0.010257,0.463201,-0.00989059
-0.00377763,-1.06805,-0.00145066,2.0526,0.0102493,0.4641,-0.0098787
-0.00378092,-1.06739,-0.00145083,2.05116,0.0102428,0.464873,-0.00986846
-0.00378433,-1.0667,-0.00145101,2.04967,0.010236,0.465675,-0.00985783
-0.00378764,-1.06603,-0.00145118,2.04821,0.0102293,0.46646,-0.00984743
-0.00379096,-1.06535,-0.00145135,2.04675,0.0102226,0.467248,-0.00983698
-0.00379477,-1.06457,-0.00145155,2.04506,0.0102149,0.468157,-0.00982491
-0.00379792,-1.06392,-0.00145171,2.04366,0.0102084,0.468913,-0.00981487
-0.00380128,-1.06323,-0.00145188,2.04216,0.0102015,0.469721,-0.00980413
-0.00380454,-1.06256,-0.00145204,2.0407,0.0101948,0.470509,-0.00979365
-0.00380779,-1.06188,-0.0014522,2.03923,0.0101881,0.471298,-0.00978316
-0.00381412,-1.06056,-0.00145251,2.03637,0.0101749,0.47284,-0.00976263
-0.00381796,-1.05975,-0.00145269,2.03462,0.0101668,0.473782,-0.00975008
-0.00382136,-1.05903,-0.00145285,2.03306,0.0101596,0.474622,-0.00973886
-0.00382473,-1.05832,-0.00145301,2.03151,0.0101525,0.475456,-0.00972774
-0.0038279,-1.05764,-0.00145316,2.03004,0.0101457,0.476248,-0.00971717
-0.00383088,-1.057,-0.00145329,2.02866,0.0101393,0.476992,-0.00970722
-0.00383437,-1.05625,-0.00145345,2.02703,0.0101318,0.477868,-0.00969551
-0.00383785,-1.0555,-0.00145361,2.0254,0.0101242,0.478747,-0.00968375
-0.00384135,-1.05474,-0.00145376,2.02375,0.0101166,0.479634,-0.00967188
-0.00384446,-1.05406,-0.0014539,2.02229,0.0101098,0.480425,-0.00966128
-0.00384753,-1.05339,-0.00145403,2.02083,0.010103,0.481212,-0.00965074
-0.00385068,-1.0527,-0.00145417,2.01933,0.010096,0.48202,-0.00963991
-0.00385379,-1.05201,-0.0014543,2.01784,0.0100891,0.482822,-0.00962914
-0.00385725,-1.05124,-0.00145444,2.01617,0.0100813,0.483721,-0.00961708
-0.00386028,-1.05057,-0.00145457,2.0147,0.0100745,0.48451,-0.00960648
-0.00386372,-1.0498,-0.00145471,2.01303,0.0100667,0.485409,-0.00959439
-0.00386682,-1.0491,-0.00145483,2.01152,0.0100596,0.486224,-0.00958343
-0.00387015,-1.04834,-0.00145496,2.00989,0.010052,0.487104,-0.00957159
-0.00387357,-1.04757,-0.0014551,2.0082,0.0100441,0.488013,-0.00955935
-0.0038765,-1.0469,-0.00145522,2.00674,0.0100372,0.4888,-0.00954871
-0.00387985,-1.04612,-0.00145538,2.00504,0.0100289,0.489727,-0.00953608
-0.00388284,-1.04543,-0.00145555,2.0035,0.0100212,0.490578,-0.00952436
-0.00388558,-1.04478,-0.00145572,2.00205,0.0100137,0.49138,-0.00951324
-0.00388871,-1.04404,-0.00145594,2.00037,0.0100048,0.49232,-0.00950008
-0.00389137,-1.0434,-0.00145615,1.9989,0.00999682,0.493147,-0.00948842
-0.00389392,-1.04278,-0.00145638,1.99747,0.00998885,0.49396,-0.00947687
-0.00389693,-1.04204,-0.00145667,1.99574,0.00997901,0.494947,-0.00946275
-0.0038996,-1.04138,-0.00145695,1.99417,0.00996982,0.495853,-0.00944968
-0.00390212,-1.04074,-0.00145724,1.99265,0.00996073,0.496735,-0.00943686
-0.00390441,-1.04015,-0.00145752,1.99123,0.00995206,0.497565,-0.00942472
-0.00390694,-1.03949,-0.00145786,1.98964,0.00994209,0.498506,-0.00941087
-0.00390927,-1.03888,-0.00145819,1.98812,0.00993246,0.499403,-0.00939758
-0.0039118,-1.0382,-0.00145858,1.98644,0.00992151,0.500409,-0.00938259
-0.00391438,-1.03749,-0.00145901,1.98466,0.00990971,0.501479,-0.00936654
-0.0039165,-1.0369,-0.00145939,1.98316,0.00989949,0.502391,-0.00935274
-0.0039186,-1.03631,-0.0014598,1.98162,0.00988887,0.503329,-0.0093385
-0.00392061,-1.03572,-0.00146021,1.9801,0.00987815,0.504263,-0.00932422
-0.00392259,-1.03513,-0.00146064,1.97856,0.0098671,0.505217,-0.00930957
-0.00392474,-1.03448,-0.00146114,1.97683,0.00985448,0.506294,-0.00929293
-0.0039265,-1.03393,-0.00146159,1.97536,0.00984352,0.507218,-0.00927858
-0.0039282,-1.03338,-0.00146204,1.97388,0.00983233,0.508153,-0.00926398
-0.00392984,-1.03284,-0.00146251,1.9724,0.00982097,0.509092,-0.00924925
-0.00393161,-1.03224,-0.00146304,1.97074,0.00980805,0.51015,-0.00923257
-0.00393315,-1.0317,-0.00146354,1.96922,0.00979606,0.511121,-0.00921718
-0.00393455,-1.03119,-0.00146403,1.96779,0.00978452,0.512048,-0.00920243
-0.00393622,-1.03056,-0.00146465,1.966,0.0097699,0.513212,-0.00918382
-0.00393744,-1.03008,-0.00146514,1.96461,0.00975838,0.51412,-0.00916923
-0.00393881,-1.02952,-0.00146572,1.96298,0.00974464,0.515193,-0.00915192
-0.00393994,-1.02904,-0.00146625,1.96154,0.00973243,0.516139,-0.00913658
-0.00394122,-1.02846,-0.00146689,1.95982,0.00971755,0.517283,-0.00911797
-0.00394232,-1.02793,-0.00146749,1.95824,0.0097037,0.518337,-0.00910073
-0.00394326,-1.02746,-0.00146805,1.95679,0.00969074,0.519316,-0.00908467
-0.0039442,-1.02694,-0.00146867,1.95521,0.0096765,0.520384,-0.00906708
-0.00394502,-1.02647,-0.00146926,1.95372,0.0096629,0.521396,-0.00905033
-0.00394584,-1.02595,-0.00146991,1.9521,0.00964791,0.522502,-0.00903196
-0.00394651,-1.02549,-0.00147051,1.95062,0.00963406,0.523517,-0.00901504
-0.00394715,-1.025,-0.00147116,1.94905,0.00961924,0.524596,-0.008997
-0.00394776,-1.02448,-0.00147187,1.94734,0.00960283,0.525781,-0.00897709
-0.00394821,-1.02402,-0.00147251,1.94584,0.00958818,0.526831,-0.00895938
-0.00394858,-1.02359,-0.00147313,1.94438,0.00957384,0.527853,-0.0089421
-0.00394889,-1.02313,-0.00147379,1.94283,0.00955847,0.52894,-0.00892365
-0.00394911,-1.02271,-0.00147441,1.9414,0.00954402,0.529956,-0.00890635
-0.00394929,-1.02221,-0.00147516,1.93969,0.00952661,0.531173,-0.00888556
-0.00394936,-1.02181,-0.00147578,1.93828,0.00951217,0.532174,-0.00886839
-0.00394936,-1.02137,-0.00147646,1.93674,0.00949614,0.53328,-0.00884938
-0.00394928,-1.02094,-0.00147715,1.93519,0.00947986,0.534396,-0.00883012
-0.00394912,-1.0205,-0.00147786,1.93361,0.00946306,0.535541,-0.00881031
-0.00394888,-1.0201,-0.00147854,1.93211,0.009447,0.536629,-0.00879142
-0.00394857,-1.0197,-0.0014792,1.93064,0.00943101,0.537705,-0.00877268
-0.00394814,-1.01927,-0.00147994,1.92902,0.0094132,0.538897,-0.00875186
-0.00394769,-1.0189,-0.00148058,1.92761,0.00939765,0.539933,-0.00873372
-0.00394716,-1.01852,-0.00148125,1.92616,0.00938142,0.541007,-0.00871485
-0.00394658,-1.01817,-0.00148188,1.92479,0.00936597,0.542025,-0.00869692
-0.00394581,-1.01775,-0.00148264,1.92314,0.00934722,0.543254,-0.00867522
-0.00394495,-1.01734,-0.00148339,1.92151,0.00932849,0.544475,-0.0086536
-0.00394409,-1.01698,-0.00148406,1.92006,0.00931156,0.545573,-0.00863411
-0.00394319,-1.01664,-0.00148471,1.91866,0.00929516,0.54663,-0.00861528
-0.00394216,-1.01628,-0.00148539,1.91717,0.0092776,0.547757,-0.00859516
-0.00394109,-1.01594,-0.00148606,1.91574,0.00926047,0.548851,-0.00857558
-0.00393981,-1.01557,-0.00148679,1.91414,0.00924131,0.550069,-0.00855373
-0.00393854,-1.01522,-0.00148747,1.91267,0.0092234,0.551202,-0.00853335
-0.00393724,-1.0149,-0.00148813,1.91124,0.00920595,0.5523,-0.00851355
-0.00393586,-1.01458,-0.00148878,1.90983,0.00918844,0.553397,-0.00849372
-0.00393437,-1.01425,-0.00148944,1.90838,0.00917038,0.554524,-0.00847331
-0.00393292,-1.01396,-0.00149005,1.90704,0.00915356,0.555569,-0.00845434
-0.00393103,-1.0136,-0.00149081,1.90536,0.00913235,0.55688,-0.00843047
-0.00392952,-1.01333,-0.00149138,1.9041,0.00911628,0.557869,-0.00841243
-0.00392754,-1.01299,-0.00149209,1.90252,0.00909588,0.55912,-0.00838957
-0.00392545,-1.01266,-0.00149281,1.90092,0.00907516,0.560384,-0.0083664
-0.00392357,-1.01238,-0.00149341,1.89955,0.00905727,0.56147,-0.00834645
-0.00392129,-1.01206,-0.00149412,1.89796,0.00903623,0.562744,-0.00832301
-0.00391919,-1.01178,-0.00149473,1.89655,0.00901755,0.563868,-0.00830226
-0.00391703,-1.0115,-0.00149534,1.89516,0.00899883,0.564991,-0.00828151
-0.00391469,-1.01122,-0.00149597,1.8937,0.00897915,0.566166,-0.00825973
-0.00391222,-1.01094,-0.0014966,1.89222,0.00895899,0.567366,-0.00823747
-0.00390981,-1.01068,-0.00149719,1.89083,0.00893992,0.568496,-0.00821644
-0.00390734,-1.01042,-0.00149777,1.88944,0.00892077,0.569626,-0.00819538
-0.00390481,-1.01017,-0.00149834,1.88807,0.00890167,0.570749,-0.00817441
-0.00390185,-1.00989,-0.00149898,1.88651,0.00887989,0.572025,-0.00815053
-0.00389944,-1.00968,-0.00149947,1.88529,0.00886259,0.573035,-0.00813161
-0.00389665,-1.00944,-0.00150002,1.8839,0.00884291,0.57418,-0.00811011
-0.00389201,-1.00905,-0.0015009,1.88167,0.00881097,0.576031,-0.00807528
-0.00388922,-1.00884,-0.00150139,1.88039,0.00879245,0.577097,-0.00805515
-0.0038862,-1.00862,-0.00150191,1.87903,0.00877272,0.57823,-0.00803373
-0.00388317,-1.0084,-0.0015024,1.87771,0.00875331,0.579341,-0.0080127
-0.00388,-1.00819,-0.0015029,1.87636,0.00873341,0.580476,-0.00799118
-0.00387638,-1.00796,-0.00150344,1.87485,0.00871107,0.581746,-0.00796705
-0.00387302,-1.00775,-0.00150392,1.87349,0.00869071,0.582899,-0.0079451
-0.0038695,-1.00754,-0.00150439,1.8721,0.00866983,0.584078,-0.00792263
-0.00386627,-1.00735,-0.00150481,1.87086,0.00865096,0.585139,-0.00790237
-0.00386265,-1.00716,-0.00150526,1.8695,0.00863018,0.586304,-0.00788007
-0.00385865,-1.00694,-0.00150574,1.86802,0.00860754,0.58757,-0.00785582
-0.003855,-1.00676,-0.00150615,1.86671,0.00858727,0.588698,-0.00783416
-0.00385077,-1.00656,-0.00150661,1.86522,0.00856412,0.589984,-0.00780945
-0.00384706,-1.00639,-0.00150698,1.86394,0.00854417,0.591088,-0.00778819
-0.00384307,-1.00621,-0.00150737,1.8626,0.00852307,0.592251,-0.00776574
-0.00383941,-1.00605,-0.0015077,1.86139,0.00850392,0.593305,-0.0077454
-0.00383518,-1.00588,-0.00150807,1.86002,0.0084821,0.594501,-0.00772225
-0.00383057,-1.0057,-0.00150845,1.85856,0.00845869,0.595781,-0.00769746
-0.0038265,-1.00555,-0.00150877,1.8573,0.00843831,0.596891,-0.00767591
-0.00382218,-1.00539,-0.00150908,1.85598,0.00841696,0.598051,-0.00765337
-0.00381806,-1.00525,-0.00150936,1.85475,0.00839688,0.599138,-0.00763221
-0.00381363,-1.0051,-0.00150965,1.85345,0.0083755,0.600293,-0.00760971
-0.00380874,-1.00494,-0.00150994,1.85204,0.00835222,0.601546,-0.00758524
-0.00380449,-1.00481,-0.00151018,1.85084,0.00833228,0.602617,-0.00756431
-0.00379956,-1.00467,-0.00151043,1.84947,0.00830937,0.603844,-0.0075403
-0.00379506,-1.00454,-0.00151064,1.84824,0.00828873,0.604945,-0.00751871
-0.00378981,-1.0044,-0.00151087,1.84683,0.00826489,0.606215,-0.00749379
-0.00378518,-1.00428,-0.00151106,1.84561,0.00824416,0.607315,-0.00747217
-0.0037807,-1.00417,-0.00151122,1.84445,0.00822431,0.608366,-0.00745149
-0.00377536,-1.00404,-0.00151139,1.84308,0.00820087,0.609603,-0.0074271
-0.00377062,-1.00393,-0.00151152,1.84189,0.00818032,0.610685,-0.00740574
-0.00376499,-1.00381,-0.00151166,1.8405,0.00815612,0.611956,-0.00738063
-0.00375988,-1.00371,-0.00151177,1.83926,0.00813442,0.613093,-0.00735815
-0.00375486,-1.00361,-0.00151186,1.83805,0.00811332,0.614194,-0.00733632
-0.00374888,-1.00349,-0.00151195,1.83664,0.00808843,0.615491,-0.00731061
-0.00374372,-1.0034,-0.001512,1.83545,0.00806717,0.616595,-0.00728868
-0.0037378,-1.0033,-0.00151204,1.8341,0.00804305,0.617845,-0.00726381
-0.00373251,-1.00321,-0.00151206,1.83291,0.00802167,0.618949,-0.00724182
-0.00372713,-1.00313,-0.00151206,1.83171,0.00800012,0.62006,-0.00721968
-0.00372142,-1.00305,-0.00151205,1.83047,0.0079775,0.621223,-0.00719647
-0.00371606,-1.00297,-0.00151202,1.82931,0.00795642,0.622304,-0.00717487
-0.0037105,-1.0029,-0.00151197,1.82813,0.00793477,0.623412,-0.0071527
-0.00370485,-1.00283,-0.0015119,1.82694,0.00791291,0.624527,-0.00713035
-0.00369933,-1.00276,-0.00151182,1.8258,0.00789176,0.625604,-0.00710875
-0.00369349,-1.00269,-0.00151171,1.8246,0.00786956,0.626732,-0.00708612
-0.0036877,-1.00263,-0.00151159,1.82344,0.00784775,0.627838,-0.0070639
-0.00368138,-1.00257,-0.00151145,1.82218,0.0078241,0.629033,-0.00703984
-0.00367523,-1.00251,-0.00151128,1.82097,0.00780127,0.630185,-0.00701665
-0.00366855,-1.00245,-0.00151108,1.81968,0.00777671,0.63142,-0.00699174
-0.00366262,-1.00241,-0.00151089,1.81854,0.00775509,0.632505,-0.00696983
-0.00365652,-1.00236,-0.00151067,1.81739,0.00773299,0.633612,-0.00694746
-0.00364968,-1.00231,-0.00151041,1.81611,0.00770841,0.63484,-0.00692262
-0.00364351,-1.00227,-0.00151015,1.81498,0.00768643,0.635936,-0.00690042
-0.0036365,-1.00223,-0.00150985,1.8137,0.00766159,0.637171,-0.00687538
-0.00362979,-1.0022,-0.00150953,1.8125,0.00763805,0.638338,-0.00685168
-0.00362317,-1.00216,-0.0015092,1.81132,0.00761497,0.639481,-0.00682846
-0.00361678,-1.00214,-0.00150886,1.8102,0.00759284,0.640574,-0.00680623
-0.00360953,-1.00211,-0.00150846,1.80895,0.00756793,0.641801,-0.00678124
-0.00360138,-1.00208,-0.00150799,1.80755,0.00754013,0.643168,-0.00675338
-0.00359543,-1.00206,-0.00150763,1.80655,0.00751998,0.644155,-0.00673322
-0.00358847,-1.00205,-0.00150719,1.80539,0.00749658,0.6453,-0.00670983
-0.00358146,-1.00203,-0.00150672,1.80423,0.00747317,0.646444,-0.00668645
-0.00357471,-1.00203,-0.00150626,1.80313,0.00745076,0.647535,-0.00666411
-0.00356775,-1.00202,-0.00150576,1.80201,0.0074278,0.648652,-0.00664124
-0.00356096,-1.00201,-0.00150526,1.80092,0.00740555,0.649731,-0.0066191
-0.00355418,-1.00201,-0.00150474,1.79985,0.00738346,0.650801,-0.00659714
-0.00354682,-1.00201,-0.00150416,1.7987,0.00735959,0.651954,-0.00657345
-0.00353989,-1.00202,-0.0015036,1.79763,0.00733729,0.65303,-0.00655133
-0.00353246,-1.00202,-0.00150298,1.79649,0.00731353,0.654173,-0.0065278
-0.00352585,-1.00203,-0.00150241,1.79549,0.00729249,0.655183,-0.00650698
-0.00351885,-1.00204,-0.00150179,1.79444,0.00727034,0.656245,-0.00648509
-0.00351087,-1.00206,-0.00150107,1.79325,0.00724525,0.657445,-0.00646031
-0.00350402,-1.00207,-0.00150043,1.79225,0.00722384,0.658467,-0.00643919
-0.00349597,-1.00209,-0.00149966,1.79107,0.00719881,0.65966,-0.00641453
-0.00348883,-1.00212,-0.00149896,1.79004,0.00717671,0.660711,-0.00639279
-0.00348164,-1.00214,-0.00149824,1.78902,0.00715461,0.661759,-0.00637107
-0.00347478,-1.00216,-0.00149754,1.78805,0.00713363,0.662754,-0.00635045
-0.0034673,-1.00219,-0.00149676,1.787,0.00711085,0.663831,-0.00632811
-0.00345913,-1.00223,-0.00149588,1.78587,0.00708609,0.664999,-0.00630384
-0.00345177,-1.00226,-0.00149508,1.78486,0.00706392,0.666043,-0.00628214
-0.00344435,-1.0023,-0.00149425,1.78385,0.00704169,0.667089,-0.0062604
-0.00343713,-1.00234,-0.00149343,1.78287,0.00702016,0.668099,-0.00623936
-0.00342968,-1.00238,-0.00149256,1.78188,0.00699802,0.669136,-0.00621776
-0.00342075,-1.00243,-0.00149151,1.7807,0.00697167,0.670369,-0.00619205
-0.00341295,-1.00247,-0.00149057,1.77967,0.00694874,0.671439,-0.00616973
-0.00340438,-1.00253,-0.00148952,1.77856,0.00692368,0.672606,-0.00614534
-0.00339641,-1.00258,-0.00148852,1.77753,0.00690051,0.673683,-0.00612282
-0.00338846,-1.00263,-0.00148751,1.77652,0.00687748,0.674752,-0.00610047
-0.00337969,-1.0027,-0.00148637,1.77541,0.00685221,0.675923,-0.00607595
-0.00337223,-1.00275,-0.00148539,1.77448,0.00683081,0.676912,-0.00605522
-0.0033626,-1.00282,-0.0014841,1.77328,0.00680334,0.67818,-0.00602863
-0.00335505,-1.00288,-0.00148306,1.77235,0.0067819,0.679168,-0.0060079
-0.00334741,-1.00295,-0.00148201,1.77142,0.0067603,0.680161,-0.00598704
-0.00333966,-1.00301,-0.00148092,1.77049,0.00673846,0.681163,-0.00596595
-0.00333182,-1.00308,-0.0014798,1.76955,0.00671647,0.682171,-0.00594476
-0.00332397,-1.00315,-0.00147866,1.76861,0.00669456,0.683174,-0.00592364
-0.00331611,-1.00322,-0.00147751,1.76768,0.00667268,0.684173,-0.00590259
-0.00330744,-1.0033,-0.00147622,1.76667,0.00664866,0.685269,-0.0058795
-0.00329937,-1.00338,-0.00147501,1.76573,0.00662639,0.686283,-0.0058581
-0.00329169,-1.00345,-0.00147383,1.76485,0.00660531,0.687241,-0.00583787
-0.00328273,-1.00354,-0.00147245,1.76382,0.00658078,0.688354,-0.00581435
-0.00327502,-1.00362,-0.00147124,1.76295,0.00655976,0.689306,-0.00579422
-0.00326732,-1.0037,-0.00147001,1.76208,0.00653884,0.690253,-0.00577419
-0.003259,-1.00378,-0.00146868,1.76115,0.00651635,0.691269,-0.00575268
-0.00325116,-1.00387,-0.0014674,1.76028,0.00649522,0.692222,-0.00573249
-0.00324311,-1.00396,-0.00146608,1.7594,0.0064736,0.693195,-0.00571185
-0.00323541,-1.00404,-0.00146479,1.75856,0.00645297,0.694122,-0.00569218
-0.00322602,-1.00415,-0.00146321,1.75754,0.00642792,0.695247,-0.00566831
-0.00321785,-1.00424,-0.00146182,1.75666,0.00640622,0.69622,-0.00564764
-0.0032099,-1.00434,-0.00146045,1.75581,0.00638519,0.69716,-0.00562764
-0.00320076,-1.00444,-0.00145885,1.75484,0.00636108,0.698238,-0.00560472
-0.00319286,-1.00454,-0.00145746,1.75401,0.00634031,0.699164,-0.005585
-0.00318463,-1.00464,-0.00145599,1.75315,0.00631875,0.700125,-0.00556454
-0.00317639,-1.00474,-0.00145451,1.7523,0.00629726,0.701081,-0.00554416
-0.00316816,-1.00485,-0.00145301,1.75145,0.00627584,0.702032,-0.00552388
-0.00315911,-1.00496,-0.00145135,1.75053,0.00625237,0.703072,-0.00550167
-0.00315107,-1.00507,-0.00144986,1.74971,0.00623158,0.703993,-0.005482
-0.0031434,-1.00517,-0.00144842,1.74894,0.00621183,0.704867,-0.00546334
-0.00313444,-1.00529,-0.00144672,1.74804,0.00618881,0.705883,-0.00544161
-0.0031254,-1.00541,-0.00144499,1.74714,0.00616568,0.706903,-0.00541978
-0.00311718,-1.00552,-0.0014434,1.74633,0.00614469,0.707827,-0.0054
-0.00310895,-1.00563,-0.0014418,1.74552,0.00612376,0.708747,-0.00538029
-0.0030999,-1.00576,-0.00144002,1.74464,0.00610082,0.709754,-0.00535871
-0.00309137,-1.00588,-0.00143832,1.74382,0.00607925,0.710699,-0.00533842
-0.00308217,-1.00601,-0.00143647,1.74293,0.00605606,0.711715,-0.00531663
-0.00307189,-1.00616,-0.00143439,1.74195,0.00603024,0.712843,-0.00529239
-0.00306313,-1.00629,-0.0014326,1.74112,0.00600831,0.7138,-0.00527183
-0.00305431,-1.00642,-0.00143078,1.74029,0.00598631,0.714759,-0.00525121
-0.00304626,-1.00654,-0.0014291,1.73954,0.00596628,0.71563,-0.00523246
-0.00303684,-1.00668,-0.00142712,1.73867,0.00594292,0.716646,-0.0052106
-0.00302848,-1.00681,-0.00142535,1.7379,0.00592224,0.717543,-0.00519127
-0.00302032,-1.00693,-0.0014236,1.73715,0.0059021,0.718416,-0.00517244
-0.00301183,-1.00706,-0.00142177,1.73638,0.00588123,0.719319,-0.00515296
-0.00300365,-1.00719,-0.00141999,1.73564,0.00586114,0.720187,-0.00513422
-0.00299419,-1.00734,-0.00141792,1.73479,0.00583799,0.721187,-0.00511264
-0.00298477,-1.00749,-0.00141584,1.73395,0.00581502,0.722177,-0.00509125
-0.00297647,-1.00763,-0.00141399,1.73321,0.00579481,0.723047,-0.00507244
-0.00296785,-1.00777,-0.00141206,1.73245,0.0057739,0.723946,-0.00505299
-0.00296079,-1.00788,-0.00141046,1.73184,0.0057568,0.72468,-0.0050371
-0.00295252,-1.00802,-0.00140858,1.73112,0.00573684,0.725536,-0.00501856
-0.00294413,-1.00816,-0.00140666,1.73039,0.00571662,0.726402,-0.00499979
-0.00293583,-1.0083,-0.00140474,1.72967,0.00569668,0.727256,-0.0049813
-0.00292723,-1.00844,-0.00140274,1.72894,0.00567605,0.728137,-0.00496218
-0.00291904,-1.00858,-0.00140082,1.72824,0.00565646,0.728974,-0.00494403
-0.00291085,-1.00872,-0.00139889,1.72755,0.00563692,0.729807,-0.00492594
-0.0029026,-1.00886,-0.00139693,1.72685,0.00561729,0.730642,-0.00490778
-0.00289282,-1.00903,-0.00139459,1.72604,0.00559405,0.731631,-0.00488629
-0.00288304,-1.0092,-0.00139224,1.72522,0.00557089,0.732615,-0.00486491
-0.00287473,-1.00935,-0.00139022,1.72454,0.00555125,0.733448,-0.00484678
-0.00286537,-1.00952,-0.00138793,1.72377,0.00552918,0.734382,-0.00482642
-0.00285707,-1.00967,-0.00138589,1.72309,0.00550967,0.735208,-0.00480844
-0.00284894,-1.00981,-0.00138387,1.72243,0.00549059,0.736014,-0.00479086
-0.00284135,-1.00995,-0.00138198,1.72182,0.00547284,0.736764,-0.00477453
-0.0028329,-1.0101,-0.00137986,1.72114,0.00545308,0.737597,-0.00475635
-0.00282406,-1.01027,-0.00137763,1.72044,0.00543248,0.738465,-0.0047374
-0.00281574,-1.01042,-0.00137551,1.71978,0.00541313,0.739279,-0.00471962
-0.00280658,-1.01059,-0.00137317,1.71905,0.00539188,0.740172,-0.00470011
-0.00279817,-1.01075,-0.00137101,1.71839,0.0053724,0.74099,-0.00468223
-0.00279048,-1.01089,-0.00136902,1.71779,0.00535463,0.741735,-0.00466594
-0.00278054,-1.01108,-0.00136643,1.71702,0.00533168,0.742696,-0.00464491
-0.00277242,-1.01124,-0.0013643,1.71639,0.00531301,0.743477,-0.0046278
-0.00276313,-1.01142,-0.00136185,1.71568,0.00529168,0.744368,-0.00460828
-0.002746,-1.01175,-0.0013573,1.71437,0.00525242,0.746007,-0.00457237
-0.00273748,-1.01191,-0.00135501,1.71373,0.00523299,0.746816,-0.00455462
-0.00272822,-1.0121,-0.00135251,1.71303,0.00521188,0.747694,-0.00453534
-0.00271814,-1.01229,-0.00134977,1.71228,0.00518898,0.748645,-0.00451445
-0.00270954,-1.01247,-0.00134741,1.71164,0.00516946,0.749455,-0.00449666
-0.00270069,-1.01264,-0.00134497,1.71099,0.00514944,0.750285,-0.00447841
-0.0026915,-1.01283,-0.00134243,1.71032,0.00512868,0.751144,-0.0044595
-0.00268385,-1.01298,-0.0013403,1.70976,0.00511145,0.751857,-0.00444383
-0.00267536,-1.01316,-0.00133792,1.70914,0.00509235,0.752646,-0.00442645
-0.00266722,-1.01332,-0.00133563,1.70855,0.00507406,0.753401,-0.00440982
-0.00265907,-1.01349,-0.00133332,1.70797,0.00505579,0.754154,-0.00439322
-0.00264579,-1.01376,-0.00132954,1.70702,0.00502606,0.755378,-0.00436622
-0.00263857,-1.01391,-0.00132747,1.70651,0.00500994,0.756041,-0.0043516
-0.00263024,-1.01409,-0.00132507,1.70592,0.00499139,0.756804,-0.00433477
-0.00262224,-1.01426,-0.00132276,1.70535,0.00497358,0.757534,-0.00431863
-0.00261384,-1.01443,-0.00132031,1.70477,0.00495494,0.758299,-0.00430174
-0.00260581,-1.0146,-0.00131796,1.70421,0.00493714,0.759028,-0.00428562
-0.00259828,-1.01476,-0.00131575,1.70369,0.00492046,0.75971,-0.00427053
-0.00258798,-1.01498,-0.00131271,1.70298,0.0048977,0.760641,-0.00424995
-0.00257882,-1.01518,-0.00130999,1.70235,0.00487749,0.761466,-0.00423168
-0.0025716,-1.01534,-0.00130783,1.70186,0.00486159,0.762115,-0.00421732
-0.00256301,-1.01552,-0.00130525,1.70127,0.00484271,0.762884,-0.00420027
-0.00255506,-1.0157,-0.00130286,1.70074,0.00482527,0.763594,-0.00418453
-0.00254736,-1.01587,-0.00130052,1.70022,0.00480841,0.76428,-0.00416932
-0.00253951,-1.01604,-0.00129814,1.69969,0.00479123,0.764978,-0.00415383
-0.00253155,-1.01622,-0.0012957,1.69916,0.00477383,0.765685,-0.00413815
-0.00252417,-1.01638,-0.00129344,1.69867,0.00475774,0.766337,-0.00412366
-0.00251701,-1.01654,-0.00129123,1.6982,0.00474213,0.76697,-0.00410961
-0.00250869,-1.01672,-0.00128866,1.69765,0.00472405,0.767702,-0.00409333
-0.0025013,-1.01689,-0.00128636,1.69717,0.00470798,0.768352,-0.00407888
-0.0024924,-1.01709,-0.00128358,1.69659,0.00468868,0.769133,-0.00406152
-0.00248119,-1.01734,-0.00128006,1.69586,0.00466441,0.770113,-0.00403972
-0.0024739,-1.01751,-0.00127776,1.69539,0.00464865,0.770748,-0.00402557
-0.00246539,-1.01771,-0.00127506,1.69485,0.00463028,0.771489,-0.00400908
-0.00245682,-1.0179,-0.00127233,1.6943,0.00461183,0.772231,-0.00399252
-0.00244915,-1.01808,-0.00126988,1.69381,0.00459531,0.772896,-0.00397771
-0.00244058,-1.01828,-0.00126713,1.69327,0.00457691,0.773635,-0.00396122
-0.00243293,-1.01845,-0.00126466,1.69279,0.00456048,0.774295,-0.0039465
-0.00242532,-1.01863,-0.00126219,1.69231,0.00454419,0.774948,-0.00393191
-0.00241619,-1.01885,-0.00125922,1.69175,0.00452465,0.775732,-0.00391442
-0.00240845,-1.01903,-0.00125669,1.69126,0.00450811,0.776394,-0.00389963
-0.00240128,-1.0192,-0.00125434,1.69082,0.00449281,0.777006,-0.00388594
-0.00239421,-1.01936,-0.00125201,1.69039,0.00447775,0.777608,-0.00387248
-0.00238683,-1.01954,-0.00124957,1.68993,0.00446205,0.778235,-0.00385845
-0.0023792,-1.01972,-0.00124704,1.68947,0.00444582,0.778883,-0.00384396
-0.0023708,-1.01992,-0.00124424,1.68896,0.00442798,0.779594,-0.00382804
-0.00236251,-1.02012,-0.00124147,1.68846,0.00441041,0.780294,-0.00381236
-0.00235514,-1.0203,-0.001239,1.68801,0.00439481,0.780915,-0.00379844
-0.00234782,-1.02048,-0.00123653,1.68758,0.00437932,0.781531,-0.00378463
-0.00234078,-1.02065,-0.00123414,1.68716,0.00436446,0.782122,-0.00377139
-0.00233368,-1.02082,-0.00123173,1.68673,0.00434948,0.782717,-0.00375804
-0.00232579,-1.02101,-0.00122905,1.68627,0.00433285,0.783377,-0.00374323
-0.00231862,-1.02119,-0.00122659,1.68584,0.00431776,0.783975,-0.0037298
-0.00231015,-1.0214,-0.00122368,1.68535,0.00429994,0.784681,-0.00371395
-0.00230308,-1.02157,-0.00122125,1.68493,0.00428511,0.785268,-0.00370075
-0.00229588,-1.02175,-0.00121876,1.68451,0.00427001,0.785866,-0.00368733
-0.00228728,-1.02196,-0.00121577,1.68401,0.00425199,0.786578,-0.00367131
-0.00227983,-1.02215,-0.00121318,1.68359,0.00423641,0.787193,-0.00365747
-0.00227209,-1.02234,-0.00121047,1.68314,0.00422022,0.787832,-0.00364309
-0.00226377,-1.02255,-0.00120755,1.68266,0.00420286,0.788516,-0.00362769
-0.00225582,-1.02275,-0.00120475,1.68221,0.00418628,0.789169,-0.00361298
-0.00224805,-1.02295,-0.001202,1.68177,0.00417011,0.789806,-0.00359864
-0.0022409,-1.02313,-0.00119946,1.68137,0.00415525,0.790391,-0.00358545
-0.00223437,-1.0233,-0.00119713,1.681,0.00414167,0.790924,-0.00357342
-0.00222741,-1.02347,-0.00119465,1.68061,0.00412723,0.791491,-0.00356063
-0.00222058,-1.02365,-0.0011922,1.68023,0.00411306,0.792047,-0.00354808
-0.00221392,-1.02382,-0.0011898,1.67986,0.00409928,0.792588,-0.00353588
-0.00220795,-1.02397,-0.00118765,1.67953,0.00408692,0.793072,-0.00352494
-0.00220108,-1.02415,-0.00118517,1.67915,0.00407272,0.793628,-0.00351238
-0.00219454,-1.02432,-0.00118279,1.67879,0.0040592,0.794157,-0.00350042
-0.00218746,-1.0245,-0.00118022,1.6784,0.0040446,0.794729,-0.00348751
-0.0021806,-1.02468,-0.00117771,1.67803,0.00403047,0.795281,-0.00347502
-0.00217354,-1.02486,-0.00117513,1.67765,0.00401592,0.795849,-0.00346216
-0.00216718,-1.02503,-0.00117279,1.6773,0.00400284,0.79636,-0.00345061
-0.00216048,-1.02521,-0.00117032,1.67694,0.00398906,0.796897,-0.00343844
-0.00215297,-1.0254,-0.00116755,1.67654,0.00397364,0.797498,-0.00342482
-0.00214643,-1.02558,-0.00116513,1.67619,0.00396022,0.798021,-0.00341299
-0.00214023,-1.02574,-0.00116282,1.67586,0.00394753,0.798515,-0.00340179
-0.00213311,-1.02593,-0.00116017,1.67548,0.00393294,0.799082,-0.00338892
-0.00212643,-1.02611,-0.00115767,1.67512,0.00391927,0.799614,-0.00337687
-0.00211972,-1.02629,-0.00115515,1.67477,0.00390556,0.800146,-0.00336479
-0.00211286,-1.02647,-0.00115257,1.67441,0.00389156,0.80069,-0.00335245
-0.00210638,-1.02664,-0.00115013,1.67407,0.00387833,0.801203,-0.0033408
-0.00209981,-1.02682,-0.00114764,1.67373,0.00386494,0.801722,-0.00332901
-0.00209269,-1.02701,-0.00114494,1.67336,0.00385044,0.802284,-0.00331624
-0.00208633,-1.02718,-0.00114252,1.67303,0.0038375,0.802785,-0.00330485
-0.00207991,-1.02736,-0.00114007,1.6727,0.00382445,0.80329,-0.00329338
-0.00207296,-1.02755,-0.00113741,1.67234,0.00381033,0.803836,-0.00328096
-0.00206648,-1.02772,-0.00113493,1.67201,0.00379718,0.804344,-0.00326939
-0.00206032,-1.02789,-0.00113256,1.67169,0.00378468,0.804827,-0.00325841
-0.00205409,-1.02806,-0.00113015,1.67138,0.00377206,0.805314,-0.00324732
-0.00204787,-1.02823,-0.00112775,1.67106,0.00375947,0.805799,-0.00323626
-0.00204104,-1.02842,-0.0011251,1.67072,0.00374567,0.806331,-0.00322414
-0.00203482,-1.02859,-0.00112268,1.67041,0.00373309,0.806816,-0.0032131
-0.00202873,-1.02876,-0.00112031,1.6701,0.00372079,0.807289,-0.0032023
-0.0020231,-1.02892,-0.0011181,1.66982,0.00370942,0.807727,-0.00319232
-0.00201663,-1.0291,-0.00111557,1.6695,0.00369638,0.808228,-0.00318088
-0.00201064,-1.02926,-0.00111322,1.6692,0.00368432,0.808692,-0.0031703
-0.00200461,-1.02943,-0.00111085,1.6689,0.00367218,0.809158,-0.00315966
-0.00199792,-1.02962,-0.0011082,1.66857,0.00365872,0.809675,-0.00314785
-0.001992,-1.02979,-0.00110586,1.66828,0.00364683,0.810131,-0.00313743
-0.00198541,-1.02997,-0.00110325,1.66796,0.00363359,0.810638,-0.00312584
-0.00197953,-1.03014,-0.00110091,1.66767,0.00362178,0.811091,-0.00311549
-0.00197332,-1.03031,-0.00109843,1.66737,0.00360932,0.811568,-0.00310458
-0.00196728,-1.03048,-0.00109602,1.66708,0.00359724,0.812031,-0.003094
-0.00196146,-1.03065,-0.00109368,1.6668,0.00358557,0.812477,-0.00308379
-0.00195586,-1.03081,-0.00109143,1.66653,0.00357437,0.812905,-0.00307399
-0.00195041,-1.03096,-0.00108924,1.66627,0.00356347,0.813321,-0.00306446
-0.00194451,-1.03113,-0.00108686,1.66599,0.00355167,0.813772,-0.00305414
-0.00193885,-1.03129,-0.00108457,1.66572,0.00354038,0.814203,-0.00304426
-0.00193369,-1.03144,-0.00108248,1.66547,0.00353007,0.814596,-0.00303525
-0.00192692,-1.03164,-0.00107973,1.66515,0.00351659,0.81511,-0.00302346
-0.00192144,-1.03179,-0.0010775,1.6649,0.00350565,0.815527,-0.00301391
-0.00191574,-1.03196,-0.00107517,1.66463,0.00349431,0.815959,-0.00300399
-0.00191042,-1.03211,-0.001073,1.66438,0.00348372,0.816362,-0.00299475
-0.00190498,-1.03227,-0.00107077,1.66413,0.00347291,0.816773,-0.00298531
-0.00189894,-1.03245,-0.00106828,1.66384,0.00346089,0.81723,-0.00297481
-0.00189359,-1.0326,-0.00106608,1.6636,0.00345027,0.817634,-0.00296554
-0.00188868,-1.03275,-0.00106406,1.66337,0.00344052,0.818004,-0.00295703
-0.00188303,-1.03291,-0.00106172,1.66311,0.00342931,0.818429,-0.00294726
-0.00187806,-1.03306,-0.00105966,1.66288,0.00341946,0.818803,-0.00293866
-0.00187192,-1.03324,-0.00105711,1.6626,0.0034073,0.819265,-0.00292806
-0.00186698,-1.03338,-0.00105506,1.66237,0.0033975,0.819636,-0.00291951
-0.0018614,-1.03355,-0.00105273,1.66212,0.00338647,0.820054,-0.0029099
-0.00185628,-1.0337,-0.00105059,1.66189,0.00337635,0.820437,-0.00290107
-0.00184621,-1.034,-0.00104638,1.66143,0.00335644,0.821191,-0.00288372
-0.00184085,-1.03415,-0.00104413,1.66119,0.00334586,0.821591,-0.0028745
-0.00183553,-1.03431,-0.00104189,1.66095,0.00333535,0.821988,-0.00286536
-0.00183052,-1.03446,-0.00103977,1.66073,0.00332548,0.822361,-0.00285675
-0.00182498,-1.03463,-0.00103743,1.66048,0.00331457,0.822773,-0.00284726
-0.00182005,-1.03478,-0.00103534,1.66026,0.00330485,0.82314,-0.00283879
-0.00181532,-1.03492,-0.00103334,1.66005,0.00329555,0.823491,-0.0028307
-0.00181013,-1.03507,-0.00103113,1.65982,0.00328533,0.823876,-0.00282181
-0.00180434,-1.03525,-0.00102867,1.65957,0.00327395,0.824305,-0.00281191
-0.00179906,-1.03541,-0.00102641,1.65934,0.00326357,0.824696,-0.00280288
-0.00179345,-1.03558,-0.00102401,1.65909,0.00325254,0.825111,-0.00279329
-0.00178843,-1.03573,-0.00102186,1.65887,0.0032427,0.825481,-0.00278474
-0.00178332,-1.03588,-0.00101967,1.65865,0.00323268,0.825858,-0.00277602
-0.00177895,-1.03602,-0.00101779,1.65846,0.00322411,0.82618,-0.00276858
-0.00177419,-1.03616,-0.00101574,1.65826,0.00321478,0.826531,-0.00276046
-0.00176958,-1.0363,-0.00101375,1.65806,0.00320575,0.82687,-0.00275262
-0.00176508,-1.03644,-0.0010118,1.65786,0.00319693,0.827201,-0.00274496
-0.00176008,-1.03659,-0.00100964,1.65765,0.00318714,0.827569,-0.00273646
-0.0017556,-1.03673,-0.0010077,1.65746,0.0031784,0.827897,-0.00272886
-0.00175063,-1.03688,-0.00100554,1.65725,0.00316868,0.828261,-0.00272043
-0.00174634,-1.03701,-0.00100367,1.65706,0.00316029,0.828576,-0.00271314
-0.00174199,-1.03715,-0.00100177,1.65688,0.00315179,0.828894,-0.00270576
-0.00173749,-1.03729,-0.000999807,1.65669,0.00314302,0.829223,-0.00269815
-0.00173343,-1.03741,-0.000998029,1.65652,0.00313509,0.82952,-0.00269127
-0.00172866,-1.03756,-0.000995942,1.65632,0.00312579,0.829868,-0.0026832
-0.00172455,-1.03769,-0.000994137,1.65615,0.00311777,0.830168,-0.00267624
-0.00172034,-1.03782,-0.000992286,1.65597,0.00310957,0.830474,-0.00266912
-0.00171591,-1.03795,-0.000990337,1.65579,0.00310094,0.830797,-0.00266164
-0.00171162,-1.03809,-0.000988446,1.65561,0.00309259,0.831109,-0.0026544
-0.0017065,-1.03825,-0.000986187,1.65539,0.00308263,0.831481,-0.00264577
-0.00170168,-1.0384,-0.000984054,1.65519,0.00307325,0.831831,-0.00263764
-0.00169764,-1.03852,-0.000982267,1.65503,0.00306541,0.832124,-0.00263084
-0.00169319,-1.03866,-0.000980292,1.65485,0.00305676,0.832446,-0.00262335
-0.00168932,-1.03879,-0.000978571,1.65469,0.00304924,0.832727,-0.00261683
-0.00168552,-1.03891,-0.000976879,1.65453,0.00304186,0.833002,-0.00261043
-0.00168188,-1.03902,-0.00097526,1.65438,0.00303481,0.833264,-0.00260432
-0.00167782,-1.03915,-0.000973447,1.65422,0.00302693,0.833558,-0.0025975
-0.00167375,-1.03928,-0.000971628,1.65405,0.00301903,0.833852,-0.00259066
-0.00166994,-1.0394,-0.000969922,1.6539,0.00301164,0.834127,-0.00258426
-0.00166624,-1.03951,-0.000968265,1.65375,0.00300448,0.834394,-0.00257805
-0.00166266,-1.03963,-0.000966659,1.6536,0.00299754,0.834652,-0.00257205
-0.00165905,-1.03974,-0.000965035,1.65346,0.00299054,0.834912,-0.00256599
-0.00165506,-1.03987,-0.000963245,1.6533,0.00298284,0.835198,-0.00255932
-0.00165147,-1.03998,-0.000961625,1.65315,0.00297588,0.835457,-0.0025533
-0.00164804,-1.04009,-0.000960081,1.65302,0.00296926,0.835703,-0.00254757
-0.00164456,-1.0402,-0.000958507,1.65288,0.00296252,0.835953,-0.00254174
-0.00164106,-1.04031,-0.000956926,1.65274,0.00295576,0.836204,-0.00253589
-0.00163766,-1.04042,-0.000955388,1.6526,0.00294919,0.836448,-0.00253021
-0.00163387,-1.04054,-0.000953668,1.65245,0.00294186,0.83672,-0.00252387
-0.00163061,-1.04065,-0.000952189,1.65232,0.00293557,0.836953,-0.00251843
-0.00162732,-1.04075,-0.000950695,1.65219,0.00292922,0.837188,-0.00251294
-0.00162396,-1.04086,-0.000949167,1.65206,0.00292274,0.837429,-0.00250733
-0.00162086,-1.04096,-0.000947757,1.65194,0.00291677,0.83765,-0.00250217
-0.00161722,-1.04108,-0.000946098,1.6518,0.00290975,0.83791,-0.0024961
-0.00161364,-1.04119,-0.000944465,1.65166,0.00290285,0.838165,-0.00249014
-0.00161059,-1.04129,-0.00094307,1.65154,0.00289697,0.838383,-0.00248505
-0.00160726,-1.0414,-0.000941545,1.65141,0.00289055,0.838621,-0.0024795
-0.0016041,-1.0415,-0.0009401,1.65128,0.00288447,0.838846,-0.00247425
-0.00160109,-1.0416,-0.000938721,1.65117,0.00287868,0.83906,-0.00246924
-0.00159786,-1.04171,-0.000937237,1.65104,0.00287246,0.83929,-0.00246387
-0.00159486,-1.0418,-0.000935857,1.65093,0.00286668,0.839504,-0.00245887
-0.00159182,-1.0419,-0.000934462,1.65081,0.00286084,0.839719,-0.00245383
-0.00158909,-1.04199,-0.000933205,1.6507,0.00285559,0.839913,-0.0024493
-0.00158642,-1.04208,-0.000931973,1.6506,0.00285045,0.840103,-0.00244486
-0.00158389,-1.04216,-0.000930806,1.6505,0.00284559,0.840283,-0.00244066
-0.00158113,-1.04225,-0.000929532,1.6504,0.00284029,0.840479,-0.00243608
-0.00157802,-1.04235,-0.000928094,1.65028,0.00283431,0.840699,-0.00243092
-0.00157553,-1.04243,-0.000926944,1.65018,0.00282954,0.840875,-0.00242679
-0.00157271,-1.04252,-0.000925638,1.65008,0.00282412,0.841075,-0.00242212
-0.00157007,-1.04261,-0.000924415,1.64998,0.00281906,0.841262,-0.00241774
-0.00156722,-1.0427,-0.000923093,1.64987,0.00281358,0.841464,-0.00241302
-0.00156432,-1.0428,-0.000921748,1.64976,0.00280803,0.841669,-0.00240823
-0.00156198,-1.04288,-0.000920661,1.64967,0.00280354,0.841834,-0.00240435
-0.00155938,-1.04296,-0.00091945,1.64957,0.00279855,0.842018,-0.00240004
-0.00155693,-1.04304,-0.000918311,1.64948,0.00279386,0.842191,-0.00239599
-0.0015543,-1.04313,-0.000917083,1.64938,0.00278881,0.842377,-0.00239164
-0.00155193,-1.04321,-0.000915981,1.64929,0.00278428,0.842544,-0.00238773
-0.00154964,-1.04328,-0.000914912,1.6492,0.00277989,0.842705,-0.00238394
-0.00154731,-1.04336,-0.000913822,1.64912,0.00277542,0.84287,-0.00238008
-0.00154509,-1.04343,-0.000912787,1.64903,0.00277118,0.843026,-0.00237643
-0.00154305,-1.0435,-0.000911829,1.64896,0.00276726,0.84317,-0.00237304
-0.0015408,-1.04358,-0.00091078,1.64887,0.00276297,0.843328,-0.00236934
-0.00153856,-1.04365,-0.000909729,1.64879,0.00275868,0.843486,-0.00236564
-0.00153618,-1.04373,-0.000908614,1.6487,0.00275413,0.843653,-0.00236171
-0.00153409,-1.0438,-0.000907632,1.64862,0.00275012,0.8438,-0.00235826
-0.00153184,-1.04387,-0.000906575,1.64854,0.00274582,0.843958,-0.00235455
-0.00152995,-1.04394,-0.000905687,1.64847,0.0027422,0.844091,-0.00235143
-0.00152791,-1.044,-0.000904729,1.64839,0.00273831,0.844234,-0.00234807
-0.00152593,-1.04407,-0.000903799,1.64832,0.00273453,0.844373,-0.00234481
-0.00152407,-1.04413,-0.000902925,1.64825,0.00273098,0.844504,-0.00234175
-0.00152207,-1.0442,-0.000901981,1.64818,0.00272715,0.844644,-0.00233845
-0.00152015,-1.04426,-0.000901074,1.64811,0.00272348,0.844779,-0.00233528
-0.00151838,-1.04432,-0.000900241,1.64804,0.0027201,0.844903,-0.00233238
-0.00151667,-1.04438,-0.000899433,1.64798,0.00271684,0.845023,-0.00232956
-0.00151495,-1.04443,-0.000898622,1.64792,0.00271356,0.845143,-0.00232673
-0.00151304,-1.0445,-0.000897719,1.64785,0.00270991,0.845277,-0.00232359
-0.00151137,-1.04455,-0.000896932,1.64779,0.00270673,0.845394,-0.00232085
-0.00150957,-1.04461,-0.000896077,1.64772,0.00270328,0.84552,-0.00231787
-0.00150789,-1.04467,-0.000895281,1.64766,0.00270007,0.845638,-0.00231511
-0.00150635,-1.04472,-0.000894556,1.6476,0.00269715,0.845745,-0.00231259
-0.00150487,-1.04477,-0.000893855,1.64755,0.00269433,0.845849,-0.00231016
-0.00150341,-1.04482,-0.00089316,1.6475,0.00269153,0.845951,-0.00230775
-0.00150185,-1.04487,-0.000892423,1.64744,0.00268857,0.84606,-0.00230519
-0.00150045,-1.04492,-0.000891758,1.64739,0.0026859,0.846158,-0.00230289
-0.00149895,-1.04497,-0.000891046,1.64733,0.00268304,0.846263,-0.00230043
-0.00149749,-1.04502,-0.000890349,1.64728,0.00268024,0.846365,-0.00229802
-0.00149609,-1.04507,-0.000889685,1.64723,0.00267758,0.846463,-0.00229572
-0.00149485,-1.04511,-0.000889094,1.64719,0.00267521,0.846549,-0.00229368
-0.00149363,-1.04515,-0.000888514,1.64714,0.00267289,0.846634,-0.00229168
-0.00149239,-1.04519,-0.000887928,1.6471,0.00267054,0.84672,-0.00228966
-0.00149098,-1.04524,-0.000887255,1.64705,0.00266784,0.846819,-0.00228734
-0.00148968,-1.04528,-0.000886634,1.647,0.00266536,0.84691,-0.0022852
-0.00148867,-1.04532,-0.000886155,1.64696,0.00266345,0.84698,-0.00228355
-0.0014876,-1.04535,-0.000885645,1.64692,0.00266141,0.847055,-0.00228179
-0.00148659,-1.04539,-0.000885165,1.64689,0.00265949,0.847125,-0.00228014
-0.00148567,-1.04542,-0.000884726,1.64686,0.00265774,0.847189,-0.00227863
-0.0014848,-1.04545,-0.000884309,1.64682,0.00265607,0.84725,-0.0022772
-0.00148394,-1.04548,-0.000883897,1.64679,0.00265443,0.84731,-0.00227578
-0.00148305,-1.04551,-0.000883474,1.64676,0.00265274,0.847372,-0.00227433
-0.00148229,-1.04553,-0.00088311,1.64673,0.00265129,0.847425,-0.00227308
-0.0014816,-1.04556,-0.000882784,1.64671,0.00265,0.847472,-0.00227196
-0.00148085,-1.04558,-0.000882426,1.64668,0.00264857,0.847525,-0.00227073
-0.00148018,-1.0456,-0.000882104,1.64666,0.00264729,0.847571,-0.00226963
-0.00147948,-1.04563,-0.000881771,1.64663,0.00264596,0.84762,-0.00226849
-0.0014789,-1.04565,-0.000881491,1.64661,0.00264485,0.847661,-0.00226753
-0.00147833,-1.04567,-0.000881222,1.64659,0.00264377,0.8477,-0.0022666
-0.00147782,-1.04568,-0.000880975,1.64657,0.00264279,0.847736,-0.00226576
-0.00147712,-1.04571,-0.00088064,1.64655,0.00264146,0.847785,-0.00226461
-0.00147665,-1.04572,-0.000880416,1.64653,0.00264057,0.847817,-0.00226385
-0.00147625,-1.04574,-0.000880224,1.64652,0.00263981,0.847845,-0.00226319
-0.0014759,-1.04575,-0.000880058,1.64651,0.00263914,0.847869,-0.00226262
-0.00147557,-1.04576,-0.000879901,1.64649,0.00263852,0.847892,-0.00226208
-0.00147527,-1.04577,-0.000879756,1.64648,0.00263794,0.847913,-0.00226158
-0.0014748,-1.04579,-0.000879529,1.64647,0.00263704,0.847946,-0.00226081
-0.00147463,-1.04579,-0.000879449,1.64646,0.00263673,0.847958,-0.00226054
-0.0014745,-1.0458,-0.000879389,1.64646,0.00263649,0.847966,-0.00226033
-0.00147441,-1.0458,-0.000879343,1.64645,0.0026363,0.847973,-0.00226017
-0.00147435,-1.0458,-0.000879315,1.64645,0.00263619,0.847977,-0.00226008
-0.00147433,-1.0458,-0.000879304,1.64645,0.00263615,0.847979,-0.00226004
-0.00147434,-1.0458,-0.00087931,1.64645,0.00263617,0.847978,-0.00226006
